ISO-10303-21;
HEADER;
/* Generated by software containing ST-Developer
 * from STEP Tools, Inc. (www.steptools.com) 
 */
/* OPTION: using custom renumber hook */

FILE_DESCRIPTION(
/* description */ ('STEP AP242',
'CAx-IF Rec.Pracs.---Representation and Presentation of Product Manufa
cturing Information (PMI)---4.0---2014-10-13',
'CAx-IF Rec.Pracs.---3D Tessellated Geometry---0.4---2014-09-14','2;1'),

/* implementation_level */ '2;1');

FILE_NAME(
/* name */ 'LWR50F-13-05-A',
/* time_stamp */ '2026-08-04T15:56:28+02:00',
/* author */ ('License CC BY-ND 4.0'),
/* organization */ ('CADENAS'),
/* preprocessor_version */ 'ST-DEVELOPER v20',
/* originating_system */ 'PARTsolutions',
/* authorisation */ '  ');

FILE_SCHEMA (('AP242_MANAGED_MODEL_BASED_3D_ENGINEERING_MIM_LF { 1 0 10303 442 1 1 4 }'));
ENDSEC;

DATA;
#10=DEGENERATE_TOROIDAL_SURFACE('',#13840,0.05,0.45,.T.);
#11=DEGENERATE_TOROIDAL_SURFACE('',#13841,0.05,0.45,.T.);
#12=DEGENERATE_TOROIDAL_SURFACE('',#13842,0.05,0.45,.T.);
#13=DEGENERATE_TOROIDAL_SURFACE('',#13843,0.05,0.45,.T.);
#14=DEGENERATE_TOROIDAL_SURFACE('',#13844,0.05,0.45,.T.);
#15=DEGENERATE_TOROIDAL_SURFACE('',#13845,0.05,0.45,.T.);
#16=DEGENERATE_TOROIDAL_SURFACE('',#13846,0.05,0.45,.T.);
#17=CONTEXT_DEPENDENT_SHAPE_REPRESENTATION(#49,#20473);
#18=CONTEXT_DEPENDENT_SHAPE_REPRESENTATION(#50,#20475);
#19=CONTEXT_DEPENDENT_SHAPE_REPRESENTATION(#51,#20477);
#20=CONTEXT_DEPENDENT_SHAPE_REPRESENTATION(#52,#20479);
#21=CONTEXT_DEPENDENT_SHAPE_REPRESENTATION(#53,#20480);
#22=CONTEXT_DEPENDENT_SHAPE_REPRESENTATION(#54,#20482);
#23=CONTEXT_DEPENDENT_SHAPE_REPRESENTATION(#55,#20484);
#24=CONTEXT_DEPENDENT_SHAPE_REPRESENTATION(#56,#20486);
#25=CONTEXT_DEPENDENT_SHAPE_REPRESENTATION(#57,#20487);
#26=CONTEXT_DEPENDENT_SHAPE_REPRESENTATION(#58,#20488);
#27=CONTEXT_DEPENDENT_SHAPE_REPRESENTATION(#59,#20489);
#28=CONTEXT_DEPENDENT_SHAPE_REPRESENTATION(#60,#20491);
#29=CONTEXT_DEPENDENT_SHAPE_REPRESENTATION(#61,#20493);
#30=CONTEXT_DEPENDENT_SHAPE_REPRESENTATION(#62,#20494);
#31=CONTEXT_DEPENDENT_SHAPE_REPRESENTATION(#63,#20495);
#32=CONTEXT_DEPENDENT_SHAPE_REPRESENTATION(#64,#20497);
#33=NEXT_ASSEMBLY_USAGE_OCCURRENCE('NAUO1','ZMOD121401','ZMOD121401',#20498,
#20499,'');
#34=NEXT_ASSEMBLY_USAGE_OCCURRENCE('NAUO2','ZMOD115341','ZMOD115341',#20498,
#20500,'');
#35=NEXT_ASSEMBLY_USAGE_OCCURRENCE('NAUO3','ZELE125596','ZELE125596',#20498,
#20501,'');
#36=NEXT_ASSEMBLY_USAGE_OCCURRENCE('NAUO4','120845','120845',#20498,#20502,
'');
#37=NEXT_ASSEMBLY_USAGE_OCCURRENCE('NAUO5','120845','120845',#20498,#20502,
'');
#38=NEXT_ASSEMBLY_USAGE_OCCURRENCE('NAUO6','GewindestiftDIN913-3x3x0.5',
'GewindestiftDIN913-3x3x0.5',#20498,#20503,'');
#39=NEXT_ASSEMBLY_USAGE_OCCURRENCE('NAUO7',
'ZylinderschraubeDIN912-6x20x11','ZylinderschraubeDIN912-6x20x11',#20498,
#20504,'');
#40=NEXT_ASSEMBLY_USAGE_OCCURRENCE('NAUO8','ZylinderstiftDIN6325-6x18',
'ZylinderstiftDIN6325-6x18',#20498,#20505,'');
#41=NEXT_ASSEMBLY_USAGE_OCCURRENCE('NAUO9',
'ZylinderschraubeDIN912-6x20x11','ZylinderschraubeDIN912-6x20x11',#20498,
#20504,'');
#42=NEXT_ASSEMBLY_USAGE_OCCURRENCE('NAUO10',
'ZylinderschraubeDIN912-6x20x11','ZylinderschraubeDIN912-6x20x11',#20498,
#20504,'');
#43=NEXT_ASSEMBLY_USAGE_OCCURRENCE('NAUO11',
'ZylinderschraubeDIN912-6x20x11','ZylinderschraubeDIN912-6x20x11',#20498,
#20504,'');
#44=NEXT_ASSEMBLY_USAGE_OCCURRENCE('NAUO12',
'GewindestiftDIN913-4x4x0.7','GewindestiftDIN913-4x4x0.7',#20498,#20506,
'');
#45=NEXT_ASSEMBLY_USAGE_OCCURRENCE('NAUO13','ZUB123084','ZUB123084',#20498,
#20507,'');
#46=NEXT_ASSEMBLY_USAGE_OCCURRENCE('NAUO14',
'GewindestiftDIN913-4x4x0.7','GewindestiftDIN913-4x4x0.7',#20498,#20506,
'');
#47=NEXT_ASSEMBLY_USAGE_OCCURRENCE('NAUO15','ZUB123084','ZUB123084',#20498,
#20507,'');
#48=NEXT_ASSEMBLY_USAGE_OCCURRENCE('NAUO16','113987','113987',#20498,#20508,
'');
#49=(
REPRESENTATION_RELATIONSHIP(' ',' ',#12824,#12823)
REPRESENTATION_RELATIONSHIP_WITH_TRANSFORMATION(#65)
SHAPE_REPRESENTATION_RELATIONSHIP()
);
#50=(
REPRESENTATION_RELATIONSHIP(' ',' ',#12825,#12823)
REPRESENTATION_RELATIONSHIP_WITH_TRANSFORMATION(#66)
SHAPE_REPRESENTATION_RELATIONSHIP()
);
#51=(
REPRESENTATION_RELATIONSHIP(' ',' ',#12826,#12823)
REPRESENTATION_RELATIONSHIP_WITH_TRANSFORMATION(#67)
SHAPE_REPRESENTATION_RELATIONSHIP()
);
#52=(
REPRESENTATION_RELATIONSHIP(' ',' ',#12827,#12823)
REPRESENTATION_RELATIONSHIP_WITH_TRANSFORMATION(#68)
SHAPE_REPRESENTATION_RELATIONSHIP()
);
#53=(
REPRESENTATION_RELATIONSHIP(' ',' ',#12827,#12823)
REPRESENTATION_RELATIONSHIP_WITH_TRANSFORMATION(#69)
SHAPE_REPRESENTATION_RELATIONSHIP()
);
#54=(
REPRESENTATION_RELATIONSHIP(' ',' ',#12828,#12823)
REPRESENTATION_RELATIONSHIP_WITH_TRANSFORMATION(#70)
SHAPE_REPRESENTATION_RELATIONSHIP()
);
#55=(
REPRESENTATION_RELATIONSHIP(' ',' ',#12829,#12823)
REPRESENTATION_RELATIONSHIP_WITH_TRANSFORMATION(#71)
SHAPE_REPRESENTATION_RELATIONSHIP()
);
#56=(
REPRESENTATION_RELATIONSHIP(' ',' ',#12830,#12823)
REPRESENTATION_RELATIONSHIP_WITH_TRANSFORMATION(#72)
SHAPE_REPRESENTATION_RELATIONSHIP()
);
#57=(
REPRESENTATION_RELATIONSHIP(' ',' ',#12829,#12823)
REPRESENTATION_RELATIONSHIP_WITH_TRANSFORMATION(#73)
SHAPE_REPRESENTATION_RELATIONSHIP()
);
#58=(
REPRESENTATION_RELATIONSHIP(' ',' ',#12829,#12823)
REPRESENTATION_RELATIONSHIP_WITH_TRANSFORMATION(#74)
SHAPE_REPRESENTATION_RELATIONSHIP()
);
#59=(
REPRESENTATION_RELATIONSHIP(' ',' ',#12829,#12823)
REPRESENTATION_RELATIONSHIP_WITH_TRANSFORMATION(#75)
SHAPE_REPRESENTATION_RELATIONSHIP()
);
#60=(
REPRESENTATION_RELATIONSHIP(' ',' ',#12831,#12823)
REPRESENTATION_RELATIONSHIP_WITH_TRANSFORMATION(#76)
SHAPE_REPRESENTATION_RELATIONSHIP()
);
#61=(
REPRESENTATION_RELATIONSHIP(' ',' ',#12832,#12823)
REPRESENTATION_RELATIONSHIP_WITH_TRANSFORMATION(#77)
SHAPE_REPRESENTATION_RELATIONSHIP()
);
#62=(
REPRESENTATION_RELATIONSHIP(' ',' ',#12831,#12823)
REPRESENTATION_RELATIONSHIP_WITH_TRANSFORMATION(#78)
SHAPE_REPRESENTATION_RELATIONSHIP()
);
#63=(
REPRESENTATION_RELATIONSHIP(' ',' ',#12832,#12823)
REPRESENTATION_RELATIONSHIP_WITH_TRANSFORMATION(#79)
SHAPE_REPRESENTATION_RELATIONSHIP()
);
#64=(
REPRESENTATION_RELATIONSHIP(' ',' ',#12833,#12823)
REPRESENTATION_RELATIONSHIP_WITH_TRANSFORMATION(#80)
SHAPE_REPRESENTATION_RELATIONSHIP()
);
#65=ITEM_DEFINED_TRANSFORMATION(' ',' ',#12834,#13564);
#66=ITEM_DEFINED_TRANSFORMATION(' ',' ',#12834,#13601);
#67=ITEM_DEFINED_TRANSFORMATION(' ',' ',#12834,#13847);
#68=ITEM_DEFINED_TRANSFORMATION(' ',' ',#12834,#13878);
#69=ITEM_DEFINED_TRANSFORMATION(' ',' ',#12834,#13879);
#70=ITEM_DEFINED_TRANSFORMATION(' ',' ',#12834,#13908);
#71=ITEM_DEFINED_TRANSFORMATION(' ',' ',#12834,#13937);
#72=ITEM_DEFINED_TRANSFORMATION(' ',' ',#12834,#13951);
#73=ITEM_DEFINED_TRANSFORMATION(' ',' ',#12834,#13952);
#74=ITEM_DEFINED_TRANSFORMATION(' ',' ',#12834,#13953);
#75=ITEM_DEFINED_TRANSFORMATION(' ',' ',#12834,#13954);
#76=ITEM_DEFINED_TRANSFORMATION(' ',' ',#12834,#13983);
#77=ITEM_DEFINED_TRANSFORMATION(' ',' ',#12834,#14029);
#78=ITEM_DEFINED_TRANSFORMATION(' ',' ',#12834,#14030);
#79=ITEM_DEFINED_TRANSFORMATION(' ',' ',#12834,#14031);
#80=ITEM_DEFINED_TRANSFORMATION(' ',' ',#12834,#14096);
#81=SHAPE_REPRESENTATION_RELATIONSHIP('','',#12824,#91);
#82=SHAPE_REPRESENTATION_RELATIONSHIP('','',#12825,#92);
#83=SHAPE_REPRESENTATION_RELATIONSHIP('','',#12826,#93);
#84=SHAPE_REPRESENTATION_RELATIONSHIP('','',#12827,#94);
#85=SHAPE_REPRESENTATION_RELATIONSHIP('','',#12828,#95);
#86=SHAPE_REPRESENTATION_RELATIONSHIP('','',#12829,#96);
#87=SHAPE_REPRESENTATION_RELATIONSHIP('','',#12830,#97);
#88=SHAPE_REPRESENTATION_RELATIONSHIP('','',#12831,#98);
#89=SHAPE_REPRESENTATION_RELATIONSHIP('','',#12832,#99);
#90=SHAPE_REPRESENTATION_RELATIONSHIP('','',#12833,#100);
#91=ADVANCED_BREP_SHAPE_REPRESENTATION('',(#12802),#20447);
#92=ADVANCED_BREP_SHAPE_REPRESENTATION('',(#12803),#20448);
#93=ADVANCED_BREP_SHAPE_REPRESENTATION('',(#12804),#20449);
#94=ADVANCED_BREP_SHAPE_REPRESENTATION('',(#12805),#20450);
#95=ADVANCED_BREP_SHAPE_REPRESENTATION('',(#12806),#20451);
#96=ADVANCED_BREP_SHAPE_REPRESENTATION('',(#12807),#20452);
#97=ADVANCED_BREP_SHAPE_REPRESENTATION('',(#12808),#20453);
#98=ADVANCED_BREP_SHAPE_REPRESENTATION('',(#12809),#20454);
#99=ADVANCED_BREP_SHAPE_REPRESENTATION('',(#12810),#20455);
#100=ADVANCED_BREP_SHAPE_REPRESENTATION('',(#12811),#20456);
#101=SPHERICAL_SURFACE('',#13524,8.50000000000026);
#102=SPHERICAL_SURFACE('',#13678,2.25);
#103=SPHERICAL_SURFACE('',#13679,2.25);
#104=SPHERICAL_SURFACE('',#13723,4.75);
#105=SPHERICAL_SURFACE('',#13938,6.00000000000005);
#106=SPHERICAL_SURFACE('',#13945,6.00000000000002);
#107=TOROIDAL_SURFACE('',#12960,1.49999999999999,0.5);
#108=TOROIDAL_SURFACE('',#12962,33.75,0.5);
#109=TOROIDAL_SURFACE('',#12966,1.49999999999999,0.5);
#110=TOROIDAL_SURFACE('',#12967,1.5,0.5);
#111=TOROIDAL_SURFACE('',#12969,33.75,0.5);
#112=TOROIDAL_SURFACE('',#12973,1.5,0.5);
#113=TOROIDAL_SURFACE('',#13017,33.3,0.499999999999973);
#114=TOROIDAL_SURFACE('',#13020,33.3,0.499999999999973);
#115=TOROIDAL_SURFACE('',#13027,31.4429927963089,0.50000000000019);
#116=TOROIDAL_SURFACE('',#13031,30.75,0.250000000000022);
#117=TOROIDAL_SURFACE('',#13033,31.4429927963089,0.50000000000019);
#118=TOROIDAL_SURFACE('',#13037,30.75,0.250000000000022);
#119=TOROIDAL_SURFACE('',#13087,4.57911602220967,1.00000000000001);
#120=TOROIDAL_SURFACE('',#13091,5.5,3.);
#121=TOROIDAL_SURFACE('',#13100,4.58753499508783,1.00000000000005);
#122=TOROIDAL_SURFACE('',#13104,4.99999999999995,2.99999999999995);
#123=TOROIDAL_SURFACE('',#13405,5.125,0.374999999999999);
#124=TOROIDAL_SURFACE('',#13409,5.125,0.374999999999999);
#125=TOROIDAL_SURFACE('',#13413,4.30000000000001,0.300000000000005);
#126=TOROIDAL_SURFACE('',#13424,5.125,0.375);
#127=TOROIDAL_SURFACE('',#13428,5.125,0.375);
#128=TOROIDAL_SURFACE('',#13432,4.3,0.300000000000002);
#129=TOROIDAL_SURFACE('',#13444,3.3,0.300000000000002);
#130=TOROIDAL_SURFACE('',#13452,3.30000000000001,0.300000000000005);
#131=TOROIDAL_SURFACE('',#13453,4.75000000000001,0.75);
#132=TOROIDAL_SURFACE('',#13457,4.75000000000001,0.75);
#133=TOROIDAL_SURFACE('',#13458,4.75,0.749999999999999);
#134=TOROIDAL_SURFACE('',#13462,4.75,0.750000000000001);
#135=TOROIDAL_SURFACE('',#13463,3.75,0.750000000000001);
#136=TOROIDAL_SURFACE('',#13465,3.75,0.749999999999995);
#137=TOROIDAL_SURFACE('',#13468,3.75,0.750000000000001);
#138=TOROIDAL_SURFACE('',#13470,3.75,0.749999999999999);
#139=TOROIDAL_SURFACE('',#13522,2.72763633939716,1.00000000000001);
#140=TOROIDAL_SURFACE('',#13572,3.05,0.500000000000001);
#141=TOROIDAL_SURFACE('',#13688,3.55000000000023,0.200000000000211);
#142=TOROIDAL_SURFACE('',#13692,2.75000000000027,1.99999999999977);
#143=TOROIDAL_SURFACE('',#13701,4.94999999999998,0.0500000000000257);
#144=TOROIDAL_SURFACE('',#13740,3.25,0.249999999999986);
#145=TOROIDAL_SURFACE('',#13744,3.25,0.25);
#146=TOROIDAL_SURFACE('',#13748,3.25,0.25);
#147=TOROIDAL_SURFACE('',#13789,3.08120331250164,0.200000000000003);
#148=TOROIDAL_SURFACE('',#13911,4.4,0.599999999999997);
#149=TOROIDAL_SURFACE('',#13917,3.4,0.25);
#150=TOROIDAL_SURFACE('',#13921,3.25000000000003,0.250000000000026);
#151=VERTEX_LOOP('',#5422);
#152=VERTEX_LOOP('',#5435);
#153=VERTEX_LOOP('',#5916);
#154=VERTEX_LOOP('',#5937);
#155=VERTEX_LOOP('',#5940);
#156=VERTEX_LOOP('',#6146);
#157=VERTEX_LOOP('',#6185);
#158=VERTEX_LOOP('',#6301);
#159=VERTEX_LOOP('',#6303);
#160=CONICAL_SURFACE('',#12853,3.,1.02974425867665);
#161=CONICAL_SURFACE('',#12862,3.,1.02974425867665);
#162=CONICAL_SURFACE('',#12976,11.4,0.785398163397214);
#163=CONICAL_SURFACE('',#12978,11.5,0.78539816339744);
#164=CONICAL_SURFACE('',#12982,15.25,0.785398163397448);
#165=CONICAL_SURFACE('',#12997,37.,0.785398163397448);
#166=CONICAL_SURFACE('',#12998,37.5,0.785398163397448);
#167=CONICAL_SURFACE('',#13023,33.4294095225513,1.30899693899573);
#168=CONICAL_SURFACE('',#13025,33.4294095225513,1.30899693899573);
#169=CONICAL_SURFACE('',#13029,31.1929927963088,1.04719755119667);
#170=CONICAL_SURFACE('',#13035,31.1929927963088,1.04719755119667);
#171=CONICAL_SURFACE('',#13038,34.25,0.785398163397448);
#172=CONICAL_SURFACE('',#13039,2.,0.785398163397447);
#173=CONICAL_SURFACE('',#13040,2.,0.785398163397447);
#174=CONICAL_SURFACE('',#13041,1.5,0.785398163397449);
#175=CONICAL_SURFACE('',#13042,1.5,0.78539816339745);
#176=CONICAL_SURFACE('',#13043,30.5000000000002,0.785398163397448);
#177=CONICAL_SURFACE('',#13044,30.5000000000002,0.785398163397448);
#178=CONICAL_SURFACE('',#13045,1.50000000000002,0.785398163397448);
#179=CONICAL_SURFACE('',#13046,1.49999999999999,0.78539816339745);
#180=CONICAL_SURFACE('',#13047,1.99999999999999,0.785398163397447);
#181=CONICAL_SURFACE('',#13048,1.99999999999999,0.785398163397446);
#182=CONICAL_SURFACE('',#13049,34.25,0.785398163397448);
#183=CONICAL_SURFACE('',#13075,29.,0.261799387798831);
#184=CONICAL_SURFACE('',#13077,29.0267949192431,0.261799387799251);
#185=CONICAL_SURFACE('',#13078,29.,0.261799387799251);
#186=CONICAL_SURFACE('',#13080,28.9732050807569,0.261799387798831);
#187=CONICAL_SURFACE('',#13081,4.6,0.785398163397448);
#188=CONICAL_SURFACE('',#13083,4.50000000000004,0.785398163397448);
#189=CONICAL_SURFACE('',#13089,3.71309061427019,0.523598775598299);
#190=CONICAL_SURFACE('',#13095,2.5,0.785398163397448);
#191=CONICAL_SURFACE('',#13102,3.72150957215177,0.523598775598291);
#192=CONICAL_SURFACE('',#13108,2.,0.785398163397445);
#193=CONICAL_SURFACE('',#13113,3.19999999999999,0.785398163397456);
#194=CONICAL_SURFACE('',#13116,3.19999999999999,0.785398163397456);
#195=CONICAL_SURFACE('',#13119,3.19999999999999,0.785398163397456);
#196=CONICAL_SURFACE('',#13122,3.19999999999999,0.785398163397456);
#197=CONICAL_SURFACE('',#13399,5.43301270189222,0.523598775598299);
#198=CONICAL_SURFACE('',#13417,4.,1.02974425867665);
#199=CONICAL_SURFACE('',#13418,5.43301270189222,0.523598775598299);
#200=CONICAL_SURFACE('',#13436,4.,1.02974425867665);
#201=CONICAL_SURFACE('',#13437,4.43301270189221,0.523598775598294);
#202=CONICAL_SURFACE('',#13445,4.43301270189222,0.523598775598298);
#203=CONICAL_SURFACE('',#13473,3.5,0.785398163397449);
#204=CONICAL_SURFACE('',#13478,9.,0.785398163397449);
#205=CONICAL_SURFACE('',#13489,2.9585,1.02974425867665);
#206=CONICAL_SURFACE('',#13493,3.5,0.785398163397433);
#207=CONICAL_SURFACE('',#13497,2.9585,1.02974425867665);
#208=CONICAL_SURFACE('',#13500,2.9585,1.02974425867665);
#209=CONICAL_SURFACE('',#13504,3.5,0.785398163397433);
#210=CONICAL_SURFACE('',#13508,2.9585,1.02974425867665);
#211=CONICAL_SURFACE('',#13515,1.2295,1.02974425867666);
#212=CONICAL_SURFACE('',#13516,3.50000000000001,0.78539816339745);
#213=CONICAL_SURFACE('',#13518,3.50000000000001,0.785398163397447);
#214=CONICAL_SURFACE('',#13552,1.621,1.02974425867665);
#215=CONICAL_SURFACE('',#13557,0.,1.02974425867666);
#216=CONICAL_SURFACE('',#13565,5.,0.785398163397447);
#217=CONICAL_SURFACE('',#13580,5.35,0.785398163397461);
#218=CONICAL_SURFACE('',#13584,6.,0.785398163397461);
#219=CONICAL_SURFACE('',#13618,4.1,0.0707152232199462);
#220=CONICAL_SURFACE('',#13640,4.70000000000001,0.785398163397466);
#221=CONICAL_SURFACE('',#13642,4.70000000000001,0.785398163397466);
#222=CONICAL_SURFACE('',#13644,4.70000000000001,0.785398163397466);
#223=CONICAL_SURFACE('',#13646,4.70000000000001,0.785398163397466);
#224=CONICAL_SURFACE('',#13648,4.70000000000001,0.785398163397466);
#225=CONICAL_SURFACE('',#13650,4.70000000000001,0.785398163397466);
#226=CONICAL_SURFACE('',#13682,3.35000000000002,0.321750554396644);
#227=CONICAL_SURFACE('',#13690,3.36676853301958,0.412410441597381);
#228=CONICAL_SURFACE('',#13705,5.,0.785398163397437);
#229=CONICAL_SURFACE('',#13711,4.,0.785398163397445);
#230=CONICAL_SURFACE('',#13752,3.24999999999998,0.523598775598312);
#231=CONICAL_SURFACE('',#13765,4.8,1.0471975511966);
#232=CONICAL_SURFACE('',#13771,4.4,1.04719755119659);
#233=CONICAL_SURFACE('',#13775,4.,0.78539816339744);
#234=CONICAL_SURFACE('',#13783,3.35000000000001,0.785398163397466);
#235=CONICAL_SURFACE('',#13787,3.45000000000001,0.157079632679492);
#236=CONICAL_SURFACE('',#13850,2.79999999999999,0.785398163397449);
#237=CONICAL_SURFACE('',#13854,3.5,0.785398163397449);
#238=CONICAL_SURFACE('',#13858,2.,0.785398163397448);
#239=CONICAL_SURFACE('',#13877,1.5,1.02974425867665);
#240=CONICAL_SURFACE('',#13880,0.866025403784439,1.0471975511966);
#241=CONICAL_SURFACE('',#13882,0.866025403784439,1.0471975511966);
#242=CONICAL_SURFACE('',#13884,0.866025403784439,1.0471975511966);
#243=CONICAL_SURFACE('',#13886,0.866025403784439,1.0471975511966);
#244=CONICAL_SURFACE('',#13888,0.866025403784439,1.0471975511966);
#245=CONICAL_SURFACE('',#13890,0.866025403784439,1.0471975511966);
#246=CONICAL_SURFACE('',#13894,1.,0.785398163397448);
#247=CONICAL_SURFACE('',#13898,1.5,1.0471975511966);
#248=CONICAL_SURFACE('',#13919,3.16394995463856,0.335638550327609);
#249=CONICAL_SURFACE('',#13925,3.,0.785398163397446);
#250=CONICAL_SURFACE('',#13936,6.50521303491303E-16,1.0471975511966);
#251=CONICAL_SURFACE('',#13941,2.59807621135332,0.26179938779915);
#252=CONICAL_SURFACE('',#13955,1.15470053837925,1.0471975511966);
#253=CONICAL_SURFACE('',#13957,1.15470053837925,1.0471975511966);
#254=CONICAL_SURFACE('',#13959,1.15470053837925,1.0471975511966);
#255=CONICAL_SURFACE('',#13961,1.15470053837925,1.0471975511966);
#256=CONICAL_SURFACE('',#13963,1.15470053837925,1.0471975511966);
#257=CONICAL_SURFACE('',#13965,1.15470053837925,1.0471975511966);
#258=CONICAL_SURFACE('',#13969,1.25,0.785398163397448);
#259=CONICAL_SURFACE('',#13973,2.,1.0471975511966);
#260=CONICAL_SURFACE('',#14012,1.535,0.785398163397448);
#261=CONICAL_SURFACE('',#14019,1.5705,0.785398163397449);
#262=CONICAL_SURFACE('',#14036,11.4,0.785398163397218);
#263=CONICAL_SURFACE('',#14038,11.5,0.785398163397444);
#264=CONICAL_SURFACE('',#14042,15.25,0.785398163397448);
#265=CONICAL_SURFACE('',#14053,37.,0.785398163397449);
#266=CONICAL_SURFACE('',#14057,37.5,0.785398163397429);
#267=CONICAL_SURFACE('',#14059,37.4,0.785398163397427);
#268=CONICAL_SURFACE('',#14063,37.5,0.785398163397449);
#269=CONICAL_SURFACE('',#14077,3.25,0.785398163397447);
#270=CONICAL_SURFACE('',#14080,3.25,0.785398163397447);
#271=CONICAL_SURFACE('',#14083,3.25,0.785398163397447);
#272=CONICAL_SURFACE('',#14086,3.25,0.785398163397447);
#273=CONICAL_SURFACE('',#14087,3.5,0.785398163397449);
#274=CONICAL_SURFACE('',#14090,0.,1.02974425867665);
#275=CONICAL_SURFACE('',#14093,2.16840434497101E-16,1.02974425867665);
#276=PLANE('',#12848);
#277=PLANE('',#12857);
#278=PLANE('',#12875);
#279=PLANE('',#12917);
#280=PLANE('',#12923);
#281=PLANE('',#12928);
#282=PLANE('',#12974);
#283=PLANE('',#12980);
#284=PLANE('',#12986);
#285=PLANE('',#13000);
#286=PLANE('',#13064);
#287=PLANE('',#13067);
#288=PLANE('',#13068);
#289=PLANE('',#13070);
#290=PLANE('',#13073);
#291=PLANE('',#13097);
#292=PLANE('',#13110);
#293=PLANE('',#13123);
#294=PLANE('',#13130);
#295=PLANE('',#13137);
#296=PLANE('',#13144);
#297=PLANE('',#13151);
#298=PLANE('',#13164);
#299=PLANE('',#13171);
#300=PLANE('',#13178);
#301=PLANE('',#13185);
#302=PLANE('',#13193);
#303=PLANE('',#13197);
#304=PLANE('',#13201);
#305=PLANE('',#13205);
#306=PLANE('',#13208);
#307=PLANE('',#13209);
#308=PLANE('',#13210);
#309=PLANE('',#13211);
#310=PLANE('',#13212);
#311=PLANE('',#13213);
#312=PLANE('',#13214);
#313=PLANE('',#13215);
#314=PLANE('',#13216);
#315=PLANE('',#13217);
#316=PLANE('',#13218);
#317=PLANE('',#13219);
#318=PLANE('',#13220);
#319=PLANE('',#13221);
#320=PLANE('',#13222);
#321=PLANE('',#13223);
#322=PLANE('',#13224);
#323=PLANE('',#13225);
#324=PLANE('',#13226);
#325=PLANE('',#13227);
#326=PLANE('',#13228);
#327=PLANE('',#13229);
#328=PLANE('',#13230);
#329=PLANE('',#13231);
#330=PLANE('',#13232);
#331=PLANE('',#13233);
#332=PLANE('',#13234);
#333=PLANE('',#13235);
#334=PLANE('',#13236);
#335=PLANE('',#13237);
#336=PLANE('',#13238);
#337=PLANE('',#13239);
#338=PLANE('',#13240);
#339=PLANE('',#13241);
#340=PLANE('',#13242);
#341=PLANE('',#13243);
#342=PLANE('',#13244);
#343=PLANE('',#13245);
#344=PLANE('',#13246);
#345=PLANE('',#13247);
#346=PLANE('',#13248);
#347=PLANE('',#13249);
#348=PLANE('',#13250);
#349=PLANE('',#13251);
#350=PLANE('',#13252);
#351=PLANE('',#13253);
#352=PLANE('',#13254);
#353=PLANE('',#13255);
#354=PLANE('',#13256);
#355=PLANE('',#13257);
#356=PLANE('',#13258);
#357=PLANE('',#13259);
#358=PLANE('',#13260);
#359=PLANE('',#13261);
#360=PLANE('',#13262);
#361=PLANE('',#13263);
#362=PLANE('',#13264);
#363=PLANE('',#13265);
#364=PLANE('',#13266);
#365=PLANE('',#13267);
#366=PLANE('',#13268);
#367=PLANE('',#13311);
#368=PLANE('',#13312);
#369=PLANE('',#13313);
#370=PLANE('',#13315);
#371=PLANE('',#13317);
#372=PLANE('',#13319);
#373=PLANE('',#13321);
#374=PLANE('',#13323);
#375=PLANE('',#13325);
#376=PLANE('',#13327);
#377=PLANE('',#13329);
#378=PLANE('',#13331);
#379=PLANE('',#13333);
#380=PLANE('',#13335);
#381=PLANE('',#13337);
#382=PLANE('',#13339);
#383=PLANE('',#13343);
#384=PLANE('',#13346);
#385=PLANE('',#13349);
#386=PLANE('',#13352);
#387=PLANE('',#13355);
#388=PLANE('',#13358);
#389=PLANE('',#13361);
#390=PLANE('',#13364);
#391=PLANE('',#13367);
#392=PLANE('',#13370);
#393=PLANE('',#13373);
#394=PLANE('',#13376);
#395=PLANE('',#13379);
#396=PLANE('',#13382);
#397=PLANE('',#13383);
#398=PLANE('',#13386);
#399=PLANE('',#13389);
#400=PLANE('',#13391);
#401=PLANE('',#13394);
#402=PLANE('',#13396);
#403=PLANE('',#13403);
#404=PLANE('',#13411);
#405=PLANE('',#13422);
#406=PLANE('',#13430);
#407=PLANE('',#13441);
#408=PLANE('',#13449);
#409=PLANE('',#13477);
#410=PLANE('',#13482);
#411=PLANE('',#13486);
#412=PLANE('',#13491);
#413=PLANE('',#13502);
#414=PLANE('',#13511);
#415=PLANE('',#13520);
#416=PLANE('',#13525);
#417=PLANE('',#13528);
#418=PLANE('',#13531);
#419=PLANE('',#13532);
#420=PLANE('',#13534);
#421=PLANE('',#13536);
#422=PLANE('',#13540);
#423=PLANE('',#13542);
#424=PLANE('',#13543);
#425=PLANE('',#13545);
#426=PLANE('',#13548);
#427=PLANE('',#13553);
#428=PLANE('',#13554);
#429=PLANE('',#13556);
#430=PLANE('',#13561);
#431=PLANE('',#13568);
#432=PLANE('',#13574);
#433=PLANE('',#13586);
#434=PLANE('',#13591);
#435=PLANE('',#13594);
#436=PLANE('',#13597);
#437=PLANE('',#13600);
#438=PLANE('',#13602);
#439=PLANE('',#13632);
#440=PLANE('',#13677);
#441=PLANE('',#13680);
#442=PLANE('',#13684);
#443=PLANE('',#13696);
#444=PLANE('',#13699);
#445=PLANE('',#13707);
#446=PLANE('',#13715);
#447=PLANE('',#13719);
#448=PLANE('',#13724);
#449=PLANE('',#13725);
#450=PLANE('',#13726);
#451=PLANE('',#13727);
#452=PLANE('',#13728);
#453=PLANE('',#13729);
#454=PLANE('',#13730);
#455=PLANE('',#13731);
#456=PLANE('',#13734);
#457=PLANE('',#13736);
#458=PLANE('',#13754);
#459=PLANE('',#13755);
#460=PLANE('',#13756);
#461=PLANE('',#13757);
#462=PLANE('',#13761);
#463=PLANE('',#13763);
#464=PLANE('',#13767);
#465=PLANE('',#13777);
#466=PLANE('',#13781);
#467=PLANE('',#13791);
#468=PLANE('',#13795);
#469=PLANE('',#13800);
#470=PLANE('',#13801);
#471=PLANE('',#13802);
#472=PLANE('',#13803);
#473=PLANE('',#13804);
#474=PLANE('',#13805);
#475=PLANE('',#13806);
#476=PLANE('',#13807);
#477=PLANE('',#13808);
#478=PLANE('',#13809);
#479=PLANE('',#13810);
#480=PLANE('',#13811);
#481=PLANE('',#13814);
#482=PLANE('',#13818);
#483=PLANE('',#13822);
#484=PLANE('',#13826);
#485=PLANE('',#13830);
#486=PLANE('',#13834);
#487=PLANE('',#13838);
#488=PLANE('',#13848);
#489=PLANE('',#13856);
#490=PLANE('',#13859);
#491=PLANE('',#13860);
#492=PLANE('',#13861);
#493=PLANE('',#13862);
#494=PLANE('',#13863);
#495=PLANE('',#13864);
#496=PLANE('',#13865);
#497=PLANE('',#13867);
#498=PLANE('',#13869);
#499=PLANE('',#13871);
#500=PLANE('',#13873);
#501=PLANE('',#13875);
#502=PLANE('',#13892);
#503=PLANE('',#13900);
#504=PLANE('',#13901);
#505=PLANE('',#13902);
#506=PLANE('',#13903);
#507=PLANE('',#13904);
#508=PLANE('',#13905);
#509=PLANE('',#13906);
#510=PLANE('',#13907);
#511=PLANE('',#13909);
#512=PLANE('',#13915);
#513=PLANE('',#13927);
#514=PLANE('',#13928);
#515=PLANE('',#13930);
#516=PLANE('',#13931);
#517=PLANE('',#13932);
#518=PLANE('',#13933);
#519=PLANE('',#13934);
#520=PLANE('',#13935);
#521=PLANE('',#13946);
#522=PLANE('',#13950);
#523=PLANE('',#13967);
#524=PLANE('',#13975);
#525=PLANE('',#13976);
#526=PLANE('',#13977);
#527=PLANE('',#13978);
#528=PLANE('',#13979);
#529=PLANE('',#13980);
#530=PLANE('',#13981);
#531=PLANE('',#13982);
#532=PLANE('',#13984);
#533=PLANE('',#13985);
#534=PLANE('',#13986);
#535=PLANE('',#13987);
#536=PLANE('',#13988);
#537=PLANE('',#13989);
#538=PLANE('',#13990);
#539=PLANE('',#13991);
#540=PLANE('',#13994);
#541=PLANE('',#13997);
#542=PLANE('',#14001);
#543=PLANE('',#14003);
#544=PLANE('',#14004);
#545=PLANE('',#14005);
#546=PLANE('',#14006);
#547=PLANE('',#14007);
#548=PLANE('',#14008);
#549=PLANE('',#14009);
#550=PLANE('',#14010);
#551=PLANE('',#14011);
#552=PLANE('',#14014);
#553=PLANE('',#14017);
#554=PLANE('',#14022);
#555=PLANE('',#14023);
#556=PLANE('',#14024);
#557=PLANE('',#14025);
#558=PLANE('',#14026);
#559=PLANE('',#14027);
#560=PLANE('',#14028);
#561=PLANE('',#14032);
#562=PLANE('',#14040);
#563=PLANE('',#14046);
#564=PLANE('',#14065);
#565=PLANE('',#14074);
#566=ELLIPSE('',#12841,74.9999999999999,37.5);
#567=ELLIPSE('',#12842,75.,37.5);
#568=ELLIPSE('',#13535,75.0000000000002,37.5);
#569=ELLIPSE('',#13537,75.0000000000001,37.5);
#570=ELLIPSE('',#13623,2.26941516130534,2.25);
#571=ELLIPSE('',#13627,6.71751442127222,4.75000000000002);
#572=ELLIPSE('',#13666,2.26941516130534,2.25);
#573=ELLIPSE('',#13669,8.69333243660162,2.25);
#574=ELLIPSE('',#13670,2.26941516130534,2.25);
#575=ELLIPSE('',#13673,2.26941516130534,2.25);
#576=B_SPLINE_CURVE_WITH_KNOTS('',3,(#17166,#17167,#17168,#17169,#17170,
#17171,#17172,#17173,#17174,#17175,#17176,#17177,#17178,#17179,#17180),
 .UNSPECIFIED.,.T.,.F.,(1,1,1,1,1,1,1,1,1,1,1,1,1,1,1,1,1,1,1),(-0.00515484883943782,
-0.00343656589295855,-0.00171828294647927,0.,0.00343656589295855,0.00687313178591709,
0.00859141473239637,0.0103096976788756,0.0120279806253549,0.0137462635718342,
0.0171828294647927,0.0206193953577513,0.0223376783042306,0.0240559612507098,
0.0257742441971891,0.0274925271436684,0.0309290930366269,0.0343656589295855,
0.0360839418760647),.UNSPECIFIED.);
#577=B_SPLINE_CURVE_WITH_KNOTS('',3,(#17182,#17183,#17184,#17185,#17186,
#17187,#17188,#17189,#17190,#17191,#17192),.UNSPECIFIED.,.T.,.F.,(1,1,1,
1,1,1,1,1,1,1,1,1,1,1,1),(-0.00762342370642562,-0.00508228247095041,-0.00254114123547521,
0.,0.00254114123547521,0.00508228247095041,0.00762342370642562,0.0101645649419008,
0.012705706177376,0.0152468474128512,0.0177879886483264,0.0203291298838017,
0.0228702711192769,0.0254114123547521,0.0279525535902273),.UNSPECIFIED.);
#578=B_SPLINE_CURVE_WITH_KNOTS('',3,(#17194,#17195,#17196,#17197,#17198,
#17199,#17200,#17201,#17202,#17203,#17204,#17205,#17206,#17207,#17208,#17209,
#17210,#17211,#17212),.UNSPECIFIED.,.T.,.F.,(1,1,1,1,1,1,1,1,1,1,1,1,1,
1,1,1,1,1,1,1,1,1,1),(-0.00733951698556675,-0.00489301132371116,-0.00244650566185558,
0.,0.00244650566185558,0.00489301132371117,0.00733951698556675,0.00978602264742233,
0.0122325283092779,0.0146790339711335,0.0171255396329891,0.0195720452948447,
0.0220185509567003,0.0244650566185558,0.0269115622804114,0.029358067942267,
0.0318045736041226,0.0342510792659782,0.0366975849278338,0.0391440905896893,
0.0415905962515449,0.0440371019134005,0.0464836075752561),.UNSPECIFIED.);
#579=B_SPLINE_CURVE_WITH_KNOTS('',3,(#17214,#17215,#17216,#17217,#17218,
#17219,#17220,#17221,#17222,#17223,#17224,#17225,#17226,#17227,#17228,#17229,
#17230,#17231,#17232),.UNSPECIFIED.,.T.,.F.,(1,1,1,1,1,1,1,1,1,1,1,1,1,
1,1,1,1,1,1,1,1,1,1),(-0.00733951698556675,-0.00489301132371116,-0.00244650566185558,
0.,0.00244650566185558,0.00489301132371117,0.00733951698556675,0.00978602264742233,
0.0122325283092779,0.0146790339711335,0.0171255396329891,0.0195720452948447,
0.0220185509567003,0.0244650566185558,0.0269115622804114,0.029358067942267,
0.0318045736041226,0.0342510792659782,0.0366975849278338,0.0391440905896893,
0.0415905962515449,0.0440371019134005,0.0464836075752561),.UNSPECIFIED.);
#580=B_SPLINE_CURVE_WITH_KNOTS('',3,(#17234,#17235,#17236,#17237,#17238,
#17239,#17240,#17241,#17242,#17243,#17244,#17245,#17246,#17247,#17248,#17249,
#17250),.UNSPECIFIED.,.T.,.F.,(1,1,1,1,1,1,1,1,1,1,1,1,1,1,1,1,1,1,1,1,
1),(-0.0105623867338958,-0.00792179005042188,-0.00528119336694792,0.,0.00264059668347396,
0.00528119336694792,0.00792179005042188,0.0105623867338958,0.0132029834173698,
0.0158435801008438,0.0211247734677917,0.0237653701512656,0.0264059668347396,
0.0290465635182136,0.0316871602016875,0.0343277568851615,0.0369683535686354,
0.0422495469355834,0.0448901436190573,0.0475307403025313,0.0501713369860052),
 .UNSPECIFIED.);
#581=B_SPLINE_CURVE_WITH_KNOTS('',3,(#17259,#17260,#17261,#17262,#17263),
 .UNSPECIFIED.,.F.,.F.,(4,1,4),(0.,0.000312773078180368,0.000625546156360736),
 .UNSPECIFIED.);
#582=B_SPLINE_CURVE_WITH_KNOTS('',3,(#17267,#17268,#17269,#17270,#17271),
 .UNSPECIFIED.,.F.,.F.,(4,1,4),(5.42101086242752E-20,0.000312577655695742,
0.000625155311391485),.UNSPECIFIED.);
#583=B_SPLINE_CURVE_WITH_KNOTS('',3,(#17275,#17276,#17277,#17278,#17279),
 .UNSPECIFIED.,.F.,.F.,(4,1,4),(0.,0.000312772781066467,0.000625545562132933),
 .UNSPECIFIED.);
#584=B_SPLINE_CURVE_WITH_KNOTS('',3,(#17291,#17292,#17293,#17294,#17295,
#17296,#17297,#17298,#17299),.UNSPECIFIED.,.F.,.F.,(4,1,1,1,1,1,4),(0.,
0.0014235949196346,0.0021353923794519,0.00284718983926921,0.00355898729908651,
0.00427078475890381,0.00569437967853841),.UNSPECIFIED.);
#585=B_SPLINE_CURVE_WITH_KNOTS('',3,(#17302,#17303,#17304,#17305,#17306,
#17307),.UNSPECIFIED.,.F.,.F.,(4,1,1,4),(0.00137974313642377,0.0023833146107801,
0.00338688608513644,0.00539402903384912),.UNSPECIFIED.);
#586=B_SPLINE_CURVE_WITH_KNOTS('',3,(#17313,#17314,#17315,#17316,#17317,
#17318,#17319,#17320),.UNSPECIFIED.,.F.,.F.,(4,1,1,1,1,4),(4.3118611934266E-7,
0.000875687715043219,0.00175094424396709,0.00262620077289097,0.00306382903735291,
0.00350145730181485),.UNSPECIFIED.);
#587=B_SPLINE_CURVE_WITH_KNOTS('',3,(#17322,#17323,#17324,#17325),
 .UNSPECIFIED.,.F.,.F.,(4,4),(0.00373392533664397,0.00455377738296614),
 .UNSPECIFIED.);
#588=B_SPLINE_CURVE_WITH_KNOTS('',3,(#17327,#17328,#17329,#17330),
 .UNSPECIFIED.,.F.,.F.,(4,4),(0.00427632713150091,0.00603636979485078),
 .UNSPECIFIED.);
#589=B_SPLINE_CURVE_WITH_KNOTS('',3,(#17336,#17337,#17338,#17339),
 .UNSPECIFIED.,.F.,.F.,(4,4),(0.00235676359129516,0.00376032016249759),
 .UNSPECIFIED.);
#590=B_SPLINE_CURVE_WITH_KNOTS('',3,(#17341,#17342,#17343,#17344,#17345,
#17346,#17347),.UNSPECIFIED.,.F.,.F.,(4,1,1,1,4),(0.,0.00151728272983985,
0.0030345654596797,0.00455184818951956,0.00606913091935941),
 .UNSPECIFIED.);
#591=B_SPLINE_CURVE_WITH_KNOTS('',3,(#17352,#17353,#17354,#17355),
 .UNSPECIFIED.,.F.,.F.,(4,4),(0.000351461647883445,0.00315159980967819),
 .UNSPECIFIED.);
#592=B_SPLINE_CURVE_WITH_KNOTS('',3,(#17357,#17358,#17359,#17360),
 .UNSPECIFIED.,.F.,.F.,(4,4),(0.000203143465020969,0.000808199214591919),
 .UNSPECIFIED.);
#593=B_SPLINE_CURVE_WITH_KNOTS('',3,(#17364,#17365,#17366,#17367,#17368,
#17369,#17370,#17371,#17372),.UNSPECIFIED.,.F.,.F.,(4,1,1,1,1,1,4),(0.,
0.0014235949196346,0.0021353923794519,0.0028471898392692,0.0035589872990865,
0.00427078475890381,0.00569437967853841),.UNSPECIFIED.);
#594=B_SPLINE_CURVE_WITH_KNOTS('',3,(#17375,#17376,#17377,#17378),
 .UNSPECIFIED.,.F.,.F.,(4,4),(0.00137974313642377,0.00219812485975355),
 .UNSPECIFIED.);
#595=B_SPLINE_CURVE_WITH_KNOTS('',3,(#17380,#17381,#17382,#17383,#17384,
#17385,#17386,#17387),.UNSPECIFIED.,.F.,.F.,(4,1,1,1,1,4),(0.00288254253250904,
0.0033198733599868,0.00375720418746455,0.00463186584242007,0.00550652749737558,
0.00638118915233109),.UNSPECIFIED.);
#596=B_SPLINE_CURVE_WITH_KNOTS('',3,(#17393,#17394,#17395,#17396,#17397),
 .UNSPECIFIED.,.F.,.F.,(4,1,4),(0.000504231601882186,0.00252900449242416,
0.00455377738296614),.UNSPECIFIED.);
#597=B_SPLINE_CURVE_WITH_KNOTS('',3,(#17401,#17402,#17403,#17404),
 .UNSPECIFIED.,.F.,.F.,(4,4),(0.00814952655196239,0.00991769462809327),
 .UNSPECIFIED.);
#598=B_SPLINE_CURVE_WITH_KNOTS('',3,(#17410,#17411,#17412,#17413,#17414,
#17415,#17416),.UNSPECIFIED.,.F.,.F.,(4,1,1,1,4),(1.3564162156202E-16,0.00151681527032511,
0.00303363054065008,0.00455044581097506,0.00606726108130003),
 .UNSPECIFIED.);
#599=B_SPLINE_CURVE_WITH_KNOTS('',3,(#17418,#17419,#17420,#17421),
 .UNSPECIFIED.,.F.,.F.,(4,4),(0.000365080251525183,0.00174972845503404),
 .UNSPECIFIED.);
#600=B_SPLINE_CURVE_WITH_KNOTS('',3,(#17424,#17425,#17426,#17427),
 .UNSPECIFIED.,.F.,.F.,(4,4),(0.00307968114043109,0.00369038944020651),
 .UNSPECIFIED.);
#601=B_SPLINE_CURVE_WITH_KNOTS('',3,(#17429,#17430,#17431,#17432),
 .UNSPECIFIED.,.F.,.F.,(4,4),(0.00169840345623529,0.00452827221034403),
 .UNSPECIFIED.);
#602=B_SPLINE_CURVE_WITH_KNOTS('',3,(#17451,#17452,#17453,#17454,#17455,
#17456,#17457,#17458,#17459,#17460,#17461,#17462,#17463),.UNSPECIFIED.,
 .F.,.F.,(4,1,1,1,1,1,1,1,1,1,4),(5.42282508489563E-7,0.00131331676616451,
0.00262609124982052,0.00393886573347654,0.00459525297530454,0.00525164021713255,
0.00590802745896056,0.00656441470078857,0.00787718918444458,0.0091899636681006,
0.0105027381517566),.UNSPECIFIED.);
#603=B_SPLINE_CURVE_WITH_KNOTS('',3,(#17474,#17475,#17476,#17477,#17478,
#17479,#17480,#17481,#17482,#17483,#17484,#17485,#17486),.UNSPECIFIED.,
 .F.,.F.,(4,1,1,1,1,1,1,1,1,1,4),(5.42282508507602E-7,0.00131331676616452,
0.00262609124982054,0.00393886573347656,0.00459525297530456,0.00525164021713257,
0.00590802745896058,0.00656441470078859,0.0078771891844446,0.00918996366810062,
0.0105027381517566),.UNSPECIFIED.);
#604=B_SPLINE_CURVE_WITH_KNOTS('',3,(#17642,#17643,#17644,#17645,#17646),
 .UNSPECIFIED.,.F.,.F.,(4,1,4),(1.95956943961372E-7,0.000379752158296353,
0.000759308359648744),.UNSPECIFIED.);
#605=B_SPLINE_CURVE_WITH_KNOTS('',3,(#17648,#17649,#17650,#17651),
 .UNSPECIFIED.,.F.,.F.,(4,4),(2.17209418962245E-7,0.00123902035749887),
 .UNSPECIFIED.);
#606=B_SPLINE_CURVE_WITH_KNOTS('',3,(#17660,#17661,#17662,#17663),
 .UNSPECIFIED.,.F.,.F.,(4,4),(9.48527178671909E-7,0.00123959168170864),
 .UNSPECIFIED.);
#607=B_SPLINE_CURVE_WITH_KNOTS('',3,(#17665,#17666,#17667,#17668,#17669),
 .UNSPECIFIED.,.F.,.F.,(4,1,4),(9.52295608815818E-7,0.000379876564470046,
0.000758800833331276),.UNSPECIFIED.);
#608=B_SPLINE_CURVE_WITH_KNOTS('',3,(#17679,#17680,#17681,#17682),
 .UNSPECIFIED.,.F.,.F.,(4,4),(-8.66470988659518E-6,0.000711803329140956),
 .UNSPECIFIED.);
#609=B_SPLINE_CURVE_WITH_KNOTS('',3,(#17684,#17685,#17686,#17687),
 .UNSPECIFIED.,.F.,.F.,(4,4),(9.71723746992535E-7,0.00102953224880513),
 .UNSPECIFIED.);
#610=B_SPLINE_CURVE_WITH_KNOTS('',3,(#17689,#17690,#17691,#17692),
 .UNSPECIFIED.,.F.,.F.,(4,4),(4.87896594949795E-7,0.000159867584689832),
 .UNSPECIFIED.);
#611=B_SPLINE_CURVE_WITH_KNOTS('',3,(#17694,#17695,#17696,#17697),
 .UNSPECIFIED.,.F.,.F.,(4,4),(9.18758098814595E-7,0.00109795503763899),
 .UNSPECIFIED.);
#612=B_SPLINE_CURVE_WITH_KNOTS('',3,(#17709,#17710,#17711,#17712),
 .UNSPECIFIED.,.F.,.F.,(4,4),(2.17221283392955E-7,0.00109742305107771),
 .UNSPECIFIED.);
#613=B_SPLINE_CURVE_WITH_KNOTS('',3,(#17714,#17715,#17716,#17717),
 .UNSPECIFIED.,.F.,.F.,(4,4),(9.2913453357983E-7,0.000160308822628461),
 .UNSPECIFIED.);
#614=B_SPLINE_CURVE_WITH_KNOTS('',3,(#17719,#17720,#17721,#17722),
 .UNSPECIFIED.,.F.,.F.,(4,4),(4.84897066203638E-7,0.00103001227224658),
 .UNSPECIFIED.);
#615=B_SPLINE_CURVE_WITH_KNOTS('',3,(#17724,#17725,#17726,#17727),
 .UNSPECIFIED.,.F.,.F.,(4,4),(9.77768194245374E-7,0.00072091774674517),
 .UNSPECIFIED.);
#616=B_SPLINE_CURVE_WITH_KNOTS('',3,(#17737,#17738,#17739,#17740,#17741),
 .UNSPECIFIED.,.F.,.F.,(4,1,4),(1.95956943961372E-7,0.000379752158296354,
0.000759308359648746),.UNSPECIFIED.);
#617=B_SPLINE_CURVE_WITH_KNOTS('',3,(#17743,#17744,#17745,#17746),
 .UNSPECIFIED.,.F.,.F.,(4,4),(2.17209420979798E-7,0.00123902030398463),
 .UNSPECIFIED.);
#618=B_SPLINE_CURVE_WITH_KNOTS('',3,(#17755,#17756,#17757,#17758),
 .UNSPECIFIED.,.F.,.F.,(4,4),(9.4852717868027E-7,0.00123959173522754),
 .UNSPECIFIED.);
#619=B_SPLINE_CURVE_WITH_KNOTS('',3,(#17760,#17761,#17762,#17763,#17764),
 .UNSPECIFIED.,.F.,.F.,(4,1,4),(9.52295608814441E-7,0.000379876564470044,
0.000758800833331274),.UNSPECIFIED.);
#620=B_SPLINE_CURVE_WITH_KNOTS('',3,(#17774,#17775,#17776,#17777),
 .UNSPECIFIED.,.F.,.F.,(4,4),(-8.66470988659508E-6,0.000711803329141034),
 .UNSPECIFIED.);
#621=B_SPLINE_CURVE_WITH_KNOTS('',3,(#17779,#17780,#17781,#17782),
 .UNSPECIFIED.,.F.,.F.,(4,4),(9.71723747083396E-7,0.00102953224880512),
 .UNSPECIFIED.);
#622=B_SPLINE_CURVE_WITH_KNOTS('',3,(#17784,#17785,#17786,#17787),
 .UNSPECIFIED.,.F.,.F.,(4,4),(4.87896594467047E-7,0.000159867584689345),
 .UNSPECIFIED.);
#623=B_SPLINE_CURVE_WITH_KNOTS('',3,(#17789,#17790,#17791,#17792),
 .UNSPECIFIED.,.F.,.F.,(4,4),(9.18758098826761E-7,0.0010979549845288),
 .UNSPECIFIED.);
#624=B_SPLINE_CURVE_WITH_KNOTS('',3,(#17801,#17802,#17803,#17804),
 .UNSPECIFIED.,.F.,.F.,(4,4),(2.17221285406487E-7,0.00109742299792744),
 .UNSPECIFIED.);
#625=B_SPLINE_CURVE_WITH_KNOTS('',3,(#17806,#17807,#17808,#17809),
 .UNSPECIFIED.,.F.,.F.,(4,4),(9.29134533578517E-7,0.000160308822628461),
 .UNSPECIFIED.);
#626=B_SPLINE_CURVE_WITH_KNOTS('',3,(#17811,#17812,#17813,#17814),
 .UNSPECIFIED.,.F.,.F.,(4,4),(4.84897066217915E-7,0.00103001227224658),
 .UNSPECIFIED.);
#627=B_SPLINE_CURVE_WITH_KNOTS('',3,(#17816,#17817,#17818,#17819),
 .UNSPECIFIED.,.F.,.F.,(4,4),(9.77768194231914E-7,0.000720917746745168),
 .UNSPECIFIED.);
#628=B_SPLINE_CURVE_WITH_KNOTS('',3,(#17821,#17822,#17823,#17824,#17825,
#17826),.UNSPECIFIED.,.F.,.F.,(4,1,1,4),(0.000163223764746867,0.000915340640870126,
0.00129139907893176,0.00166745751699339),.UNSPECIFIED.);
#629=B_SPLINE_CURVE_WITH_KNOTS('',3,(#17835,#17836,#17837,#17838,#17839,
#17840),.UNSPECIFIED.,.F.,.F.,(4,1,1,4),(1.96338561549958E-7,0.000380828170048324,
0.000761460001535097,0.00152272366450864),.UNSPECIFIED.);
#630=B_SPLINE_CURVE_WITH_KNOTS('',3,(#17842,#17843,#17844,#17845,#17846,
#17847),.UNSPECIFIED.,.F.,.F.,(4,1,1,4),(1.96338561549958E-7,0.000380828203577025,
0.0007614600685925,0.00152272379862345),.UNSPECIFIED.);
#631=B_SPLINE_CURVE_WITH_KNOTS('',3,(#17856,#17857,#17858,#17859,#17860,
#17861),.UNSPECIFIED.,.F.,.F.,(4,1,1,4),(0.000163223764746858,0.000915340640870116,
0.00129139907893175,0.00166745751699337),.UNSPECIFIED.);
#632=B_SPLINE_CURVE_WITH_KNOTS('',3,(#17983,#17984,#17985,#17986),
 .UNSPECIFIED.,.F.,.F.,(4,4),(2.39771342665946E-7,0.00033431196140232),
 .UNSPECIFIED.);
#633=B_SPLINE_CURVE_WITH_KNOTS('',3,(#17994,#17995,#17996,#17997),
 .UNSPECIFIED.,.F.,.F.,(4,4),(3.71704938172947E-7,0.000335633340199029),
 .UNSPECIFIED.);
#634=B_SPLINE_CURVE_WITH_KNOTS('',3,(#18008,#18009,#18010,#18011),
 .UNSPECIFIED.,.F.,.F.,(4,4),(2.39771342665946E-7,0.000334311961402134),
 .UNSPECIFIED.);
#635=B_SPLINE_CURVE_WITH_KNOTS('',3,(#18020,#18021,#18022,#18023),
 .UNSPECIFIED.,.F.,.F.,(4,4),(3.71704938603853E-7,0.000335633340199256),
 .UNSPECIFIED.);
#636=B_SPLINE_CURVE_WITH_KNOTS('',3,(#18038,#18039,#18040,#18041),
 .UNSPECIFIED.,.F.,.F.,(4,4),(2.09613220632912E-7,0.000435889319159674),
 .UNSPECIFIED.);
#637=B_SPLINE_CURVE_WITH_KNOTS('',3,(#18045,#18046,#18047,#18048),
 .UNSPECIFIED.,.F.,.F.,(4,4),(4.6320472513297E-7,0.000436476776548115),
 .UNSPECIFIED.);
#638=B_SPLINE_CURVE_WITH_KNOTS('',3,(#18050,#18051,#18052,#18053),
 .UNSPECIFIED.,.F.,.F.,(4,4),(2.09613220623714E-7,0.000435889319159566),
 .UNSPECIFIED.);
#639=B_SPLINE_CURVE_WITH_KNOTS('',3,(#18057,#18058,#18059,#18060),
 .UNSPECIFIED.,.F.,.F.,(4,4),(4.63204734684796E-7,0.000436476985491185),
 .UNSPECIFIED.);
#640=B_SPLINE_CURVE_WITH_KNOTS('',3,(#19277,#19278,#19279,#19280,#19281,
#19282,#19283,#19284,#19285),.UNSPECIFIED.,.F.,.F.,(4,1,1,1,1,1,4),(2.83588824719624E-17,
0.000735404954879132,0.00147080990975824,0.00294161981951644,0.00441242972927465,
0.00514783468415375,0.00588323963903286),.UNSPECIFIED.);
#641=B_SPLINE_CURVE_WITH_KNOTS('',3,(#19289,#19290,#19291,#19292,#19293,
#19294,#19295,#19296,#19297),.UNSPECIFIED.,.F.,.F.,(4,1,1,1,1,1,4),(1.43114686768087E-17,
0.00073540495487917,0.00147080990975833,0.00294161981951664,0.00441242972927495,
0.00514783468415411,0.00588323963903326),.UNSPECIFIED.);
#642=B_SPLINE_CURVE_WITH_KNOTS('',3,(#19304,#19305,#19306,#19307,#19308,
#19309,#19310,#19311,#19312),.UNSPECIFIED.,.F.,.F.,(4,1,1,1,1,1,4),(2.81458549862348E-17,
0.000735404954879136,0.00147080990975824,0.00294161981951646,0.00441242972927467,
0.00514783468415378,0.00588323963903289),.UNSPECIFIED.);
#643=B_SPLINE_CURVE_WITH_KNOTS('',3,(#19317,#19318,#19319,#19320,#19321,
#19322,#19323,#19324,#19325),.UNSPECIFIED.,.F.,.F.,(4,1,1,1,1,1,4),(0.,
0.00073540495487917,0.00147080990975834,0.00294161981951668,0.00441242972927502,
0.00514783468415419,0.00588323963903336),.UNSPECIFIED.);
#644=B_SPLINE_CURVE_WITH_KNOTS('',3,(#19365,#19366,#19367,#19368),
 .UNSPECIFIED.,.F.,.F.,(4,4),(1.8763167737425E-6,0.000613616425886742),
 .UNSPECIFIED.);
#645=B_SPLINE_CURVE_WITH_KNOTS('',3,(#19372,#19373,#19374,#19375),
 .UNSPECIFIED.,.F.,.F.,(4,4),(0.00335230163832209,0.00396103571257918),
 .UNSPECIFIED.);
#646=B_SPLINE_CURVE_WITH_KNOTS('',3,(#19377,#19378,#19379,#19380),
 .UNSPECIFIED.,.F.,.F.,(4,4),(0.00335230163832206,0.00396103571257916),
 .UNSPECIFIED.);
#647=B_SPLINE_CURVE_WITH_KNOTS('',3,(#19382,#19383,#19384,#19385),
 .UNSPECIFIED.,.F.,.F.,(4,4),(1.87631677375349E-6,0.000613616425886745),
 .UNSPECIFIED.);
#648=B_SPLINE_CURVE_WITH_KNOTS('',3,(#19389,#19390,#19391,#19392),
 .UNSPECIFIED.,.F.,.F.,(4,4),(0.00335230163832209,0.00396103571257917),
 .UNSPECIFIED.);
#649=B_SPLINE_CURVE_WITH_KNOTS('',3,(#19394,#19395,#19396,#19397),
 .UNSPECIFIED.,.F.,.F.,(4,4),(1.87631677376937E-6,0.000613616425886761),
 .UNSPECIFIED.);
#650=B_SPLINE_CURVE_WITH_KNOTS('',3,(#19401,#19402,#19403,#19404),
 .UNSPECIFIED.,.F.,.F.,(4,4),(0.00335230163832209,0.00396103571257918),
 .UNSPECIFIED.);
#651=B_SPLINE_CURVE_WITH_KNOTS('',3,(#19406,#19407,#19408,#19409),
 .UNSPECIFIED.,.F.,.F.,(4,4),(1.8763167737425E-6,0.000613616425886742),
 .UNSPECIFIED.);
#652=B_SPLINE_CURVE_WITH_KNOTS('',3,(#19413,#19414,#19415,#19416),
 .UNSPECIFIED.,.F.,.F.,(4,4),(0.00335230163832206,0.00396103571257916),
 .UNSPECIFIED.);
#653=B_SPLINE_CURVE_WITH_KNOTS('',3,(#19418,#19419,#19420,#19421),
 .UNSPECIFIED.,.F.,.F.,(4,4),(1.87631677375349E-6,0.000613616425886745),
 .UNSPECIFIED.);
#654=B_SPLINE_CURVE_WITH_KNOTS('',3,(#19425,#19426,#19427,#19428),
 .UNSPECIFIED.,.F.,.F.,(4,4),(0.00335230163832209,0.00396103571257917),
 .UNSPECIFIED.);
#655=B_SPLINE_CURVE_WITH_KNOTS('',3,(#19430,#19431,#19432,#19433),
 .UNSPECIFIED.,.F.,.F.,(4,4),(1.87631677376937E-6,0.000613616425886761),
 .UNSPECIFIED.);
#656=B_SPLINE_CURVE_WITH_KNOTS('',3,(#19554,#19555,#19556,#19557,#19558),
 .UNSPECIFIED.,.F.,.F.,(4,1,4),(0.00291917982414081,0.00416750098046426,
0.00541582213678772),.UNSPECIFIED.);
#657=B_SPLINE_CURVE_WITH_KNOTS('',3,(#19559,#19560,#19561,#19562,#19563),
 .UNSPECIFIED.,.F.,.F.,(4,1,4),(0.00291917982414081,0.00416750098046427,
0.00541582213678774),.UNSPECIFIED.);
#658=B_SPLINE_CURVE_WITH_KNOTS('',3,(#19791,#19792,#19793,#19794,#19795),
 .UNSPECIFIED.,.F.,.F.,(4,1,4),(0.0022482140815227,0.00315080211789876,
0.00405339015427483),.UNSPECIFIED.);
#659=B_SPLINE_CURVE_WITH_KNOTS('',3,(#19798,#19799,#19800,#19801,#19802),
 .UNSPECIFIED.,.F.,.F.,(4,1,4),(2.54436555541766E-7,0.000894821678791373,
0.0017893889210272),.UNSPECIFIED.);
#660=B_SPLINE_CURVE_WITH_KNOTS('',3,(#19804,#19805,#19806,#19807,#19808),
 .UNSPECIFIED.,.F.,.F.,(4,1,4),(2.54436555541809E-7,0.000894821678791373,
0.0017893889210272),.UNSPECIFIED.);
#661=B_SPLINE_CURVE_WITH_KNOTS('',3,(#19810,#19811,#19812,#19813,#19814),
 .UNSPECIFIED.,.F.,.F.,(4,1,4),(0.0022482140815227,0.00315080211789876,
0.00405339015427483),.UNSPECIFIED.);
#662=B_SPLINE_CURVE_WITH_KNOTS('',3,(#19816,#19817,#19818,#19819,#19820),
 .UNSPECIFIED.,.F.,.F.,(4,1,4),(2.54436555541766E-7,0.000894821678791373,
0.0017893889210272),.UNSPECIFIED.);
#663=B_SPLINE_CURVE_WITH_KNOTS('',3,(#19822,#19823,#19824,#19825,#19826),
 .UNSPECIFIED.,.F.,.F.,(4,1,4),(2.54436555541854E-7,0.000894821678791373,
0.0017893889210272),.UNSPECIFIED.);
#664=B_SPLINE_CURVE_WITH_KNOTS('',3,(#19880,#19881,#19882,#19883),
 .UNSPECIFIED.,.F.,.F.,(4,4),(2.3807891569735E-7,0.000874883716351648),
 .UNSPECIFIED.);
#665=B_SPLINE_CURVE_WITH_KNOTS('',3,(#19888,#19889,#19890,#19891),
 .UNSPECIFIED.,.F.,.F.,(4,4),(2.3807891569732E-7,0.000874883716351648),
 .UNSPECIFIED.);
#666=B_SPLINE_CURVE_WITH_KNOTS('',3,(#19895,#19896,#19897,#19898),
 .UNSPECIFIED.,.F.,.F.,(4,4),(0.00109111922305453,0.00197293766001085),
 .UNSPECIFIED.);
#667=B_SPLINE_CURVE_WITH_KNOTS('',3,(#19902,#19903,#19904,#19905),
 .UNSPECIFIED.,.F.,.F.,(4,4),(2.3807891569735E-7,0.000874883716351648),
 .UNSPECIFIED.);
#668=B_SPLINE_CURVE_WITH_KNOTS('',3,(#19909,#19910,#19911,#19912),
 .UNSPECIFIED.,.F.,.F.,(4,4),(2.3807891569732E-7,0.000874883716351649),
 .UNSPECIFIED.);
#669=B_SPLINE_CURVE_WITH_KNOTS('',3,(#19916,#19917,#19918,#19919),
 .UNSPECIFIED.,.F.,.F.,(4,4),(0.00109111922305453,0.00197293766001085),
 .UNSPECIFIED.);
#670=B_SPLINE_CURVE_WITH_KNOTS('',3,(#20054,#20055,#20056,#20057),
 .UNSPECIFIED.,.F.,.F.,(4,4),(2.3807732893654E-7,0.00116642939916604),
 .UNSPECIFIED.);
#671=B_SPLINE_CURVE_WITH_KNOTS('',3,(#20062,#20063,#20064,#20065),
 .UNSPECIFIED.,.F.,.F.,(4,4),(2.38077328936364E-7,0.00116642939916604),
 .UNSPECIFIED.);
#672=B_SPLINE_CURVE_WITH_KNOTS('',3,(#20069,#20070,#20071,#20072),
 .UNSPECIFIED.,.F.,.F.,(4,4),(0.00145475060282589,0.00263050799952108),
 .UNSPECIFIED.);
#673=B_SPLINE_CURVE_WITH_KNOTS('',3,(#20076,#20077,#20078,#20079),
 .UNSPECIFIED.,.F.,.F.,(4,4),(2.3807732893654E-7,0.00116642939916604),
 .UNSPECIFIED.);
#674=B_SPLINE_CURVE_WITH_KNOTS('',3,(#20083,#20084,#20085,#20086),
 .UNSPECIFIED.,.F.,.F.,(4,4),(2.38077328936364E-7,0.00116642939916604),
 .UNSPECIFIED.);
#675=B_SPLINE_CURVE_WITH_KNOTS('',3,(#20090,#20091,#20092,#20093),
 .UNSPECIFIED.,.F.,.F.,(4,4),(0.00145475060282589,0.00263050799952108),
 .UNSPECIFIED.);
#676=B_SPLINE_CURVE_WITH_KNOTS('',3,(#20267,#20268,#20269,#20270,#20271),
 .UNSPECIFIED.,.F.,.F.,(4,1,4),(2.54437811403006E-7,0.000745726635496255,
0.00149119883318111),.UNSPECIFIED.);
#677=B_SPLINE_CURVE_WITH_KNOTS('',3,(#20274,#20275,#20276,#20277,#20278),
 .UNSPECIFIED.,.F.,.F.,(4,1,4),(0.00268309229689396,0.00343726655885146,
0.00419144082080897),.UNSPECIFIED.);
#678=B_SPLINE_CURVE_WITH_KNOTS('',3,(#20280,#20281,#20282,#20283,#20284),
 .UNSPECIFIED.,.F.,.F.,(4,1,4),(2.54437811402963E-7,0.000745726635496255,
0.00149119883318111),.UNSPECIFIED.);
#679=B_SPLINE_CURVE_WITH_KNOTS('',3,(#20286,#20287,#20288,#20289,#20290),
 .UNSPECIFIED.,.F.,.F.,(4,1,4),(2.54437811402978E-7,0.000745726635496255,
0.00149119883318111),.UNSPECIFIED.);
#680=B_SPLINE_CURVE_WITH_KNOTS('',3,(#20292,#20293,#20294,#20295,#20296),
 .UNSPECIFIED.,.F.,.F.,(4,1,4),(0.00268309229689396,0.00343726655885146,
0.00419144082080897),.UNSPECIFIED.);
#681=B_SPLINE_CURVE_WITH_KNOTS('',3,(#20298,#20299,#20300,#20301,#20302),
 .UNSPECIFIED.,.F.,.F.,(4,1,4),(2.54437811402784E-7,0.000745726635496255,
0.00149119883318111),.UNSPECIFIED.);
#682=LINE('',#17161,#1215);
#683=LINE('',#17165,#1216);
#684=LINE('',#17283,#1217);
#685=LINE('',#17287,#1218);
#686=LINE('',#17311,#1219);
#687=LINE('',#17389,#1220);
#688=LINE('',#17449,#1221);
#689=LINE('',#17465,#1222);
#690=LINE('',#17472,#1223);
#691=LINE('',#17488,#1224);
#692=LINE('',#17498,#1225);
#693=LINE('',#17507,#1226);
#694=LINE('',#17515,#1227);
#695=LINE('',#17523,#1228);
#696=LINE('',#17541,#1229);
#697=LINE('',#17553,#1230);
#698=LINE('',#17563,#1231);
#699=LINE('',#17571,#1232);
#700=LINE('',#17577,#1233);
#701=LINE('',#17582,#1234);
#702=LINE('',#17586,#1235);
#703=LINE('',#17591,#1236);
#704=LINE('',#17606,#1237);
#705=LINE('',#17610,#1238);
#706=LINE('',#17629,#1239);
#707=LINE('',#17631,#1240);
#708=LINE('',#17636,#1241);
#709=LINE('',#17640,#1242);
#710=LINE('',#17653,#1243);
#711=LINE('',#17658,#1244);
#712=LINE('',#17671,#1245);
#713=LINE('',#17677,#1246);
#714=LINE('',#17701,#1247);
#715=LINE('',#17707,#1248);
#716=LINE('',#17731,#1249);
#717=LINE('',#17735,#1250);
#718=LINE('',#17748,#1251);
#719=LINE('',#17753,#1252);
#720=LINE('',#17766,#1253);
#721=LINE('',#17772,#1254);
#722=LINE('',#17796,#1255);
#723=LINE('',#17956,#1256);
#724=LINE('',#17957,#1257);
#725=LINE('',#17959,#1258);
#726=LINE('',#17961,#1259);
#727=LINE('',#17963,#1260);
#728=LINE('',#17965,#1261);
#729=LINE('',#17967,#1262);
#730=LINE('',#17969,#1263);
#731=LINE('',#17971,#1264);
#732=LINE('',#17973,#1265);
#733=LINE('',#17975,#1266);
#734=LINE('',#17977,#1267);
#735=LINE('',#17980,#1268);
#736=LINE('',#17981,#1269);
#737=LINE('',#17988,#1270);
#738=LINE('',#17992,#1271);
#739=LINE('',#17998,#1272);
#740=LINE('',#18000,#1273);
#741=LINE('',#18002,#1274);
#742=LINE('',#18006,#1275);
#743=LINE('',#18014,#1276);
#744=LINE('',#18018,#1277);
#745=LINE('',#18024,#1278);
#746=LINE('',#18026,#1279);
#747=LINE('',#18030,#1280);
#748=LINE('',#18034,#1281);
#749=LINE('',#18036,#1282);
#750=LINE('',#18043,#1283);
#751=LINE('',#18055,#1284);
#752=LINE('',#18128,#1285);
#753=LINE('',#18130,#1286);
#754=LINE('',#18132,#1287);
#755=LINE('',#18134,#1288);
#756=LINE('',#18138,#1289);
#757=LINE('',#18142,#1290);
#758=LINE('',#18146,#1291);
#759=LINE('',#18148,#1292);
#760=LINE('',#18150,#1293);
#761=LINE('',#18154,#1294);
#762=LINE('',#18158,#1295);
#763=LINE('',#18162,#1296);
#764=LINE('',#18164,#1297);
#765=LINE('',#18166,#1298);
#766=LINE('',#18170,#1299);
#767=LINE('',#18174,#1300);
#768=LINE('',#18178,#1301);
#769=LINE('',#18180,#1302);
#770=LINE('',#18182,#1303);
#771=LINE('',#18186,#1304);
#772=LINE('',#18192,#1305);
#773=LINE('',#18201,#1306);
#774=LINE('',#18209,#1307);
#775=LINE('',#18217,#1308);
#776=LINE('',#18225,#1309);
#777=LINE('',#18228,#1310);
#778=LINE('',#18229,#1311);
#779=LINE('',#18233,#1312);
#780=LINE('',#18237,#1313);
#781=LINE('',#18241,#1314);
#782=LINE('',#18243,#1315);
#783=LINE('',#18245,#1316);
#784=LINE('',#18249,#1317);
#785=LINE('',#18253,#1318);
#786=LINE('',#18257,#1319);
#787=LINE('',#18259,#1320);
#788=LINE('',#18261,#1321);
#789=LINE('',#18265,#1322);
#790=LINE('',#18269,#1323);
#791=LINE('',#18273,#1324);
#792=LINE('',#18275,#1325);
#793=LINE('',#18277,#1326);
#794=LINE('',#18281,#1327);
#795=LINE('',#18285,#1328);
#796=LINE('',#18290,#1329);
#797=LINE('',#18294,#1330);
#798=LINE('',#18296,#1331);
#799=LINE('',#18298,#1332);
#800=LINE('',#18300,#1333);
#801=LINE('',#18306,#1334);
#802=LINE('',#18308,#1335);
#803=LINE('',#18310,#1336);
#804=LINE('',#18312,#1337);
#805=LINE('',#18318,#1338);
#806=LINE('',#18320,#1339);
#807=LINE('',#18322,#1340);
#808=LINE('',#18324,#1341);
#809=LINE('',#18330,#1342);
#810=LINE('',#18332,#1343);
#811=LINE('',#18333,#1344);
#812=LINE('',#18338,#1345);
#813=LINE('',#18341,#1346);
#814=LINE('',#18343,#1347);
#815=LINE('',#18345,#1348);
#816=LINE('',#18347,#1349);
#817=LINE('',#18349,#1350);
#818=LINE('',#18351,#1351);
#819=LINE('',#18353,#1352);
#820=LINE('',#18355,#1353);
#821=LINE('',#18357,#1354);
#822=LINE('',#18359,#1355);
#823=LINE('',#18361,#1356);
#824=LINE('',#18363,#1357);
#825=LINE('',#18365,#1358);
#826=LINE('',#18367,#1359);
#827=LINE('',#18369,#1360);
#828=LINE('',#18371,#1361);
#829=LINE('',#18373,#1362);
#830=LINE('',#18375,#1363);
#831=LINE('',#18377,#1364);
#832=LINE('',#18379,#1365);
#833=LINE('',#18381,#1366);
#834=LINE('',#18383,#1367);
#835=LINE('',#18385,#1368);
#836=LINE('',#18387,#1369);
#837=LINE('',#18389,#1370);
#838=LINE('',#18391,#1371);
#839=LINE('',#18393,#1372);
#840=LINE('',#18395,#1373);
#841=LINE('',#18397,#1374);
#842=LINE('',#18399,#1375);
#843=LINE('',#18401,#1376);
#844=LINE('',#18403,#1377);
#845=LINE('',#18405,#1378);
#846=LINE('',#18407,#1379);
#847=LINE('',#18409,#1380);
#848=LINE('',#18411,#1381);
#849=LINE('',#18413,#1382);
#850=LINE('',#18415,#1383);
#851=LINE('',#18417,#1384);
#852=LINE('',#18419,#1385);
#853=LINE('',#18421,#1386);
#854=LINE('',#18423,#1387);
#855=LINE('',#18425,#1388);
#856=LINE('',#18427,#1389);
#857=LINE('',#18429,#1390);
#858=LINE('',#18431,#1391);
#859=LINE('',#18433,#1392);
#860=LINE('',#18435,#1393);
#861=LINE('',#18437,#1394);
#862=LINE('',#18439,#1395);
#863=LINE('',#18441,#1396);
#864=LINE('',#18443,#1397);
#865=LINE('',#18445,#1398);
#866=LINE('',#18447,#1399);
#867=LINE('',#18449,#1400);
#868=LINE('',#18451,#1401);
#869=LINE('',#18453,#1402);
#870=LINE('',#18455,#1403);
#871=LINE('',#18457,#1404);
#872=LINE('',#18459,#1405);
#873=LINE('',#18462,#1406);
#874=LINE('',#18463,#1407);
#875=LINE('',#18465,#1408);
#876=LINE('',#18467,#1409);
#877=LINE('',#18469,#1410);
#878=LINE('',#18471,#1411);
#879=LINE('',#18473,#1412);
#880=LINE('',#18475,#1413);
#881=LINE('',#18477,#1414);
#882=LINE('',#18479,#1415);
#883=LINE('',#18481,#1416);
#884=LINE('',#18483,#1417);
#885=LINE('',#18485,#1418);
#886=LINE('',#18487,#1419);
#887=LINE('',#18489,#1420);
#888=LINE('',#18491,#1421);
#889=LINE('',#18493,#1422);
#890=LINE('',#18495,#1423);
#891=LINE('',#18497,#1424);
#892=LINE('',#18499,#1425);
#893=LINE('',#18501,#1426);
#894=LINE('',#18503,#1427);
#895=LINE('',#18505,#1428);
#896=LINE('',#18507,#1429);
#897=LINE('',#18509,#1430);
#898=LINE('',#18511,#1431);
#899=LINE('',#18513,#1432);
#900=LINE('',#18515,#1433);
#901=LINE('',#18517,#1434);
#902=LINE('',#18519,#1435);
#903=LINE('',#18521,#1436);
#904=LINE('',#18523,#1437);
#905=LINE('',#18525,#1438);
#906=LINE('',#18527,#1439);
#907=LINE('',#18529,#1440);
#908=LINE('',#18531,#1441);
#909=LINE('',#18533,#1442);
#910=LINE('',#18535,#1443);
#911=LINE('',#18537,#1444);
#912=LINE('',#18539,#1445);
#913=LINE('',#18541,#1446);
#914=LINE('',#18543,#1447);
#915=LINE('',#18545,#1448);
#916=LINE('',#18547,#1449);
#917=LINE('',#18549,#1450);
#918=LINE('',#18551,#1451);
#919=LINE('',#18553,#1452);
#920=LINE('',#18555,#1453);
#921=LINE('',#18557,#1454);
#922=LINE('',#18559,#1455);
#923=LINE('',#18561,#1456);
#924=LINE('',#18563,#1457);
#925=LINE('',#18565,#1458);
#926=LINE('',#18567,#1459);
#927=LINE('',#18569,#1460);
#928=LINE('',#18571,#1461);
#929=LINE('',#18573,#1462);
#930=LINE('',#18575,#1463);
#931=LINE('',#18577,#1464);
#932=LINE('',#18579,#1465);
#933=LINE('',#18581,#1466);
#934=LINE('',#18583,#1467);
#935=LINE('',#18585,#1468);
#936=LINE('',#18587,#1469);
#937=LINE('',#18589,#1470);
#938=LINE('',#18591,#1471);
#939=LINE('',#18593,#1472);
#940=LINE('',#18595,#1473);
#941=LINE('',#18597,#1474);
#942=LINE('',#18599,#1475);
#943=LINE('',#18601,#1476);
#944=LINE('',#18603,#1477);
#945=LINE('',#18605,#1478);
#946=LINE('',#18607,#1479);
#947=LINE('',#18609,#1480);
#948=LINE('',#18611,#1481);
#949=LINE('',#18613,#1482);
#950=LINE('',#18615,#1483);
#951=LINE('',#18617,#1484);
#952=LINE('',#18619,#1485);
#953=LINE('',#18621,#1486);
#954=LINE('',#18623,#1487);
#955=LINE('',#18625,#1488);
#956=LINE('',#18627,#1489);
#957=LINE('',#18629,#1490);
#958=LINE('',#18631,#1491);
#959=LINE('',#18633,#1492);
#960=LINE('',#18635,#1493);
#961=LINE('',#18637,#1494);
#962=LINE('',#18639,#1495);
#963=LINE('',#18641,#1496);
#964=LINE('',#18643,#1497);
#965=LINE('',#18645,#1498);
#966=LINE('',#18647,#1499);
#967=LINE('',#18649,#1500);
#968=LINE('',#18651,#1501);
#969=LINE('',#18653,#1502);
#970=LINE('',#18655,#1503);
#971=LINE('',#18657,#1504);
#972=LINE('',#18659,#1505);
#973=LINE('',#18661,#1506);
#974=LINE('',#18663,#1507);
#975=LINE('',#18665,#1508);
#976=LINE('',#18667,#1509);
#977=LINE('',#18669,#1510);
#978=LINE('',#18671,#1511);
#979=LINE('',#18673,#1512);
#980=LINE('',#18675,#1513);
#981=LINE('',#18677,#1514);
#982=LINE('',#18679,#1515);
#983=LINE('',#18681,#1516);
#984=LINE('',#18683,#1517);
#985=LINE('',#18685,#1518);
#986=LINE('',#18687,#1519);
#987=LINE('',#18689,#1520);
#988=LINE('',#18691,#1521);
#989=LINE('',#18693,#1522);
#990=LINE('',#18695,#1523);
#991=LINE('',#18767,#1524);
#992=LINE('',#19066,#1525);
#993=LINE('',#19068,#1526);
#994=LINE('',#19070,#1527);
#995=LINE('',#19072,#1528);
#996=LINE('',#19076,#1529);
#997=LINE('',#19078,#1530);
#998=LINE('',#19080,#1531);
#999=LINE('',#19084,#1532);
#1000=LINE('',#19086,#1533);
#1001=LINE('',#19088,#1534);
#1002=LINE('',#19091,#1535);
#1003=LINE('',#19093,#1536);
#1004=LINE('',#19097,#1537);
#1005=LINE('',#19100,#1538);
#1006=LINE('',#19103,#1539);
#1007=LINE('',#19110,#1540);
#1008=LINE('',#19114,#1541);
#1009=LINE('',#19128,#1542);
#1010=LINE('',#19132,#1543);
#1011=LINE('',#19204,#1544);
#1012=LINE('',#19209,#1545);
#1013=LINE('',#19213,#1546);
#1014=LINE('',#19217,#1547);
#1015=LINE('',#19221,#1548);
#1016=LINE('',#19225,#1549);
#1017=LINE('',#19231,#1550);
#1018=LINE('',#19233,#1551);
#1019=LINE('',#19237,#1552);
#1020=LINE('',#19238,#1553);
#1021=LINE('',#19242,#1554);
#1022=LINE('',#19243,#1555);
#1023=LINE('',#19247,#1556);
#1024=LINE('',#19248,#1557);
#1025=LINE('',#19252,#1558);
#1026=LINE('',#19253,#1559);
#1027=LINE('',#19257,#1560);
#1028=LINE('',#19258,#1561);
#1029=LINE('',#19274,#1562);
#1030=LINE('',#19287,#1563);
#1031=LINE('',#19315,#1564);
#1032=LINE('',#19327,#1565);
#1033=LINE('',#19332,#1566);
#1034=LINE('',#19336,#1567);
#1035=LINE('',#19340,#1568);
#1036=LINE('',#19345,#1569);
#1037=LINE('',#19349,#1570);
#1038=LINE('',#19353,#1571);
#1039=LINE('',#19357,#1572);
#1040=LINE('',#19361,#1573);
#1041=LINE('',#19437,#1574);
#1042=LINE('',#19439,#1575);
#1043=LINE('',#19443,#1576);
#1044=LINE('',#19447,#1577);
#1045=LINE('',#19449,#1578);
#1046=LINE('',#19451,#1579);
#1047=LINE('',#19455,#1580);
#1048=LINE('',#19457,#1581);
#1049=LINE('',#19461,#1582);
#1050=LINE('',#19463,#1583);
#1051=LINE('',#19467,#1584);
#1052=LINE('',#19469,#1585);
#1053=LINE('',#19522,#1586);
#1054=LINE('',#19523,#1587);
#1055=LINE('',#19524,#1588);
#1056=LINE('',#19525,#1589);
#1057=LINE('',#19526,#1590);
#1058=LINE('',#19527,#1591);
#1059=LINE('',#19543,#1592);
#1060=LINE('',#19544,#1593);
#1061=LINE('',#19549,#1594);
#1062=LINE('',#19550,#1595);
#1063=LINE('',#19590,#1596);
#1064=LINE('',#19592,#1597);
#1065=LINE('',#19595,#1598);
#1066=LINE('',#19597,#1599);
#1067=LINE('',#19625,#1600);
#1068=LINE('',#19628,#1601);
#1069=LINE('',#19630,#1602);
#1070=LINE('',#19632,#1603);
#1071=LINE('',#19634,#1604);
#1072=LINE('',#19636,#1605);
#1073=LINE('',#19638,#1606);
#1074=LINE('',#19640,#1607);
#1075=LINE('',#19642,#1608);
#1076=LINE('',#19644,#1609);
#1077=LINE('',#19708,#1610);
#1078=LINE('',#19711,#1611);
#1079=LINE('',#19714,#1612);
#1080=LINE('',#19717,#1613);
#1081=LINE('',#19720,#1614);
#1082=LINE('',#19723,#1615);
#1083=LINE('',#19828,#1616);
#1084=LINE('',#19830,#1617);
#1085=LINE('',#19832,#1618);
#1086=LINE('',#19834,#1619);
#1087=LINE('',#19836,#1620);
#1088=LINE('',#19838,#1621);
#1089=LINE('',#19840,#1622);
#1090=LINE('',#19842,#1623);
#1091=LINE('',#19844,#1624);
#1092=LINE('',#19846,#1625);
#1093=LINE('',#19848,#1626);
#1094=LINE('',#19850,#1627);
#1095=LINE('',#19852,#1628);
#1096=LINE('',#19854,#1629);
#1097=LINE('',#19856,#1630);
#1098=LINE('',#19858,#1631);
#1099=LINE('',#19860,#1632);
#1100=LINE('',#19862,#1633);
#1101=LINE('',#19935,#1634);
#1102=LINE('',#19937,#1635);
#1103=LINE('',#19939,#1636);
#1104=LINE('',#19941,#1637);
#1105=LINE('',#19943,#1638);
#1106=LINE('',#19945,#1639);
#1107=LINE('',#19947,#1640);
#1108=LINE('',#19949,#1641);
#1109=LINE('',#19951,#1642);
#1110=LINE('',#19953,#1643);
#1111=LINE('',#19955,#1644);
#1112=LINE('',#19957,#1645);
#1113=LINE('',#19961,#1646);
#1114=LINE('',#19964,#1647);
#1115=LINE('',#19966,#1648);
#1116=LINE('',#19968,#1649);
#1117=LINE('',#19970,#1650);
#1118=LINE('',#19972,#1651);
#1119=LINE('',#20001,#1652);
#1120=LINE('',#20004,#1653);
#1121=LINE('',#20006,#1654);
#1122=LINE('',#20008,#1655);
#1123=LINE('',#20010,#1656);
#1124=LINE('',#20012,#1657);
#1125=LINE('',#20016,#1658);
#1126=LINE('',#20017,#1659);
#1127=LINE('',#20019,#1660);
#1128=LINE('',#20021,#1661);
#1129=LINE('',#20023,#1662);
#1130=LINE('',#20025,#1663);
#1131=LINE('',#20109,#1664);
#1132=LINE('',#20111,#1665);
#1133=LINE('',#20113,#1666);
#1134=LINE('',#20115,#1667);
#1135=LINE('',#20117,#1668);
#1136=LINE('',#20119,#1669);
#1137=LINE('',#20121,#1670);
#1138=LINE('',#20123,#1671);
#1139=LINE('',#20125,#1672);
#1140=LINE('',#20127,#1673);
#1141=LINE('',#20129,#1674);
#1142=LINE('',#20131,#1675);
#1143=LINE('',#20135,#1676);
#1144=LINE('',#20138,#1677);
#1145=LINE('',#20140,#1678);
#1146=LINE('',#20142,#1679);
#1147=LINE('',#20144,#1680);
#1148=LINE('',#20146,#1681);
#1149=LINE('',#20148,#1682);
#1150=LINE('',#20150,#1683);
#1151=LINE('',#20152,#1684);
#1152=LINE('',#20154,#1685);
#1153=LINE('',#20156,#1686);
#1154=LINE('',#20158,#1687);
#1155=LINE('',#20160,#1688);
#1156=LINE('',#20163,#1689);
#1157=LINE('',#20165,#1690);
#1158=LINE('',#20167,#1691);
#1159=LINE('',#20169,#1692);
#1160=LINE('',#20171,#1693);
#1161=LINE('',#20173,#1694);
#1162=LINE('',#20175,#1695);
#1163=LINE('',#20177,#1696);
#1164=LINE('',#20179,#1697);
#1165=LINE('',#20181,#1698);
#1166=LINE('',#20183,#1699);
#1167=LINE('',#20184,#1700);
#1168=LINE('',#20186,#1701);
#1169=LINE('',#20188,#1702);
#1170=LINE('',#20190,#1703);
#1171=LINE('',#20192,#1704);
#1172=LINE('',#20194,#1705);
#1173=LINE('',#20196,#1706);
#1174=LINE('',#20198,#1707);
#1175=LINE('',#20200,#1708);
#1176=LINE('',#20202,#1709);
#1177=LINE('',#20204,#1710);
#1178=LINE('',#20205,#1711);
#1179=LINE('',#20207,#1712);
#1180=LINE('',#20209,#1713);
#1181=LINE('',#20211,#1714);
#1182=LINE('',#20213,#1715);
#1183=LINE('',#20215,#1716);
#1184=LINE('',#20217,#1717);
#1185=LINE('',#20218,#1718);
#1186=LINE('',#20220,#1719);
#1187=LINE('',#20222,#1720);
#1188=LINE('',#20227,#1721);
#1189=LINE('',#20231,#1722);
#1190=LINE('',#20233,#1723);
#1191=LINE('',#20235,#1724);
#1192=LINE('',#20245,#1725);
#1193=LINE('',#20246,#1726);
#1194=LINE('',#20248,#1727);
#1195=LINE('',#20250,#1728);
#1196=LINE('',#20252,#1729);
#1197=LINE('',#20254,#1730);
#1198=LINE('',#20255,#1731);
#1199=LINE('',#20257,#1732);
#1200=LINE('',#20259,#1733);
#1201=LINE('',#20261,#1734);
#1202=LINE('',#20263,#1735);
#1203=LINE('',#20317,#1736);
#1204=LINE('',#20319,#1737);
#1205=LINE('',#20321,#1738);
#1206=LINE('',#20323,#1739);
#1207=LINE('',#20325,#1740);
#1208=LINE('',#20327,#1741);
#1209=LINE('',#20329,#1742);
#1210=LINE('',#20331,#1743);
#1211=LINE('',#20333,#1744);
#1212=LINE('',#20335,#1745);
#1213=LINE('',#20337,#1746);
#1214=LINE('',#20339,#1747);
#1215=VECTOR('',#14103,1000.);
#1216=VECTOR('',#14106,1000.);
#1217=VECTOR('',#14119,1000.);
#1218=VECTOR('',#14122,1000.);
#1219=VECTOR('',#14129,1000.);
#1220=VECTOR('',#14146,1000.);
#1221=VECTOR('',#14179,1000.);
#1222=VECTOR('',#14180,1000.);
#1223=VECTOR('',#14187,1000.);
#1224=VECTOR('',#14188,1000.);
#1225=VECTOR('',#14199,1000.);
#1226=VECTOR('',#14206,1000.);
#1227=VECTOR('',#14213,1000.);
#1228=VECTOR('',#14220,1000.);
#1229=VECTOR('',#14237,1000.);
#1230=VECTOR('',#14248,1000.);
#1231=VECTOR('',#14257,1000.);
#1232=VECTOR('',#14264,1000.);
#1233=VECTOR('',#14271,1000.);
#1234=VECTOR('',#14274,1000.);
#1235=VECTOR('',#14279,1000.);
#1236=VECTOR('',#14282,1000.);
#1237=VECTOR('',#14297,1000.);
#1238=VECTOR('',#14302,1000.);
#1239=VECTOR('',#14321,1000.);
#1240=VECTOR('',#14324,1000.);
#1241=VECTOR('',#14327,1000.);
#1242=VECTOR('',#14330,1000.);
#1243=VECTOR('',#14333,1000.);
#1244=VECTOR('',#14336,1000.);
#1245=VECTOR('',#14337,1000.);
#1246=VECTOR('',#14344,1000.);
#1247=VECTOR('',#14349,1000.);
#1248=VECTOR('',#14356,1000.);
#1249=VECTOR('',#14361,1000.);
#1250=VECTOR('',#14364,1000.);
#1251=VECTOR('',#14367,1000.);
#1252=VECTOR('',#14370,1000.);
#1253=VECTOR('',#14371,1000.);
#1254=VECTOR('',#14378,1000.);
#1255=VECTOR('',#14383,1000.);
#1256=VECTOR('',#14548,1000.);
#1257=VECTOR('',#14549,1000.);
#1258=VECTOR('',#14552,1000.);
#1259=VECTOR('',#14555,1000.);
#1260=VECTOR('',#14558,1000.);
#1261=VECTOR('',#14561,1000.);
#1262=VECTOR('',#14564,1000.);
#1263=VECTOR('',#14567,1000.);
#1264=VECTOR('',#14570,1000.);
#1265=VECTOR('',#14573,1000.);
#1266=VECTOR('',#14576,1000.);
#1267=VECTOR('',#14579,1000.);
#1268=VECTOR('',#14584,1000.);
#1269=VECTOR('',#14585,1000.);
#1270=VECTOR('',#14590,1000.);
#1271=VECTOR('',#14593,1000.);
#1272=VECTOR('',#14596,1000.);
#1273=VECTOR('',#14599,1000.);
#1274=VECTOR('',#14602,1000.);
#1275=VECTOR('',#14605,1000.);
#1276=VECTOR('',#14612,1000.);
#1277=VECTOR('',#14615,1000.);
#1278=VECTOR('',#14618,1000.);
#1279=VECTOR('',#14621,1000.);
#1280=VECTOR('',#14626,1000.);
#1281=VECTOR('',#14631,1000.);
#1282=VECTOR('',#14634,1000.);
#1283=VECTOR('',#14639,1000.);
#1284=VECTOR('',#14646,1000.);
#1285=VECTOR('',#14747,1000.);
#1286=VECTOR('',#14748,1000.);
#1287=VECTOR('',#14749,1000.);
#1288=VECTOR('',#14752,1000.);
#1289=VECTOR('',#14757,1000.);
#1290=VECTOR('',#14762,1000.);
#1291=VECTOR('',#14767,1000.);
#1292=VECTOR('',#14768,1000.);
#1293=VECTOR('',#14771,1000.);
#1294=VECTOR('',#14776,1000.);
#1295=VECTOR('',#14781,1000.);
#1296=VECTOR('',#14786,1000.);
#1297=VECTOR('',#14787,1000.);
#1298=VECTOR('',#14790,1000.);
#1299=VECTOR('',#14795,1000.);
#1300=VECTOR('',#14800,1000.);
#1301=VECTOR('',#14805,1000.);
#1302=VECTOR('',#14806,1000.);
#1303=VECTOR('',#14809,1000.);
#1304=VECTOR('',#14814,1000.);
#1305=VECTOR('',#14823,1000.);
#1306=VECTOR('',#14830,1000.);
#1307=VECTOR('',#14837,1000.);
#1308=VECTOR('',#14844,1000.);
#1309=VECTOR('',#14853,1000.);
#1310=VECTOR('',#14854,1000.);
#1311=VECTOR('',#14855,1000.);
#1312=VECTOR('',#14860,1000.);
#1313=VECTOR('',#14865,1000.);
#1314=VECTOR('',#14870,1000.);
#1315=VECTOR('',#14873,1000.);
#1316=VECTOR('',#14874,1000.);
#1317=VECTOR('',#14879,1000.);
#1318=VECTOR('',#14884,1000.);
#1319=VECTOR('',#14889,1000.);
#1320=VECTOR('',#14892,1000.);
#1321=VECTOR('',#14893,1000.);
#1322=VECTOR('',#14898,1000.);
#1323=VECTOR('',#14903,1000.);
#1324=VECTOR('',#14908,1000.);
#1325=VECTOR('',#14911,1000.);
#1326=VECTOR('',#14912,1000.);
#1327=VECTOR('',#14917,1000.);
#1328=VECTOR('',#14922,1000.);
#1329=VECTOR('',#14927,1000.);
#1330=VECTOR('',#14930,1000.);
#1331=VECTOR('',#14933,1000.);
#1332=VECTOR('',#14934,1000.);
#1333=VECTOR('',#14935,1000.);
#1334=VECTOR('',#14942,1000.);
#1335=VECTOR('',#14945,1000.);
#1336=VECTOR('',#14946,1000.);
#1337=VECTOR('',#14947,1000.);
#1338=VECTOR('',#14954,1000.);
#1339=VECTOR('',#14957,1000.);
#1340=VECTOR('',#14958,1000.);
#1341=VECTOR('',#14959,1000.);
#1342=VECTOR('',#14966,1000.);
#1343=VECTOR('',#14969,1000.);
#1344=VECTOR('',#14970,1000.);
#1345=VECTOR('',#14979,1000.);
#1346=VECTOR('',#14980,1000.);
#1347=VECTOR('',#14981,1000.);
#1348=VECTOR('',#14982,1000.);
#1349=VECTOR('',#14983,1000.);
#1350=VECTOR('',#14984,1000.);
#1351=VECTOR('',#14985,1000.);
#1352=VECTOR('',#14986,1000.);
#1353=VECTOR('',#14987,1000.);
#1354=VECTOR('',#14988,1000.);
#1355=VECTOR('',#14989,1000.);
#1356=VECTOR('',#14990,1000.);
#1357=VECTOR('',#14991,1000.);
#1358=VECTOR('',#14992,1000.);
#1359=VECTOR('',#14993,1000.);
#1360=VECTOR('',#14994,1000.);
#1361=VECTOR('',#14995,1000.);
#1362=VECTOR('',#14996,1000.);
#1363=VECTOR('',#14997,1000.);
#1364=VECTOR('',#14998,1000.);
#1365=VECTOR('',#14999,1000.);
#1366=VECTOR('',#15000,1000.);
#1367=VECTOR('',#15001,1000.);
#1368=VECTOR('',#15002,1000.);
#1369=VECTOR('',#15003,1000.);
#1370=VECTOR('',#15004,1000.);
#1371=VECTOR('',#15005,1000.);
#1372=VECTOR('',#15006,1000.);
#1373=VECTOR('',#15007,1000.);
#1374=VECTOR('',#15008,1000.);
#1375=VECTOR('',#15009,1000.);
#1376=VECTOR('',#15010,1000.);
#1377=VECTOR('',#15011,1000.);
#1378=VECTOR('',#15012,1000.);
#1379=VECTOR('',#15013,1000.);
#1380=VECTOR('',#15014,1000.);
#1381=VECTOR('',#15015,1000.);
#1382=VECTOR('',#15016,1000.);
#1383=VECTOR('',#15017,1000.);
#1384=VECTOR('',#15018,1000.);
#1385=VECTOR('',#15019,1000.);
#1386=VECTOR('',#15020,1000.);
#1387=VECTOR('',#15021,1000.);
#1388=VECTOR('',#15022,1000.);
#1389=VECTOR('',#15023,1000.);
#1390=VECTOR('',#15024,1000.);
#1391=VECTOR('',#15025,1000.);
#1392=VECTOR('',#15026,1000.);
#1393=VECTOR('',#15027,1000.);
#1394=VECTOR('',#15028,1000.);
#1395=VECTOR('',#15029,1000.);
#1396=VECTOR('',#15030,1000.);
#1397=VECTOR('',#15031,1000.);
#1398=VECTOR('',#15032,1000.);
#1399=VECTOR('',#15033,1000.);
#1400=VECTOR('',#15034,1000.);
#1401=VECTOR('',#15035,1000.);
#1402=VECTOR('',#15036,1000.);
#1403=VECTOR('',#15037,1000.);
#1404=VECTOR('',#15038,1000.);
#1405=VECTOR('',#15041,1000.);
#1406=VECTOR('',#15042,1000.);
#1407=VECTOR('',#15043,1000.);
#1408=VECTOR('',#15046,1000.);
#1409=VECTOR('',#15047,1000.);
#1410=VECTOR('',#15050,1000.);
#1411=VECTOR('',#15051,1000.);
#1412=VECTOR('',#15054,1000.);
#1413=VECTOR('',#15055,1000.);
#1414=VECTOR('',#15058,1000.);
#1415=VECTOR('',#15059,1000.);
#1416=VECTOR('',#15062,1000.);
#1417=VECTOR('',#15063,1000.);
#1418=VECTOR('',#15066,1000.);
#1419=VECTOR('',#15067,1000.);
#1420=VECTOR('',#15070,1000.);
#1421=VECTOR('',#15071,1000.);
#1422=VECTOR('',#15074,1000.);
#1423=VECTOR('',#15075,1000.);
#1424=VECTOR('',#15078,1000.);
#1425=VECTOR('',#15079,1000.);
#1426=VECTOR('',#15082,1000.);
#1427=VECTOR('',#15083,1000.);
#1428=VECTOR('',#15086,1000.);
#1429=VECTOR('',#15087,1000.);
#1430=VECTOR('',#15090,1000.);
#1431=VECTOR('',#15091,1000.);
#1432=VECTOR('',#15094,1000.);
#1433=VECTOR('',#15095,1000.);
#1434=VECTOR('',#15098,1000.);
#1435=VECTOR('',#15099,1000.);
#1436=VECTOR('',#15102,1000.);
#1437=VECTOR('',#15103,1000.);
#1438=VECTOR('',#15106,1000.);
#1439=VECTOR('',#15107,1000.);
#1440=VECTOR('',#15110,1000.);
#1441=VECTOR('',#15111,1000.);
#1442=VECTOR('',#15114,1000.);
#1443=VECTOR('',#15115,1000.);
#1444=VECTOR('',#15118,1000.);
#1445=VECTOR('',#15119,1000.);
#1446=VECTOR('',#15122,1000.);
#1447=VECTOR('',#15123,1000.);
#1448=VECTOR('',#15126,1000.);
#1449=VECTOR('',#15127,1000.);
#1450=VECTOR('',#15130,1000.);
#1451=VECTOR('',#15131,1000.);
#1452=VECTOR('',#15134,1000.);
#1453=VECTOR('',#15135,1000.);
#1454=VECTOR('',#15138,1000.);
#1455=VECTOR('',#15139,1000.);
#1456=VECTOR('',#15142,1000.);
#1457=VECTOR('',#15143,1000.);
#1458=VECTOR('',#15146,1000.);
#1459=VECTOR('',#15147,1000.);
#1460=VECTOR('',#15150,1000.);
#1461=VECTOR('',#15151,1000.);
#1462=VECTOR('',#15154,1000.);
#1463=VECTOR('',#15155,1000.);
#1464=VECTOR('',#15158,1000.);
#1465=VECTOR('',#15159,1000.);
#1466=VECTOR('',#15162,1000.);
#1467=VECTOR('',#15163,1000.);
#1468=VECTOR('',#15166,1000.);
#1469=VECTOR('',#15167,1000.);
#1470=VECTOR('',#15170,1000.);
#1471=VECTOR('',#15171,1000.);
#1472=VECTOR('',#15174,1000.);
#1473=VECTOR('',#15175,1000.);
#1474=VECTOR('',#15178,1000.);
#1475=VECTOR('',#15179,1000.);
#1476=VECTOR('',#15182,1000.);
#1477=VECTOR('',#15183,1000.);
#1478=VECTOR('',#15186,1000.);
#1479=VECTOR('',#15187,1000.);
#1480=VECTOR('',#15190,1000.);
#1481=VECTOR('',#15191,1000.);
#1482=VECTOR('',#15194,1000.);
#1483=VECTOR('',#15195,1000.);
#1484=VECTOR('',#15198,1000.);
#1485=VECTOR('',#15199,1000.);
#1486=VECTOR('',#15202,1000.);
#1487=VECTOR('',#15203,1000.);
#1488=VECTOR('',#15206,1000.);
#1489=VECTOR('',#15207,1000.);
#1490=VECTOR('',#15210,1000.);
#1491=VECTOR('',#15211,1000.);
#1492=VECTOR('',#15214,1000.);
#1493=VECTOR('',#15215,1000.);
#1494=VECTOR('',#15218,1000.);
#1495=VECTOR('',#15219,1000.);
#1496=VECTOR('',#15222,1000.);
#1497=VECTOR('',#15223,1000.);
#1498=VECTOR('',#15226,1000.);
#1499=VECTOR('',#15227,1000.);
#1500=VECTOR('',#15230,1000.);
#1501=VECTOR('',#15231,1000.);
#1502=VECTOR('',#15234,1000.);
#1503=VECTOR('',#15235,1000.);
#1504=VECTOR('',#15238,1000.);
#1505=VECTOR('',#15239,1000.);
#1506=VECTOR('',#15242,1000.);
#1507=VECTOR('',#15243,1000.);
#1508=VECTOR('',#15246,1000.);
#1509=VECTOR('',#15247,1000.);
#1510=VECTOR('',#15250,1000.);
#1511=VECTOR('',#15251,1000.);
#1512=VECTOR('',#15254,1000.);
#1513=VECTOR('',#15255,1000.);
#1514=VECTOR('',#15258,1000.);
#1515=VECTOR('',#15259,1000.);
#1516=VECTOR('',#15262,1000.);
#1517=VECTOR('',#15263,1000.);
#1518=VECTOR('',#15266,1000.);
#1519=VECTOR('',#15267,1000.);
#1520=VECTOR('',#15270,1000.);
#1521=VECTOR('',#15271,1000.);
#1522=VECTOR('',#15274,1000.);
#1523=VECTOR('',#15275,1000.);
#1524=VECTOR('',#15362,1000.);
#1525=VECTOR('',#15791,1000.);
#1526=VECTOR('',#15792,1000.);
#1527=VECTOR('',#15793,1000.);
#1528=VECTOR('',#15796,1000.);
#1529=VECTOR('',#15801,1000.);
#1530=VECTOR('',#15802,1000.);
#1531=VECTOR('',#15805,1000.);
#1532=VECTOR('',#15810,1000.);
#1533=VECTOR('',#15811,1000.);
#1534=VECTOR('',#15814,1000.);
#1535=VECTOR('',#15815,1000.);
#1536=VECTOR('',#15816,1000.);
#1537=VECTOR('',#15821,1000.);
#1538=VECTOR('',#15822,1000.);
#1539=VECTOR('',#15827,1000.);
#1540=VECTOR('',#15840,1000.);
#1541=VECTOR('',#15845,1000.);
#1542=VECTOR('',#15864,1000.);
#1543=VECTOR('',#15869,1000.);
#1544=VECTOR('',#15966,1000.);
#1545=VECTOR('',#15969,1000.);
#1546=VECTOR('',#15972,1000.);
#1547=VECTOR('',#15975,1000.);
#1548=VECTOR('',#15978,1000.);
#1549=VECTOR('',#15981,1000.);
#1550=VECTOR('',#15988,1000.);
#1551=VECTOR('',#15989,1000.);
#1552=VECTOR('',#15992,1000.);
#1553=VECTOR('',#15993,1000.);
#1554=VECTOR('',#15996,1000.);
#1555=VECTOR('',#15997,1000.);
#1556=VECTOR('',#16000,1000.);
#1557=VECTOR('',#16001,1000.);
#1558=VECTOR('',#16004,1000.);
#1559=VECTOR('',#16005,1000.);
#1560=VECTOR('',#16008,1000.);
#1561=VECTOR('',#16009,1000.);
#1562=VECTOR('',#16028,1000.);
#1563=VECTOR('',#16029,1000.);
#1564=VECTOR('',#16036,1000.);
#1565=VECTOR('',#16037,1000.);
#1566=VECTOR('',#16042,1000.);
#1567=VECTOR('',#16045,1000.);
#1568=VECTOR('',#16050,1000.);
#1569=VECTOR('',#16053,1000.);
#1570=VECTOR('',#16056,1000.);
#1571=VECTOR('',#16059,1000.);
#1572=VECTOR('',#16062,1000.);
#1573=VECTOR('',#16065,1000.);
#1574=VECTOR('',#16094,1000.);
#1575=VECTOR('',#16095,1000.);
#1576=VECTOR('',#16100,1000.);
#1577=VECTOR('',#16103,1000.);
#1578=VECTOR('',#16106,1000.);
#1579=VECTOR('',#16107,1000.);
#1580=VECTOR('',#16112,1000.);
#1581=VECTOR('',#16113,1000.);
#1582=VECTOR('',#16118,1000.);
#1583=VECTOR('',#16119,1000.);
#1584=VECTOR('',#16124,1000.);
#1585=VECTOR('',#16125,1000.);
#1586=VECTOR('',#16200,1000.);
#1587=VECTOR('',#16201,1000.);
#1588=VECTOR('',#16202,1000.);
#1589=VECTOR('',#16203,1000.);
#1590=VECTOR('',#16204,1000.);
#1591=VECTOR('',#16205,1000.);
#1592=VECTOR('',#16224,1000.);
#1593=VECTOR('',#16225,1000.);
#1594=VECTOR('',#16230,1000.);
#1595=VECTOR('',#16231,1000.);
#1596=VECTOR('',#16276,1000.);
#1597=VECTOR('',#16279,1000.);
#1598=VECTOR('',#16284,1000.);
#1599=VECTOR('',#16287,1000.);
#1600=VECTOR('',#16326,1000.);
#1601=VECTOR('',#16327,1000.);
#1602=VECTOR('',#16328,1000.);
#1603=VECTOR('',#16329,1000.);
#1604=VECTOR('',#16332,1000.);
#1605=VECTOR('',#16333,1000.);
#1606=VECTOR('',#16334,1000.);
#1607=VECTOR('',#16337,1000.);
#1608=VECTOR('',#16338,1000.);
#1609=VECTOR('',#16339,1000.);
#1610=VECTOR('',#16426,1000.);
#1611=VECTOR('',#16431,1000.);
#1612=VECTOR('',#16436,1000.);
#1613=VECTOR('',#16441,1000.);
#1614=VECTOR('',#16446,1000.);
#1615=VECTOR('',#16451,1000.);
#1616=VECTOR('',#16550,1000.);
#1617=VECTOR('',#16551,1000.);
#1618=VECTOR('',#16552,1000.);
#1619=VECTOR('',#16553,1000.);
#1620=VECTOR('',#16556,1000.);
#1621=VECTOR('',#16557,1000.);
#1622=VECTOR('',#16558,1000.);
#1623=VECTOR('',#16561,1000.);
#1624=VECTOR('',#16562,1000.);
#1625=VECTOR('',#16563,1000.);
#1626=VECTOR('',#16566,1000.);
#1627=VECTOR('',#16567,1000.);
#1628=VECTOR('',#16568,1000.);
#1629=VECTOR('',#16571,1000.);
#1630=VECTOR('',#16572,1000.);
#1631=VECTOR('',#16573,1000.);
#1632=VECTOR('',#16576,1000.);
#1633=VECTOR('',#16577,1000.);
#1634=VECTOR('',#16652,1000.);
#1635=VECTOR('',#16653,1000.);
#1636=VECTOR('',#16654,1000.);
#1637=VECTOR('',#16657,1000.);
#1638=VECTOR('',#16658,1000.);
#1639=VECTOR('',#16661,1000.);
#1640=VECTOR('',#16662,1000.);
#1641=VECTOR('',#16665,1000.);
#1642=VECTOR('',#16666,1000.);
#1643=VECTOR('',#16669,1000.);
#1644=VECTOR('',#16670,1000.);
#1645=VECTOR('',#16673,1000.);
#1646=VECTOR('',#16680,1000.);
#1647=VECTOR('',#16681,1000.);
#1648=VECTOR('',#16682,1000.);
#1649=VECTOR('',#16683,1000.);
#1650=VECTOR('',#16684,1000.);
#1651=VECTOR('',#16685,1000.);
#1652=VECTOR('',#16724,1000.);
#1653=VECTOR('',#16725,1000.);
#1654=VECTOR('',#16726,1000.);
#1655=VECTOR('',#16727,1000.);
#1656=VECTOR('',#16728,1000.);
#1657=VECTOR('',#16729,1000.);
#1658=VECTOR('',#16734,1000.);
#1659=VECTOR('',#16735,1000.);
#1660=VECTOR('',#16738,1000.);
#1661=VECTOR('',#16741,1000.);
#1662=VECTOR('',#16744,1000.);
#1663=VECTOR('',#16747,1000.);
#1664=VECTOR('',#16832,1000.);
#1665=VECTOR('',#16833,1000.);
#1666=VECTOR('',#16834,1000.);
#1667=VECTOR('',#16837,1000.);
#1668=VECTOR('',#16838,1000.);
#1669=VECTOR('',#16841,1000.);
#1670=VECTOR('',#16842,1000.);
#1671=VECTOR('',#16845,1000.);
#1672=VECTOR('',#16846,1000.);
#1673=VECTOR('',#16849,1000.);
#1674=VECTOR('',#16850,1000.);
#1675=VECTOR('',#16853,1000.);
#1676=VECTOR('',#16860,1000.);
#1677=VECTOR('',#16861,1000.);
#1678=VECTOR('',#16862,1000.);
#1679=VECTOR('',#16863,1000.);
#1680=VECTOR('',#16864,1000.);
#1681=VECTOR('',#16865,1000.);
#1682=VECTOR('',#16866,1000.);
#1683=VECTOR('',#16867,1000.);
#1684=VECTOR('',#16868,1000.);
#1685=VECTOR('',#16869,1000.);
#1686=VECTOR('',#16870,1000.);
#1687=VECTOR('',#16871,1000.);
#1688=VECTOR('',#16874,1000.);
#1689=VECTOR('',#16875,1000.);
#1690=VECTOR('',#16876,1000.);
#1691=VECTOR('',#16877,1000.);
#1692=VECTOR('',#16878,1000.);
#1693=VECTOR('',#16879,1000.);
#1694=VECTOR('',#16880,1000.);
#1695=VECTOR('',#16881,1000.);
#1696=VECTOR('',#16884,1000.);
#1697=VECTOR('',#16885,1000.);
#1698=VECTOR('',#16886,1000.);
#1699=VECTOR('',#16887,1000.);
#1700=VECTOR('',#16888,1000.);
#1701=VECTOR('',#16889,1000.);
#1702=VECTOR('',#16892,1000.);
#1703=VECTOR('',#16893,1000.);
#1704=VECTOR('',#16894,1000.);
#1705=VECTOR('',#16897,1000.);
#1706=VECTOR('',#16898,1000.);
#1707=VECTOR('',#16899,1000.);
#1708=VECTOR('',#16902,1000.);
#1709=VECTOR('',#16903,1000.);
#1710=VECTOR('',#16904,1000.);
#1711=VECTOR('',#16905,1000.);
#1712=VECTOR('',#16906,1000.);
#1713=VECTOR('',#16907,1000.);
#1714=VECTOR('',#16910,1000.);
#1715=VECTOR('',#16911,1000.);
#1716=VECTOR('',#16912,1000.);
#1717=VECTOR('',#16913,1000.);
#1718=VECTOR('',#16914,1000.);
#1719=VECTOR('',#16915,1000.);
#1720=VECTOR('',#16918,1000.);
#1721=VECTOR('',#16925,1000.);
#1722=VECTOR('',#16932,1000.);
#1723=VECTOR('',#16933,1000.);
#1724=VECTOR('',#16934,1000.);
#1725=VECTOR('',#16947,1000.);
#1726=VECTOR('',#16948,1000.);
#1727=VECTOR('',#16951,1000.);
#1728=VECTOR('',#16952,1000.);
#1729=VECTOR('',#16953,1000.);
#1730=VECTOR('',#16956,1000.);
#1731=VECTOR('',#16957,1000.);
#1732=VECTOR('',#16960,1000.);
#1733=VECTOR('',#16963,1000.);
#1734=VECTOR('',#16966,1000.);
#1735=VECTOR('',#16969,1000.);
#1736=VECTOR('',#16996,1000.);
#1737=VECTOR('',#16997,1000.);
#1738=VECTOR('',#16998,1000.);
#1739=VECTOR('',#17001,1000.);
#1740=VECTOR('',#17002,1000.);
#1741=VECTOR('',#17005,1000.);
#1742=VECTOR('',#17006,1000.);
#1743=VECTOR('',#17009,1000.);
#1744=VECTOR('',#17010,1000.);
#1745=VECTOR('',#17013,1000.);
#1746=VECTOR('',#17014,1000.);
#1747=VECTOR('',#17017,1000.);
#1748=ORIENTED_EDGE('',*,*,#4176,.F.);
#1749=ORIENTED_EDGE('',*,*,#4177,.F.);
#1750=ORIENTED_EDGE('',*,*,#4178,.F.);
#1751=ORIENTED_EDGE('',*,*,#4179,.F.);
#1752=ORIENTED_EDGE('',*,*,#4180,.F.);
#1753=ORIENTED_EDGE('',*,*,#4181,.F.);
#1754=ORIENTED_EDGE('',*,*,#4182,.F.);
#1755=ORIENTED_EDGE('',*,*,#4183,.F.);
#1756=ORIENTED_EDGE('',*,*,#4184,.F.);
#1757=ORIENTED_EDGE('',*,*,#4185,.T.);
#1758=ORIENTED_EDGE('',*,*,#4186,.F.);
#1759=ORIENTED_EDGE('',*,*,#4187,.F.);
#1760=ORIENTED_EDGE('',*,*,#4188,.F.);
#1761=ORIENTED_EDGE('',*,*,#4189,.F.);
#1762=ORIENTED_EDGE('',*,*,#4190,.F.);
#1763=ORIENTED_EDGE('',*,*,#4191,.F.);
#1764=ORIENTED_EDGE('',*,*,#4192,.F.);
#1765=ORIENTED_EDGE('',*,*,#4193,.F.);
#1766=ORIENTED_EDGE('',*,*,#4194,.F.);
#1767=ORIENTED_EDGE('',*,*,#4195,.F.);
#1768=ORIENTED_EDGE('',*,*,#4196,.F.);
#1769=ORIENTED_EDGE('',*,*,#4197,.T.);
#1770=ORIENTED_EDGE('',*,*,#4198,.T.);
#1771=ORIENTED_EDGE('',*,*,#4199,.T.);
#1772=ORIENTED_EDGE('',*,*,#4200,.F.);
#1773=ORIENTED_EDGE('',*,*,#4201,.T.);
#1774=ORIENTED_EDGE('',*,*,#4202,.T.);
#1775=ORIENTED_EDGE('',*,*,#4203,.T.);
#1776=ORIENTED_EDGE('',*,*,#4200,.T.);
#1777=ORIENTED_EDGE('',*,*,#4204,.T.);
#1778=ORIENTED_EDGE('',*,*,#4205,.T.);
#1779=ORIENTED_EDGE('',*,*,#4206,.F.);
#1780=ORIENTED_EDGE('',*,*,#4207,.T.);
#1781=ORIENTED_EDGE('',*,*,#4208,.T.);
#1782=ORIENTED_EDGE('',*,*,#4209,.T.);
#1783=ORIENTED_EDGE('',*,*,#4201,.F.);
#1784=ORIENTED_EDGE('',*,*,#4205,.F.);
#1785=ORIENTED_EDGE('',*,*,#4209,.F.);
#1786=ORIENTED_EDGE('',*,*,#4210,.T.);
#1787=ORIENTED_EDGE('',*,*,#4211,.T.);
#1788=ORIENTED_EDGE('',*,*,#4202,.F.);
#1789=ORIENTED_EDGE('',*,*,#4212,.T.);
#1790=ORIENTED_EDGE('',*,*,#4213,.T.);
#1791=ORIENTED_EDGE('',*,*,#4214,.T.);
#1792=ORIENTED_EDGE('',*,*,#4215,.T.);
#1793=ORIENTED_EDGE('',*,*,#4216,.T.);
#1794=ORIENTED_EDGE('',*,*,#4217,.F.);
#1795=ORIENTED_EDGE('',*,*,#4218,.T.);
#1796=ORIENTED_EDGE('',*,*,#4219,.T.);
#1797=ORIENTED_EDGE('',*,*,#4220,.T.);
#1798=ORIENTED_EDGE('',*,*,#4217,.T.);
#1799=ORIENTED_EDGE('',*,*,#4221,.F.);
#1800=ORIENTED_EDGE('',*,*,#4222,.T.);
#1801=ORIENTED_EDGE('',*,*,#4223,.T.);
#1802=ORIENTED_EDGE('',*,*,#4224,.T.);
#1803=ORIENTED_EDGE('',*,*,#4219,.F.);
#1804=ORIENTED_EDGE('',*,*,#4216,.F.);
#1805=ORIENTED_EDGE('',*,*,#4225,.T.);
#1806=ORIENTED_EDGE('',*,*,#4226,.T.);
#1807=ORIENTED_EDGE('',*,*,#4222,.F.);
#1808=ORIENTED_EDGE('',*,*,#4215,.F.);
#1809=ORIENTED_EDGE('',*,*,#4227,.T.);
#1810=ORIENTED_EDGE('',*,*,#4228,.F.);
#1811=ORIENTED_EDGE('',*,*,#4229,.T.);
#1812=ORIENTED_EDGE('',*,*,#4230,.F.);
#1813=ORIENTED_EDGE('',*,*,#4231,.T.);
#1814=ORIENTED_EDGE('',*,*,#4232,.F.);
#1815=ORIENTED_EDGE('',*,*,#4233,.T.);
#1816=ORIENTED_EDGE('',*,*,#4234,.T.);
#1817=ORIENTED_EDGE('',*,*,#4235,.T.);
#1818=ORIENTED_EDGE('',*,*,#4236,.T.);
#1819=ORIENTED_EDGE('',*,*,#4237,.F.);
#1820=ORIENTED_EDGE('',*,*,#4238,.T.);
#1821=ORIENTED_EDGE('',*,*,#4239,.T.);
#1822=ORIENTED_EDGE('',*,*,#4240,.T.);
#1823=ORIENTED_EDGE('',*,*,#4241,.T.);
#1824=ORIENTED_EDGE('',*,*,#4242,.T.);
#1825=ORIENTED_EDGE('',*,*,#4243,.T.);
#1826=ORIENTED_EDGE('',*,*,#4244,.T.);
#1827=ORIENTED_EDGE('',*,*,#4245,.F.);
#1828=ORIENTED_EDGE('',*,*,#4246,.F.);
#1829=ORIENTED_EDGE('',*,*,#4247,.T.);
#1830=ORIENTED_EDGE('',*,*,#4248,.F.);
#1831=ORIENTED_EDGE('',*,*,#4249,.F.);
#1832=ORIENTED_EDGE('',*,*,#4250,.F.);
#1833=ORIENTED_EDGE('',*,*,#4251,.T.);
#1834=ORIENTED_EDGE('',*,*,#4252,.F.);
#1835=ORIENTED_EDGE('',*,*,#4253,.F.);
#1836=ORIENTED_EDGE('',*,*,#4254,.F.);
#1837=ORIENTED_EDGE('',*,*,#4255,.T.);
#1838=ORIENTED_EDGE('',*,*,#4256,.F.);
#1839=ORIENTED_EDGE('',*,*,#4257,.F.);
#1840=ORIENTED_EDGE('',*,*,#4258,.F.);
#1841=ORIENTED_EDGE('',*,*,#4259,.T.);
#1842=ORIENTED_EDGE('',*,*,#4260,.F.);
#1843=ORIENTED_EDGE('',*,*,#4261,.T.);
#1844=ORIENTED_EDGE('',*,*,#4262,.T.);
#1845=ORIENTED_EDGE('',*,*,#4263,.T.);
#1846=ORIENTED_EDGE('',*,*,#4264,.T.);
#1847=ORIENTED_EDGE('',*,*,#4265,.T.);
#1848=ORIENTED_EDGE('',*,*,#4266,.T.);
#1849=ORIENTED_EDGE('',*,*,#4267,.F.);
#1850=ORIENTED_EDGE('',*,*,#4268,.T.);
#1851=ORIENTED_EDGE('',*,*,#4269,.F.);
#1852=ORIENTED_EDGE('',*,*,#4270,.T.);
#1853=ORIENTED_EDGE('',*,*,#4271,.F.);
#1854=ORIENTED_EDGE('',*,*,#4272,.T.);
#1855=ORIENTED_EDGE('',*,*,#4273,.T.);
#1856=ORIENTED_EDGE('',*,*,#4274,.T.);
#1857=ORIENTED_EDGE('',*,*,#4275,.T.);
#1858=ORIENTED_EDGE('',*,*,#4276,.F.);
#1859=ORIENTED_EDGE('',*,*,#4277,.T.);
#1860=ORIENTED_EDGE('',*,*,#4278,.T.);
#1861=ORIENTED_EDGE('',*,*,#4279,.F.);
#1862=ORIENTED_EDGE('',*,*,#4280,.T.);
#1863=ORIENTED_EDGE('',*,*,#4281,.T.);
#1864=ORIENTED_EDGE('',*,*,#4282,.F.);
#1865=ORIENTED_EDGE('',*,*,#4283,.T.);
#1866=ORIENTED_EDGE('',*,*,#4284,.T.);
#1867=ORIENTED_EDGE('',*,*,#4285,.T.);
#1868=ORIENTED_EDGE('',*,*,#4286,.F.);
#1869=ORIENTED_EDGE('',*,*,#4287,.F.);
#1870=ORIENTED_EDGE('',*,*,#4288,.T.);
#1871=ORIENTED_EDGE('',*,*,#4289,.F.);
#1872=ORIENTED_EDGE('',*,*,#4290,.F.);
#1873=ORIENTED_EDGE('',*,*,#4291,.F.);
#1874=ORIENTED_EDGE('',*,*,#4292,.T.);
#1875=ORIENTED_EDGE('',*,*,#4293,.F.);
#1876=ORIENTED_EDGE('',*,*,#4294,.T.);
#1877=ORIENTED_EDGE('',*,*,#4295,.F.);
#1878=ORIENTED_EDGE('',*,*,#4296,.T.);
#1879=ORIENTED_EDGE('',*,*,#4297,.F.);
#1880=ORIENTED_EDGE('',*,*,#4298,.T.);
#1881=ORIENTED_EDGE('',*,*,#4299,.F.);
#1882=ORIENTED_EDGE('',*,*,#4300,.T.);
#1883=ORIENTED_EDGE('',*,*,#4301,.F.);
#1884=ORIENTED_EDGE('',*,*,#4287,.T.);
#1885=ORIENTED_EDGE('',*,*,#4302,.F.);
#1886=ORIENTED_EDGE('',*,*,#4303,.T.);
#1887=ORIENTED_EDGE('',*,*,#4304,.F.);
#1888=ORIENTED_EDGE('',*,*,#4305,.T.);
#1889=ORIENTED_EDGE('',*,*,#4306,.F.);
#1890=ORIENTED_EDGE('',*,*,#4307,.T.);
#1891=ORIENTED_EDGE('',*,*,#4308,.F.);
#1892=ORIENTED_EDGE('',*,*,#4309,.T.);
#1893=ORIENTED_EDGE('',*,*,#4310,.T.);
#1894=ORIENTED_EDGE('',*,*,#4311,.F.);
#1895=ORIENTED_EDGE('',*,*,#4312,.T.);
#1896=ORIENTED_EDGE('',*,*,#4313,.F.);
#1897=ORIENTED_EDGE('',*,*,#4314,.T.);
#1898=ORIENTED_EDGE('',*,*,#4315,.F.);
#1899=ORIENTED_EDGE('',*,*,#4316,.T.);
#1900=ORIENTED_EDGE('',*,*,#4317,.T.);
#1901=ORIENTED_EDGE('',*,*,#4318,.F.);
#1902=ORIENTED_EDGE('',*,*,#4319,.F.);
#1903=ORIENTED_EDGE('',*,*,#4320,.T.);
#1904=ORIENTED_EDGE('',*,*,#4321,.F.);
#1905=ORIENTED_EDGE('',*,*,#4322,.T.);
#1906=ORIENTED_EDGE('',*,*,#4318,.T.);
#1907=ORIENTED_EDGE('',*,*,#4323,.T.);
#1908=ORIENTED_EDGE('',*,*,#4324,.F.);
#1909=ORIENTED_EDGE('',*,*,#4325,.T.);
#1910=ORIENTED_EDGE('',*,*,#4326,.T.);
#1911=ORIENTED_EDGE('',*,*,#4327,.T.);
#1912=ORIENTED_EDGE('',*,*,#4328,.T.);
#1913=ORIENTED_EDGE('',*,*,#4324,.T.);
#1914=ORIENTED_EDGE('',*,*,#4329,.T.);
#1915=ORIENTED_EDGE('',*,*,#4330,.F.);
#1916=ORIENTED_EDGE('',*,*,#4331,.F.);
#1917=ORIENTED_EDGE('',*,*,#4330,.T.);
#1918=ORIENTED_EDGE('',*,*,#4332,.T.);
#1919=ORIENTED_EDGE('',*,*,#4333,.F.);
#1920=ORIENTED_EDGE('',*,*,#4334,.T.);
#1921=ORIENTED_EDGE('',*,*,#4335,.T.);
#1922=ORIENTED_EDGE('',*,*,#4336,.T.);
#1923=ORIENTED_EDGE('',*,*,#4337,.T.);
#1924=ORIENTED_EDGE('',*,*,#4333,.T.);
#1925=ORIENTED_EDGE('',*,*,#4338,.T.);
#1926=ORIENTED_EDGE('',*,*,#4339,.F.);
#1927=ORIENTED_EDGE('',*,*,#4340,.T.);
#1928=ORIENTED_EDGE('',*,*,#4341,.F.);
#1929=ORIENTED_EDGE('',*,*,#4342,.T.);
#1930=ORIENTED_EDGE('',*,*,#4343,.F.);
#1931=ORIENTED_EDGE('',*,*,#4344,.T.);
#1932=ORIENTED_EDGE('',*,*,#4345,.T.);
#1933=ORIENTED_EDGE('',*,*,#4346,.F.);
#1934=ORIENTED_EDGE('',*,*,#4347,.F.);
#1935=ORIENTED_EDGE('',*,*,#4348,.T.);
#1936=ORIENTED_EDGE('',*,*,#4349,.F.);
#1937=ORIENTED_EDGE('',*,*,#4350,.T.);
#1938=ORIENTED_EDGE('',*,*,#4346,.T.);
#1939=ORIENTED_EDGE('',*,*,#4351,.T.);
#1940=ORIENTED_EDGE('',*,*,#4352,.F.);
#1941=ORIENTED_EDGE('',*,*,#4353,.T.);
#1942=ORIENTED_EDGE('',*,*,#4354,.T.);
#1943=ORIENTED_EDGE('',*,*,#4355,.T.);
#1944=ORIENTED_EDGE('',*,*,#4356,.T.);
#1945=ORIENTED_EDGE('',*,*,#4352,.T.);
#1946=ORIENTED_EDGE('',*,*,#4357,.T.);
#1947=ORIENTED_EDGE('',*,*,#4358,.F.);
#1948=ORIENTED_EDGE('',*,*,#4359,.F.);
#1949=ORIENTED_EDGE('',*,*,#4358,.T.);
#1950=ORIENTED_EDGE('',*,*,#4360,.T.);
#1951=ORIENTED_EDGE('',*,*,#4309,.F.);
#1952=ORIENTED_EDGE('',*,*,#4361,.T.);
#1953=ORIENTED_EDGE('',*,*,#4362,.T.);
#1954=ORIENTED_EDGE('',*,*,#4363,.T.);
#1955=ORIENTED_EDGE('',*,*,#4364,.T.);
#1956=ORIENTED_EDGE('',*,*,#4365,.F.);
#1957=ORIENTED_EDGE('',*,*,#4366,.F.);
#1958=ORIENTED_EDGE('',*,*,#4350,.F.);
#1959=ORIENTED_EDGE('',*,*,#4367,.F.);
#1960=ORIENTED_EDGE('',*,*,#4368,.F.);
#1961=ORIENTED_EDGE('',*,*,#4369,.F.);
#1962=ORIENTED_EDGE('',*,*,#4366,.T.);
#1963=ORIENTED_EDGE('',*,*,#4370,.F.);
#1964=ORIENTED_EDGE('',*,*,#4340,.F.);
#1965=ORIENTED_EDGE('',*,*,#4368,.T.);
#1966=ORIENTED_EDGE('',*,*,#4371,.F.);
#1967=ORIENTED_EDGE('',*,*,#4312,.F.);
#1968=ORIENTED_EDGE('',*,*,#4372,.F.);
#1969=ORIENTED_EDGE('',*,*,#4373,.F.);
#1970=ORIENTED_EDGE('',*,*,#4372,.T.);
#1971=ORIENTED_EDGE('',*,*,#4374,.F.);
#1972=ORIENTED_EDGE('',*,*,#4375,.F.);
#1973=ORIENTED_EDGE('',*,*,#4376,.F.);
#1974=ORIENTED_EDGE('',*,*,#4375,.T.);
#1975=ORIENTED_EDGE('',*,*,#4322,.F.);
#1976=ORIENTED_EDGE('',*,*,#4377,.F.);
#1977=ORIENTED_EDGE('',*,*,#4378,.F.);
#1978=ORIENTED_EDGE('',*,*,#4377,.T.);
#1979=ORIENTED_EDGE('',*,*,#4379,.F.);
#1980=ORIENTED_EDGE('',*,*,#4378,.T.);
#1981=ORIENTED_EDGE('',*,*,#4380,.F.);
#1982=ORIENTED_EDGE('',*,*,#4379,.T.);
#1983=ORIENTED_EDGE('',*,*,#4381,.F.);
#1984=ORIENTED_EDGE('',*,*,#4380,.T.);
#1985=ORIENTED_EDGE('',*,*,#4382,.F.);
#1986=ORIENTED_EDGE('',*,*,#4381,.T.);
#1987=ORIENTED_EDGE('',*,*,#4383,.T.);
#1988=ORIENTED_EDGE('',*,*,#4384,.F.);
#1989=ORIENTED_EDGE('',*,*,#4385,.F.);
#1990=ORIENTED_EDGE('',*,*,#4386,.F.);
#1991=ORIENTED_EDGE('',*,*,#4387,.F.);
#1992=ORIENTED_EDGE('',*,*,#4388,.F.);
#1993=ORIENTED_EDGE('',*,*,#4389,.F.);
#1994=ORIENTED_EDGE('',*,*,#4390,.F.);
#1995=ORIENTED_EDGE('',*,*,#4391,.F.);
#1996=ORIENTED_EDGE('',*,*,#4392,.F.);
#1997=ORIENTED_EDGE('',*,*,#4382,.T.);
#1998=ORIENTED_EDGE('',*,*,#4185,.F.);
#1999=ORIENTED_EDGE('',*,*,#4392,.T.);
#2000=ORIENTED_EDGE('',*,*,#4393,.F.);
#2001=ORIENTED_EDGE('',*,*,#4186,.T.);
#2002=ORIENTED_EDGE('',*,*,#4394,.T.);
#2003=ORIENTED_EDGE('',*,*,#4395,.T.);
#2004=ORIENTED_EDGE('',*,*,#4396,.T.);
#2005=ORIENTED_EDGE('',*,*,#4397,.T.);
#2006=ORIENTED_EDGE('',*,*,#4398,.T.);
#2007=ORIENTED_EDGE('',*,*,#4399,.T.);
#2008=ORIENTED_EDGE('',*,*,#4400,.T.);
#2009=ORIENTED_EDGE('',*,*,#4401,.T.);
#2010=ORIENTED_EDGE('',*,*,#4402,.T.);
#2011=ORIENTED_EDGE('',*,*,#4403,.T.);
#2012=ORIENTED_EDGE('',*,*,#4404,.T.);
#2013=ORIENTED_EDGE('',*,*,#4405,.T.);
#2014=ORIENTED_EDGE('',*,*,#4393,.T.);
#2015=ORIENTED_EDGE('',*,*,#4311,.T.);
#2016=ORIENTED_EDGE('',*,*,#4406,.T.);
#2017=ORIENTED_EDGE('',*,*,#4316,.F.);
#2018=ORIENTED_EDGE('',*,*,#4374,.T.);
#2019=ORIENTED_EDGE('',*,*,#4339,.T.);
#2020=ORIENTED_EDGE('',*,*,#4407,.T.);
#2021=ORIENTED_EDGE('',*,*,#4344,.F.);
#2022=ORIENTED_EDGE('',*,*,#4369,.T.);
#2023=ORIENTED_EDGE('',*,*,#4408,.F.);
#2024=ORIENTED_EDGE('',*,*,#4348,.F.);
#2025=ORIENTED_EDGE('',*,*,#4409,.T.);
#2026=ORIENTED_EDGE('',*,*,#4314,.F.);
#2027=ORIENTED_EDGE('',*,*,#4410,.T.);
#2028=ORIENTED_EDGE('',*,*,#4342,.F.);
#2029=ORIENTED_EDGE('',*,*,#4411,.F.);
#2030=ORIENTED_EDGE('',*,*,#4320,.F.);
#2031=ORIENTED_EDGE('',*,*,#4319,.T.);
#2032=ORIENTED_EDGE('',*,*,#4328,.F.);
#2033=ORIENTED_EDGE('',*,*,#4412,.T.);
#2034=ORIENTED_EDGE('',*,*,#4334,.F.);
#2035=ORIENTED_EDGE('',*,*,#4343,.T.);
#2036=ORIENTED_EDGE('',*,*,#4410,.F.);
#2037=ORIENTED_EDGE('',*,*,#4347,.T.);
#2038=ORIENTED_EDGE('',*,*,#4356,.F.);
#2039=ORIENTED_EDGE('',*,*,#4413,.T.);
#2040=ORIENTED_EDGE('',*,*,#4361,.F.);
#2041=ORIENTED_EDGE('',*,*,#4315,.T.);
#2042=ORIENTED_EDGE('',*,*,#4409,.F.);
#2043=ORIENTED_EDGE('',*,*,#4414,.T.);
#2044=ORIENTED_EDGE('',*,*,#4335,.F.);
#2045=ORIENTED_EDGE('',*,*,#4412,.F.);
#2046=ORIENTED_EDGE('',*,*,#4327,.F.);
#2047=ORIENTED_EDGE('',*,*,#4415,.T.);
#2048=ORIENTED_EDGE('',*,*,#4336,.F.);
#2049=ORIENTED_EDGE('',*,*,#4414,.F.);
#2050=ORIENTED_EDGE('',*,*,#4326,.F.);
#2051=ORIENTED_EDGE('',*,*,#4331,.T.);
#2052=ORIENTED_EDGE('',*,*,#4337,.F.);
#2053=ORIENTED_EDGE('',*,*,#4415,.F.);
#2054=ORIENTED_EDGE('',*,*,#4325,.F.);
#2055=ORIENTED_EDGE('',*,*,#4263,.F.);
#2056=ORIENTED_EDGE('',*,*,#4341,.T.);
#2057=ORIENTED_EDGE('',*,*,#4370,.T.);
#2058=ORIENTED_EDGE('',*,*,#4367,.T.);
#2059=ORIENTED_EDGE('',*,*,#4365,.T.);
#2060=ORIENTED_EDGE('',*,*,#4349,.T.);
#2061=ORIENTED_EDGE('',*,*,#4408,.T.);
#2062=ORIENTED_EDGE('',*,*,#4313,.T.);
#2063=ORIENTED_EDGE('',*,*,#4371,.T.);
#2064=ORIENTED_EDGE('',*,*,#4373,.T.);
#2065=ORIENTED_EDGE('',*,*,#4376,.T.);
#2066=ORIENTED_EDGE('',*,*,#4321,.T.);
#2067=ORIENTED_EDGE('',*,*,#4411,.T.);
#2068=ORIENTED_EDGE('',*,*,#4416,.T.);
#2069=ORIENTED_EDGE('',*,*,#4362,.F.);
#2070=ORIENTED_EDGE('',*,*,#4413,.F.);
#2071=ORIENTED_EDGE('',*,*,#4355,.F.);
#2072=ORIENTED_EDGE('',*,*,#4417,.T.);
#2073=ORIENTED_EDGE('',*,*,#4363,.F.);
#2074=ORIENTED_EDGE('',*,*,#4416,.F.);
#2075=ORIENTED_EDGE('',*,*,#4354,.F.);
#2076=ORIENTED_EDGE('',*,*,#4359,.T.);
#2077=ORIENTED_EDGE('',*,*,#4364,.F.);
#2078=ORIENTED_EDGE('',*,*,#4417,.F.);
#2079=ORIENTED_EDGE('',*,*,#4353,.F.);
#2080=ORIENTED_EDGE('',*,*,#4418,.F.);
#2081=ORIENTED_EDGE('',*,*,#4401,.F.);
#2082=ORIENTED_EDGE('',*,*,#4419,.F.);
#2083=ORIENTED_EDGE('',*,*,#4406,.F.);
#2084=ORIENTED_EDGE('',*,*,#4419,.T.);
#2085=ORIENTED_EDGE('',*,*,#4400,.F.);
#2086=ORIENTED_EDGE('',*,*,#4420,.F.);
#2087=ORIENTED_EDGE('',*,*,#4317,.F.);
#2088=ORIENTED_EDGE('',*,*,#4418,.T.);
#2089=ORIENTED_EDGE('',*,*,#4310,.F.);
#2090=ORIENTED_EDGE('',*,*,#4421,.F.);
#2091=ORIENTED_EDGE('',*,*,#4402,.F.);
#2092=ORIENTED_EDGE('',*,*,#4420,.T.);
#2093=ORIENTED_EDGE('',*,*,#4399,.F.);
#2094=ORIENTED_EDGE('',*,*,#4422,.F.);
#2095=ORIENTED_EDGE('',*,*,#4323,.F.);
#2096=ORIENTED_EDGE('',*,*,#4421,.T.);
#2097=ORIENTED_EDGE('',*,*,#4360,.F.);
#2098=ORIENTED_EDGE('',*,*,#4423,.F.);
#2099=ORIENTED_EDGE('',*,*,#4403,.F.);
#2100=ORIENTED_EDGE('',*,*,#4422,.T.);
#2101=ORIENTED_EDGE('',*,*,#4398,.F.);
#2102=ORIENTED_EDGE('',*,*,#4424,.F.);
#2103=ORIENTED_EDGE('',*,*,#4329,.F.);
#2104=ORIENTED_EDGE('',*,*,#4423,.T.);
#2105=ORIENTED_EDGE('',*,*,#4357,.F.);
#2106=ORIENTED_EDGE('',*,*,#4425,.F.);
#2107=ORIENTED_EDGE('',*,*,#4404,.F.);
#2108=ORIENTED_EDGE('',*,*,#4424,.T.);
#2109=ORIENTED_EDGE('',*,*,#4397,.F.);
#2110=ORIENTED_EDGE('',*,*,#4426,.F.);
#2111=ORIENTED_EDGE('',*,*,#4332,.F.);
#2112=ORIENTED_EDGE('',*,*,#4425,.T.);
#2113=ORIENTED_EDGE('',*,*,#4351,.F.);
#2114=ORIENTED_EDGE('',*,*,#4427,.F.);
#2115=ORIENTED_EDGE('',*,*,#4405,.F.);
#2116=ORIENTED_EDGE('',*,*,#4426,.T.);
#2117=ORIENTED_EDGE('',*,*,#4396,.F.);
#2118=ORIENTED_EDGE('',*,*,#4428,.F.);
#2119=ORIENTED_EDGE('',*,*,#4338,.F.);
#2120=ORIENTED_EDGE('',*,*,#4427,.T.);
#2121=ORIENTED_EDGE('',*,*,#4345,.F.);
#2122=ORIENTED_EDGE('',*,*,#4429,.F.);
#2123=ORIENTED_EDGE('',*,*,#4394,.F.);
#2124=ORIENTED_EDGE('',*,*,#4428,.T.);
#2125=ORIENTED_EDGE('',*,*,#4395,.F.);
#2126=ORIENTED_EDGE('',*,*,#4429,.T.);
#2127=ORIENTED_EDGE('',*,*,#4407,.F.);
#2128=ORIENTED_EDGE('',*,*,#4271,.T.);
#2129=ORIENTED_EDGE('',*,*,#4430,.F.);
#2130=ORIENTED_EDGE('',*,*,#4300,.F.);
#2131=ORIENTED_EDGE('',*,*,#4431,.T.);
#2132=ORIENTED_EDGE('',*,*,#4432,.F.);
#2133=ORIENTED_EDGE('',*,*,#4284,.F.);
#2134=ORIENTED_EDGE('',*,*,#4301,.T.);
#2135=ORIENTED_EDGE('',*,*,#4430,.T.);
#2136=ORIENTED_EDGE('',*,*,#4270,.F.);
#2137=ORIENTED_EDGE('',*,*,#4433,.T.);
#2138=ORIENTED_EDGE('',*,*,#4434,.T.);
#2139=ORIENTED_EDGE('',*,*,#4435,.F.);
#2140=ORIENTED_EDGE('',*,*,#4305,.F.);
#2141=ORIENTED_EDGE('',*,*,#4436,.F.);
#2142=ORIENTED_EDGE('',*,*,#4268,.F.);
#2143=ORIENTED_EDGE('',*,*,#4437,.F.);
#2144=ORIENTED_EDGE('',*,*,#4306,.T.);
#2145=ORIENTED_EDGE('',*,*,#4435,.T.);
#2146=ORIENTED_EDGE('',*,*,#4267,.T.);
#2147=ORIENTED_EDGE('',*,*,#4438,.F.);
#2148=ORIENTED_EDGE('',*,*,#4307,.F.);
#2149=ORIENTED_EDGE('',*,*,#4437,.T.);
#2150=ORIENTED_EDGE('',*,*,#4276,.T.);
#2151=ORIENTED_EDGE('',*,*,#4439,.F.);
#2152=ORIENTED_EDGE('',*,*,#4440,.F.);
#2153=ORIENTED_EDGE('',*,*,#4441,.T.);
#2154=ORIENTED_EDGE('',*,*,#4442,.F.);
#2155=ORIENTED_EDGE('',*,*,#4288,.F.);
#2156=ORIENTED_EDGE('',*,*,#4443,.T.);
#2157=ORIENTED_EDGE('',*,*,#4439,.T.);
#2158=ORIENTED_EDGE('',*,*,#4275,.F.);
#2159=ORIENTED_EDGE('',*,*,#4444,.T.);
#2160=ORIENTED_EDGE('',*,*,#4445,.F.);
#2161=ORIENTED_EDGE('',*,*,#4446,.F.);
#2162=ORIENTED_EDGE('',*,*,#4294,.F.);
#2163=ORIENTED_EDGE('',*,*,#4447,.F.);
#2164=ORIENTED_EDGE('',*,*,#4283,.F.);
#2165=ORIENTED_EDGE('',*,*,#4448,.F.);
#2166=ORIENTED_EDGE('',*,*,#4295,.T.);
#2167=ORIENTED_EDGE('',*,*,#4446,.T.);
#2168=ORIENTED_EDGE('',*,*,#4282,.T.);
#2169=ORIENTED_EDGE('',*,*,#4449,.F.);
#2170=ORIENTED_EDGE('',*,*,#4296,.F.);
#2171=ORIENTED_EDGE('',*,*,#4448,.T.);
#2172=ORIENTED_EDGE('',*,*,#4450,.T.);
#2173=ORIENTED_EDGE('',*,*,#4451,.F.);
#2174=ORIENTED_EDGE('',*,*,#4440,.T.);
#2175=ORIENTED_EDGE('',*,*,#4443,.F.);
#2176=ORIENTED_EDGE('',*,*,#4291,.T.);
#2177=ORIENTED_EDGE('',*,*,#4452,.F.);
#2178=ORIENTED_EDGE('',*,*,#4449,.T.);
#2179=ORIENTED_EDGE('',*,*,#4281,.F.);
#2180=ORIENTED_EDGE('',*,*,#4453,.F.);
#2181=ORIENTED_EDGE('',*,*,#4297,.T.);
#2182=ORIENTED_EDGE('',*,*,#4438,.T.);
#2183=ORIENTED_EDGE('',*,*,#4266,.F.);
#2184=ORIENTED_EDGE('',*,*,#4454,.F.);
#2185=ORIENTED_EDGE('',*,*,#4308,.T.);
#2186=ORIENTED_EDGE('',*,*,#4455,.F.);
#2187=ORIENTED_EDGE('',*,*,#4444,.F.);
#2188=ORIENTED_EDGE('',*,*,#4293,.T.);
#2189=ORIENTED_EDGE('',*,*,#4453,.T.);
#2190=ORIENTED_EDGE('',*,*,#4280,.F.);
#2191=ORIENTED_EDGE('',*,*,#4272,.F.);
#2192=ORIENTED_EDGE('',*,*,#4431,.F.);
#2193=ORIENTED_EDGE('',*,*,#4299,.T.);
#2194=ORIENTED_EDGE('',*,*,#4456,.T.);
#2195=ORIENTED_EDGE('',*,*,#4457,.F.);
#2196=ORIENTED_EDGE('',*,*,#4273,.F.);
#2197=ORIENTED_EDGE('',*,*,#4456,.F.);
#2198=ORIENTED_EDGE('',*,*,#4302,.T.);
#2199=ORIENTED_EDGE('',*,*,#4286,.T.);
#2200=ORIENTED_EDGE('',*,*,#4458,.F.);
#2201=ORIENTED_EDGE('',*,*,#4433,.F.);
#2202=ORIENTED_EDGE('',*,*,#4304,.T.);
#2203=ORIENTED_EDGE('',*,*,#4454,.T.);
#2204=ORIENTED_EDGE('',*,*,#4265,.F.);
#2205=ORIENTED_EDGE('',*,*,#4277,.F.);
#2206=ORIENTED_EDGE('',*,*,#4441,.F.);
#2207=ORIENTED_EDGE('',*,*,#4451,.T.);
#2208=ORIENTED_EDGE('',*,*,#4459,.T.);
#2209=ORIENTED_EDGE('',*,*,#4460,.F.);
#2210=ORIENTED_EDGE('',*,*,#4278,.F.);
#2211=ORIENTED_EDGE('',*,*,#4459,.F.);
#2212=ORIENTED_EDGE('',*,*,#4452,.T.);
#2213=ORIENTED_EDGE('',*,*,#4290,.T.);
#2214=ORIENTED_EDGE('',*,*,#4457,.T.);
#2215=ORIENTED_EDGE('',*,*,#4461,.T.);
#2216=ORIENTED_EDGE('',*,*,#4458,.T.);
#2217=ORIENTED_EDGE('',*,*,#4264,.F.);
#2218=ORIENTED_EDGE('',*,*,#4432,.T.);
#2219=ORIENTED_EDGE('',*,*,#4269,.T.);
#2220=ORIENTED_EDGE('',*,*,#4436,.T.);
#2221=ORIENTED_EDGE('',*,*,#4434,.F.);
#2222=ORIENTED_EDGE('',*,*,#4461,.F.);
#2223=ORIENTED_EDGE('',*,*,#4285,.F.);
#2224=ORIENTED_EDGE('',*,*,#4442,.T.);
#2225=ORIENTED_EDGE('',*,*,#4274,.F.);
#2226=ORIENTED_EDGE('',*,*,#4447,.T.);
#2227=ORIENTED_EDGE('',*,*,#4445,.T.);
#2228=ORIENTED_EDGE('',*,*,#4462,.T.);
#2229=ORIENTED_EDGE('',*,*,#4289,.T.);
#2230=ORIENTED_EDGE('',*,*,#4455,.T.);
#2231=ORIENTED_EDGE('',*,*,#4279,.T.);
#2232=ORIENTED_EDGE('',*,*,#4460,.T.);
#2233=ORIENTED_EDGE('',*,*,#4462,.F.);
#2234=ORIENTED_EDGE('',*,*,#4463,.F.);
#2235=ORIENTED_EDGE('',*,*,#4262,.F.);
#2236=ORIENTED_EDGE('',*,*,#4464,.F.);
#2237=ORIENTED_EDGE('',*,*,#4261,.F.);
#2238=ORIENTED_EDGE('',*,*,#4463,.T.);
#2239=ORIENTED_EDGE('',*,*,#4465,.T.);
#2240=ORIENTED_EDGE('',*,*,#4466,.T.);
#2241=ORIENTED_EDGE('',*,*,#4465,.F.);
#2242=ORIENTED_EDGE('',*,*,#4467,.T.);
#2243=ORIENTED_EDGE('',*,*,#4466,.F.);
#2244=ORIENTED_EDGE('',*,*,#4468,.T.);
#2245=ORIENTED_EDGE('',*,*,#4467,.F.);
#2246=ORIENTED_EDGE('',*,*,#4469,.T.);
#2247=ORIENTED_EDGE('',*,*,#4468,.F.);
#2248=ORIENTED_EDGE('',*,*,#4470,.T.);
#2249=ORIENTED_EDGE('',*,*,#4469,.F.);
#2250=ORIENTED_EDGE('',*,*,#4470,.F.);
#2251=ORIENTED_EDGE('',*,*,#4464,.T.);
#2252=ORIENTED_EDGE('',*,*,#4471,.T.);
#2253=ORIENTED_EDGE('',*,*,#4472,.T.);
#2254=ORIENTED_EDGE('',*,*,#4471,.F.);
#2255=ORIENTED_EDGE('',*,*,#4473,.T.);
#2256=ORIENTED_EDGE('',*,*,#4472,.F.);
#2257=ORIENTED_EDGE('',*,*,#4474,.T.);
#2258=ORIENTED_EDGE('',*,*,#4473,.F.);
#2259=ORIENTED_EDGE('',*,*,#4475,.T.);
#2260=ORIENTED_EDGE('',*,*,#4474,.F.);
#2261=ORIENTED_EDGE('',*,*,#4476,.T.);
#2262=ORIENTED_EDGE('',*,*,#4475,.F.);
#2263=ORIENTED_EDGE('',*,*,#4476,.F.);
#2264=ORIENTED_EDGE('',*,*,#4477,.T.);
#2265=ORIENTED_EDGE('',*,*,#4292,.F.);
#2266=ORIENTED_EDGE('',*,*,#4391,.T.);
#2267=ORIENTED_EDGE('',*,*,#4477,.F.);
#2268=ORIENTED_EDGE('',*,*,#4478,.T.);
#2269=ORIENTED_EDGE('',*,*,#4450,.F.);
#2270=ORIENTED_EDGE('',*,*,#4388,.T.);
#2271=ORIENTED_EDGE('',*,*,#4478,.F.);
#2272=ORIENTED_EDGE('',*,*,#4479,.T.);
#2273=ORIENTED_EDGE('',*,*,#4298,.F.);
#2274=ORIENTED_EDGE('',*,*,#4390,.T.);
#2275=ORIENTED_EDGE('',*,*,#4479,.F.);
#2276=ORIENTED_EDGE('',*,*,#4480,.T.);
#2277=ORIENTED_EDGE('',*,*,#4303,.F.);
#2278=ORIENTED_EDGE('',*,*,#4389,.T.);
#2279=ORIENTED_EDGE('',*,*,#4480,.F.);
#2280=ORIENTED_EDGE('',*,*,#4245,.T.);
#2281=ORIENTED_EDGE('',*,*,#4481,.F.);
#2282=ORIENTED_EDGE('',*,*,#4482,.F.);
#2283=ORIENTED_EDGE('',*,*,#4483,.T.);
#2284=ORIENTED_EDGE('',*,*,#4260,.T.);
#2285=ORIENTED_EDGE('',*,*,#4484,.F.);
#2286=ORIENTED_EDGE('',*,*,#4485,.F.);
#2287=ORIENTED_EDGE('',*,*,#4481,.T.);
#2288=ORIENTED_EDGE('',*,*,#4259,.F.);
#2289=ORIENTED_EDGE('',*,*,#4486,.F.);
#2290=ORIENTED_EDGE('',*,*,#4487,.T.);
#2291=ORIENTED_EDGE('',*,*,#4484,.T.);
#2292=ORIENTED_EDGE('',*,*,#4258,.T.);
#2293=ORIENTED_EDGE('',*,*,#4488,.F.);
#2294=ORIENTED_EDGE('',*,*,#4489,.F.);
#2295=ORIENTED_EDGE('',*,*,#4486,.T.);
#2296=ORIENTED_EDGE('',*,*,#4257,.T.);
#2297=ORIENTED_EDGE('',*,*,#4490,.F.);
#2298=ORIENTED_EDGE('',*,*,#4491,.F.);
#2299=ORIENTED_EDGE('',*,*,#4488,.T.);
#2300=ORIENTED_EDGE('',*,*,#4256,.T.);
#2301=ORIENTED_EDGE('',*,*,#4492,.F.);
#2302=ORIENTED_EDGE('',*,*,#4493,.F.);
#2303=ORIENTED_EDGE('',*,*,#4490,.T.);
#2304=ORIENTED_EDGE('',*,*,#4255,.F.);
#2305=ORIENTED_EDGE('',*,*,#4494,.F.);
#2306=ORIENTED_EDGE('',*,*,#4495,.T.);
#2307=ORIENTED_EDGE('',*,*,#4492,.T.);
#2308=ORIENTED_EDGE('',*,*,#4254,.T.);
#2309=ORIENTED_EDGE('',*,*,#4496,.F.);
#2310=ORIENTED_EDGE('',*,*,#4497,.F.);
#2311=ORIENTED_EDGE('',*,*,#4494,.T.);
#2312=ORIENTED_EDGE('',*,*,#4253,.T.);
#2313=ORIENTED_EDGE('',*,*,#4498,.F.);
#2314=ORIENTED_EDGE('',*,*,#4499,.F.);
#2315=ORIENTED_EDGE('',*,*,#4496,.T.);
#2316=ORIENTED_EDGE('',*,*,#4252,.T.);
#2317=ORIENTED_EDGE('',*,*,#4500,.F.);
#2318=ORIENTED_EDGE('',*,*,#4501,.F.);
#2319=ORIENTED_EDGE('',*,*,#4498,.T.);
#2320=ORIENTED_EDGE('',*,*,#4251,.F.);
#2321=ORIENTED_EDGE('',*,*,#4502,.F.);
#2322=ORIENTED_EDGE('',*,*,#4503,.T.);
#2323=ORIENTED_EDGE('',*,*,#4500,.T.);
#2324=ORIENTED_EDGE('',*,*,#4250,.T.);
#2325=ORIENTED_EDGE('',*,*,#4504,.F.);
#2326=ORIENTED_EDGE('',*,*,#4505,.F.);
#2327=ORIENTED_EDGE('',*,*,#4502,.T.);
#2328=ORIENTED_EDGE('',*,*,#4249,.T.);
#2329=ORIENTED_EDGE('',*,*,#4506,.F.);
#2330=ORIENTED_EDGE('',*,*,#4507,.F.);
#2331=ORIENTED_EDGE('',*,*,#4504,.T.);
#2332=ORIENTED_EDGE('',*,*,#4248,.T.);
#2333=ORIENTED_EDGE('',*,*,#4508,.F.);
#2334=ORIENTED_EDGE('',*,*,#4509,.F.);
#2335=ORIENTED_EDGE('',*,*,#4506,.T.);
#2336=ORIENTED_EDGE('',*,*,#4247,.F.);
#2337=ORIENTED_EDGE('',*,*,#4510,.F.);
#2338=ORIENTED_EDGE('',*,*,#4511,.T.);
#2339=ORIENTED_EDGE('',*,*,#4508,.T.);
#2340=ORIENTED_EDGE('',*,*,#4246,.T.);
#2341=ORIENTED_EDGE('',*,*,#4483,.F.);
#2342=ORIENTED_EDGE('',*,*,#4512,.F.);
#2343=ORIENTED_EDGE('',*,*,#4510,.T.);
#2344=ORIENTED_EDGE('',*,*,#4513,.F.);
#2345=ORIENTED_EDGE('',*,*,#4514,.F.);
#2346=ORIENTED_EDGE('',*,*,#4515,.T.);
#2347=ORIENTED_EDGE('',*,*,#4516,.F.);
#2348=ORIENTED_EDGE('',*,*,#4517,.F.);
#2349=ORIENTED_EDGE('',*,*,#4518,.F.);
#2350=ORIENTED_EDGE('',*,*,#4519,.T.);
#2351=ORIENTED_EDGE('',*,*,#4520,.F.);
#2352=ORIENTED_EDGE('',*,*,#4521,.F.);
#2353=ORIENTED_EDGE('',*,*,#4522,.F.);
#2354=ORIENTED_EDGE('',*,*,#4523,.T.);
#2355=ORIENTED_EDGE('',*,*,#4524,.F.);
#2356=ORIENTED_EDGE('',*,*,#4525,.F.);
#2357=ORIENTED_EDGE('',*,*,#4526,.F.);
#2358=ORIENTED_EDGE('',*,*,#4527,.T.);
#2359=ORIENTED_EDGE('',*,*,#4528,.F.);
#2360=ORIENTED_EDGE('',*,*,#4482,.T.);
#2361=ORIENTED_EDGE('',*,*,#4485,.T.);
#2362=ORIENTED_EDGE('',*,*,#4487,.F.);
#2363=ORIENTED_EDGE('',*,*,#4489,.T.);
#2364=ORIENTED_EDGE('',*,*,#4491,.T.);
#2365=ORIENTED_EDGE('',*,*,#4493,.T.);
#2366=ORIENTED_EDGE('',*,*,#4495,.F.);
#2367=ORIENTED_EDGE('',*,*,#4497,.T.);
#2368=ORIENTED_EDGE('',*,*,#4499,.T.);
#2369=ORIENTED_EDGE('',*,*,#4501,.T.);
#2370=ORIENTED_EDGE('',*,*,#4503,.F.);
#2371=ORIENTED_EDGE('',*,*,#4505,.T.);
#2372=ORIENTED_EDGE('',*,*,#4507,.T.);
#2373=ORIENTED_EDGE('',*,*,#4509,.T.);
#2374=ORIENTED_EDGE('',*,*,#4511,.F.);
#2375=ORIENTED_EDGE('',*,*,#4512,.T.);
#2376=ORIENTED_EDGE('',*,*,#4529,.F.);
#2377=ORIENTED_EDGE('',*,*,#4530,.F.);
#2378=ORIENTED_EDGE('',*,*,#4513,.T.);
#2379=ORIENTED_EDGE('',*,*,#4531,.T.);
#2380=ORIENTED_EDGE('',*,*,#4532,.F.);
#2381=ORIENTED_EDGE('',*,*,#4531,.F.);
#2382=ORIENTED_EDGE('',*,*,#4528,.T.);
#2383=ORIENTED_EDGE('',*,*,#4533,.T.);
#2384=ORIENTED_EDGE('',*,*,#4534,.T.);
#2385=ORIENTED_EDGE('',*,*,#4533,.F.);
#2386=ORIENTED_EDGE('',*,*,#4527,.F.);
#2387=ORIENTED_EDGE('',*,*,#4535,.T.);
#2388=ORIENTED_EDGE('',*,*,#4536,.F.);
#2389=ORIENTED_EDGE('',*,*,#4535,.F.);
#2390=ORIENTED_EDGE('',*,*,#4526,.T.);
#2391=ORIENTED_EDGE('',*,*,#4537,.T.);
#2392=ORIENTED_EDGE('',*,*,#4538,.F.);
#2393=ORIENTED_EDGE('',*,*,#4537,.F.);
#2394=ORIENTED_EDGE('',*,*,#4525,.T.);
#2395=ORIENTED_EDGE('',*,*,#4539,.T.);
#2396=ORIENTED_EDGE('',*,*,#4540,.F.);
#2397=ORIENTED_EDGE('',*,*,#4539,.F.);
#2398=ORIENTED_EDGE('',*,*,#4524,.T.);
#2399=ORIENTED_EDGE('',*,*,#4541,.T.);
#2400=ORIENTED_EDGE('',*,*,#4542,.T.);
#2401=ORIENTED_EDGE('',*,*,#4541,.F.);
#2402=ORIENTED_EDGE('',*,*,#4523,.F.);
#2403=ORIENTED_EDGE('',*,*,#4543,.T.);
#2404=ORIENTED_EDGE('',*,*,#4544,.F.);
#2405=ORIENTED_EDGE('',*,*,#4543,.F.);
#2406=ORIENTED_EDGE('',*,*,#4522,.T.);
#2407=ORIENTED_EDGE('',*,*,#4545,.T.);
#2408=ORIENTED_EDGE('',*,*,#4546,.F.);
#2409=ORIENTED_EDGE('',*,*,#4545,.F.);
#2410=ORIENTED_EDGE('',*,*,#4521,.T.);
#2411=ORIENTED_EDGE('',*,*,#4547,.T.);
#2412=ORIENTED_EDGE('',*,*,#4548,.F.);
#2413=ORIENTED_EDGE('',*,*,#4547,.F.);
#2414=ORIENTED_EDGE('',*,*,#4520,.T.);
#2415=ORIENTED_EDGE('',*,*,#4549,.T.);
#2416=ORIENTED_EDGE('',*,*,#4550,.T.);
#2417=ORIENTED_EDGE('',*,*,#4549,.F.);
#2418=ORIENTED_EDGE('',*,*,#4519,.F.);
#2419=ORIENTED_EDGE('',*,*,#4551,.T.);
#2420=ORIENTED_EDGE('',*,*,#4552,.F.);
#2421=ORIENTED_EDGE('',*,*,#4551,.F.);
#2422=ORIENTED_EDGE('',*,*,#4518,.T.);
#2423=ORIENTED_EDGE('',*,*,#4553,.T.);
#2424=ORIENTED_EDGE('',*,*,#4554,.F.);
#2425=ORIENTED_EDGE('',*,*,#4553,.F.);
#2426=ORIENTED_EDGE('',*,*,#4517,.T.);
#2427=ORIENTED_EDGE('',*,*,#4555,.T.);
#2428=ORIENTED_EDGE('',*,*,#4556,.F.);
#2429=ORIENTED_EDGE('',*,*,#4555,.F.);
#2430=ORIENTED_EDGE('',*,*,#4516,.T.);
#2431=ORIENTED_EDGE('',*,*,#4557,.T.);
#2432=ORIENTED_EDGE('',*,*,#4558,.T.);
#2433=ORIENTED_EDGE('',*,*,#4557,.F.);
#2434=ORIENTED_EDGE('',*,*,#4515,.F.);
#2435=ORIENTED_EDGE('',*,*,#4559,.T.);
#2436=ORIENTED_EDGE('',*,*,#4560,.T.);
#2437=ORIENTED_EDGE('',*,*,#4561,.F.);
#2438=ORIENTED_EDGE('',*,*,#4562,.F.);
#2439=ORIENTED_EDGE('',*,*,#4563,.T.);
#2440=ORIENTED_EDGE('',*,*,#4564,.T.);
#2441=ORIENTED_EDGE('',*,*,#4563,.F.);
#2442=ORIENTED_EDGE('',*,*,#4565,.F.);
#2443=ORIENTED_EDGE('',*,*,#4566,.T.);
#2444=ORIENTED_EDGE('',*,*,#4567,.T.);
#2445=ORIENTED_EDGE('',*,*,#4566,.F.);
#2446=ORIENTED_EDGE('',*,*,#4568,.F.);
#2447=ORIENTED_EDGE('',*,*,#4569,.T.);
#2448=ORIENTED_EDGE('',*,*,#4570,.T.);
#2449=ORIENTED_EDGE('',*,*,#4569,.F.);
#2450=ORIENTED_EDGE('',*,*,#4571,.F.);
#2451=ORIENTED_EDGE('',*,*,#4572,.T.);
#2452=ORIENTED_EDGE('',*,*,#4573,.T.);
#2453=ORIENTED_EDGE('',*,*,#4572,.F.);
#2454=ORIENTED_EDGE('',*,*,#4574,.F.);
#2455=ORIENTED_EDGE('',*,*,#4575,.T.);
#2456=ORIENTED_EDGE('',*,*,#4576,.T.);
#2457=ORIENTED_EDGE('',*,*,#4575,.F.);
#2458=ORIENTED_EDGE('',*,*,#4577,.F.);
#2459=ORIENTED_EDGE('',*,*,#4578,.T.);
#2460=ORIENTED_EDGE('',*,*,#4579,.T.);
#2461=ORIENTED_EDGE('',*,*,#4578,.F.);
#2462=ORIENTED_EDGE('',*,*,#4580,.F.);
#2463=ORIENTED_EDGE('',*,*,#4581,.T.);
#2464=ORIENTED_EDGE('',*,*,#4582,.T.);
#2465=ORIENTED_EDGE('',*,*,#4581,.F.);
#2466=ORIENTED_EDGE('',*,*,#4583,.F.);
#2467=ORIENTED_EDGE('',*,*,#4561,.T.);
#2468=ORIENTED_EDGE('',*,*,#4584,.F.);
#2469=ORIENTED_EDGE('',*,*,#4559,.F.);
#2470=ORIENTED_EDGE('',*,*,#4514,.T.);
#2471=ORIENTED_EDGE('',*,*,#4530,.T.);
#2472=ORIENTED_EDGE('',*,*,#4560,.F.);
#2473=ORIENTED_EDGE('',*,*,#4564,.F.);
#2474=ORIENTED_EDGE('',*,*,#4567,.F.);
#2475=ORIENTED_EDGE('',*,*,#4570,.F.);
#2476=ORIENTED_EDGE('',*,*,#4573,.F.);
#2477=ORIENTED_EDGE('',*,*,#4576,.F.);
#2478=ORIENTED_EDGE('',*,*,#4579,.F.);
#2479=ORIENTED_EDGE('',*,*,#4582,.F.);
#2480=ORIENTED_EDGE('',*,*,#4529,.T.);
#2481=ORIENTED_EDGE('',*,*,#4532,.T.);
#2482=ORIENTED_EDGE('',*,*,#4534,.F.);
#2483=ORIENTED_EDGE('',*,*,#4536,.T.);
#2484=ORIENTED_EDGE('',*,*,#4538,.T.);
#2485=ORIENTED_EDGE('',*,*,#4540,.T.);
#2486=ORIENTED_EDGE('',*,*,#4542,.F.);
#2487=ORIENTED_EDGE('',*,*,#4544,.T.);
#2488=ORIENTED_EDGE('',*,*,#4546,.T.);
#2489=ORIENTED_EDGE('',*,*,#4548,.T.);
#2490=ORIENTED_EDGE('',*,*,#4550,.F.);
#2491=ORIENTED_EDGE('',*,*,#4552,.T.);
#2492=ORIENTED_EDGE('',*,*,#4554,.T.);
#2493=ORIENTED_EDGE('',*,*,#4556,.T.);
#2494=ORIENTED_EDGE('',*,*,#4558,.F.);
#2495=ORIENTED_EDGE('',*,*,#4584,.T.);
#2496=ORIENTED_EDGE('',*,*,#4585,.F.);
#2497=ORIENTED_EDGE('',*,*,#4586,.F.);
#2498=ORIENTED_EDGE('',*,*,#4587,.F.);
#2499=ORIENTED_EDGE('',*,*,#4588,.F.);
#2500=ORIENTED_EDGE('',*,*,#4589,.F.);
#2501=ORIENTED_EDGE('',*,*,#4590,.F.);
#2502=ORIENTED_EDGE('',*,*,#4591,.F.);
#2503=ORIENTED_EDGE('',*,*,#4592,.F.);
#2504=ORIENTED_EDGE('',*,*,#4593,.F.);
#2505=ORIENTED_EDGE('',*,*,#4594,.F.);
#2506=ORIENTED_EDGE('',*,*,#4595,.F.);
#2507=ORIENTED_EDGE('',*,*,#4596,.F.);
#2508=ORIENTED_EDGE('',*,*,#4597,.F.);
#2509=ORIENTED_EDGE('',*,*,#4598,.F.);
#2510=ORIENTED_EDGE('',*,*,#4599,.F.);
#2511=ORIENTED_EDGE('',*,*,#4600,.F.);
#2512=ORIENTED_EDGE('',*,*,#4601,.F.);
#2513=ORIENTED_EDGE('',*,*,#4602,.F.);
#2514=ORIENTED_EDGE('',*,*,#4603,.F.);
#2515=ORIENTED_EDGE('',*,*,#4604,.F.);
#2516=ORIENTED_EDGE('',*,*,#4605,.F.);
#2517=ORIENTED_EDGE('',*,*,#4606,.F.);
#2518=ORIENTED_EDGE('',*,*,#4607,.F.);
#2519=ORIENTED_EDGE('',*,*,#4608,.F.);
#2520=ORIENTED_EDGE('',*,*,#4609,.F.);
#2521=ORIENTED_EDGE('',*,*,#4610,.F.);
#2522=ORIENTED_EDGE('',*,*,#4611,.F.);
#2523=ORIENTED_EDGE('',*,*,#4612,.F.);
#2524=ORIENTED_EDGE('',*,*,#4613,.F.);
#2525=ORIENTED_EDGE('',*,*,#4614,.F.);
#2526=ORIENTED_EDGE('',*,*,#4615,.F.);
#2527=ORIENTED_EDGE('',*,*,#4616,.F.);
#2528=ORIENTED_EDGE('',*,*,#4617,.F.);
#2529=ORIENTED_EDGE('',*,*,#4618,.F.);
#2530=ORIENTED_EDGE('',*,*,#4619,.F.);
#2531=ORIENTED_EDGE('',*,*,#4620,.F.);
#2532=ORIENTED_EDGE('',*,*,#4621,.F.);
#2533=ORIENTED_EDGE('',*,*,#4622,.F.);
#2534=ORIENTED_EDGE('',*,*,#4623,.F.);
#2535=ORIENTED_EDGE('',*,*,#4624,.F.);
#2536=ORIENTED_EDGE('',*,*,#4625,.F.);
#2537=ORIENTED_EDGE('',*,*,#4626,.F.);
#2538=ORIENTED_EDGE('',*,*,#4627,.F.);
#2539=ORIENTED_EDGE('',*,*,#4628,.F.);
#2540=ORIENTED_EDGE('',*,*,#4629,.F.);
#2541=ORIENTED_EDGE('',*,*,#4630,.F.);
#2542=ORIENTED_EDGE('',*,*,#4631,.F.);
#2543=ORIENTED_EDGE('',*,*,#4632,.F.);
#2544=ORIENTED_EDGE('',*,*,#4633,.F.);
#2545=ORIENTED_EDGE('',*,*,#4634,.F.);
#2546=ORIENTED_EDGE('',*,*,#4635,.F.);
#2547=ORIENTED_EDGE('',*,*,#4636,.F.);
#2548=ORIENTED_EDGE('',*,*,#4637,.F.);
#2549=ORIENTED_EDGE('',*,*,#4638,.F.);
#2550=ORIENTED_EDGE('',*,*,#4639,.F.);
#2551=ORIENTED_EDGE('',*,*,#4640,.F.);
#2552=ORIENTED_EDGE('',*,*,#4641,.F.);
#2553=ORIENTED_EDGE('',*,*,#4642,.F.);
#2554=ORIENTED_EDGE('',*,*,#4643,.F.);
#2555=ORIENTED_EDGE('',*,*,#4644,.F.);
#2556=ORIENTED_EDGE('',*,*,#4565,.T.);
#2557=ORIENTED_EDGE('',*,*,#4562,.T.);
#2558=ORIENTED_EDGE('',*,*,#4583,.T.);
#2559=ORIENTED_EDGE('',*,*,#4580,.T.);
#2560=ORIENTED_EDGE('',*,*,#4577,.T.);
#2561=ORIENTED_EDGE('',*,*,#4574,.T.);
#2562=ORIENTED_EDGE('',*,*,#4571,.T.);
#2563=ORIENTED_EDGE('',*,*,#4568,.T.);
#2564=ORIENTED_EDGE('',*,*,#4645,.F.);
#2565=ORIENTED_EDGE('',*,*,#4646,.F.);
#2566=ORIENTED_EDGE('',*,*,#4585,.T.);
#2567=ORIENTED_EDGE('',*,*,#4647,.T.);
#2568=ORIENTED_EDGE('',*,*,#4648,.F.);
#2569=ORIENTED_EDGE('',*,*,#4647,.F.);
#2570=ORIENTED_EDGE('',*,*,#4644,.T.);
#2571=ORIENTED_EDGE('',*,*,#4649,.T.);
#2572=ORIENTED_EDGE('',*,*,#4650,.F.);
#2573=ORIENTED_EDGE('',*,*,#4649,.F.);
#2574=ORIENTED_EDGE('',*,*,#4643,.T.);
#2575=ORIENTED_EDGE('',*,*,#4651,.T.);
#2576=ORIENTED_EDGE('',*,*,#4652,.F.);
#2577=ORIENTED_EDGE('',*,*,#4651,.F.);
#2578=ORIENTED_EDGE('',*,*,#4642,.T.);
#2579=ORIENTED_EDGE('',*,*,#4653,.T.);
#2580=ORIENTED_EDGE('',*,*,#4654,.F.);
#2581=ORIENTED_EDGE('',*,*,#4653,.F.);
#2582=ORIENTED_EDGE('',*,*,#4641,.T.);
#2583=ORIENTED_EDGE('',*,*,#4655,.T.);
#2584=ORIENTED_EDGE('',*,*,#4656,.F.);
#2585=ORIENTED_EDGE('',*,*,#4655,.F.);
#2586=ORIENTED_EDGE('',*,*,#4640,.T.);
#2587=ORIENTED_EDGE('',*,*,#4657,.T.);
#2588=ORIENTED_EDGE('',*,*,#4658,.F.);
#2589=ORIENTED_EDGE('',*,*,#4657,.F.);
#2590=ORIENTED_EDGE('',*,*,#4639,.T.);
#2591=ORIENTED_EDGE('',*,*,#4659,.T.);
#2592=ORIENTED_EDGE('',*,*,#4660,.F.);
#2593=ORIENTED_EDGE('',*,*,#4659,.F.);
#2594=ORIENTED_EDGE('',*,*,#4638,.T.);
#2595=ORIENTED_EDGE('',*,*,#4661,.T.);
#2596=ORIENTED_EDGE('',*,*,#4662,.F.);
#2597=ORIENTED_EDGE('',*,*,#4661,.F.);
#2598=ORIENTED_EDGE('',*,*,#4637,.T.);
#2599=ORIENTED_EDGE('',*,*,#4663,.T.);
#2600=ORIENTED_EDGE('',*,*,#4664,.F.);
#2601=ORIENTED_EDGE('',*,*,#4663,.F.);
#2602=ORIENTED_EDGE('',*,*,#4636,.T.);
#2603=ORIENTED_EDGE('',*,*,#4665,.T.);
#2604=ORIENTED_EDGE('',*,*,#4666,.F.);
#2605=ORIENTED_EDGE('',*,*,#4665,.F.);
#2606=ORIENTED_EDGE('',*,*,#4635,.T.);
#2607=ORIENTED_EDGE('',*,*,#4667,.T.);
#2608=ORIENTED_EDGE('',*,*,#4668,.F.);
#2609=ORIENTED_EDGE('',*,*,#4667,.F.);
#2610=ORIENTED_EDGE('',*,*,#4634,.T.);
#2611=ORIENTED_EDGE('',*,*,#4669,.T.);
#2612=ORIENTED_EDGE('',*,*,#4670,.F.);
#2613=ORIENTED_EDGE('',*,*,#4669,.F.);
#2614=ORIENTED_EDGE('',*,*,#4633,.T.);
#2615=ORIENTED_EDGE('',*,*,#4671,.T.);
#2616=ORIENTED_EDGE('',*,*,#4672,.F.);
#2617=ORIENTED_EDGE('',*,*,#4671,.F.);
#2618=ORIENTED_EDGE('',*,*,#4632,.T.);
#2619=ORIENTED_EDGE('',*,*,#4673,.T.);
#2620=ORIENTED_EDGE('',*,*,#4674,.F.);
#2621=ORIENTED_EDGE('',*,*,#4673,.F.);
#2622=ORIENTED_EDGE('',*,*,#4631,.T.);
#2623=ORIENTED_EDGE('',*,*,#4675,.T.);
#2624=ORIENTED_EDGE('',*,*,#4676,.F.);
#2625=ORIENTED_EDGE('',*,*,#4675,.F.);
#2626=ORIENTED_EDGE('',*,*,#4630,.T.);
#2627=ORIENTED_EDGE('',*,*,#4677,.T.);
#2628=ORIENTED_EDGE('',*,*,#4678,.F.);
#2629=ORIENTED_EDGE('',*,*,#4677,.F.);
#2630=ORIENTED_EDGE('',*,*,#4629,.T.);
#2631=ORIENTED_EDGE('',*,*,#4679,.T.);
#2632=ORIENTED_EDGE('',*,*,#4680,.F.);
#2633=ORIENTED_EDGE('',*,*,#4679,.F.);
#2634=ORIENTED_EDGE('',*,*,#4628,.T.);
#2635=ORIENTED_EDGE('',*,*,#4681,.T.);
#2636=ORIENTED_EDGE('',*,*,#4682,.F.);
#2637=ORIENTED_EDGE('',*,*,#4681,.F.);
#2638=ORIENTED_EDGE('',*,*,#4627,.T.);
#2639=ORIENTED_EDGE('',*,*,#4683,.T.);
#2640=ORIENTED_EDGE('',*,*,#4684,.F.);
#2641=ORIENTED_EDGE('',*,*,#4683,.F.);
#2642=ORIENTED_EDGE('',*,*,#4626,.T.);
#2643=ORIENTED_EDGE('',*,*,#4685,.T.);
#2644=ORIENTED_EDGE('',*,*,#4686,.F.);
#2645=ORIENTED_EDGE('',*,*,#4685,.F.);
#2646=ORIENTED_EDGE('',*,*,#4625,.T.);
#2647=ORIENTED_EDGE('',*,*,#4687,.T.);
#2648=ORIENTED_EDGE('',*,*,#4688,.F.);
#2649=ORIENTED_EDGE('',*,*,#4687,.F.);
#2650=ORIENTED_EDGE('',*,*,#4624,.T.);
#2651=ORIENTED_EDGE('',*,*,#4689,.T.);
#2652=ORIENTED_EDGE('',*,*,#4690,.F.);
#2653=ORIENTED_EDGE('',*,*,#4689,.F.);
#2654=ORIENTED_EDGE('',*,*,#4623,.T.);
#2655=ORIENTED_EDGE('',*,*,#4691,.T.);
#2656=ORIENTED_EDGE('',*,*,#4692,.F.);
#2657=ORIENTED_EDGE('',*,*,#4691,.F.);
#2658=ORIENTED_EDGE('',*,*,#4622,.T.);
#2659=ORIENTED_EDGE('',*,*,#4693,.T.);
#2660=ORIENTED_EDGE('',*,*,#4694,.F.);
#2661=ORIENTED_EDGE('',*,*,#4693,.F.);
#2662=ORIENTED_EDGE('',*,*,#4621,.T.);
#2663=ORIENTED_EDGE('',*,*,#4695,.T.);
#2664=ORIENTED_EDGE('',*,*,#4696,.F.);
#2665=ORIENTED_EDGE('',*,*,#4695,.F.);
#2666=ORIENTED_EDGE('',*,*,#4620,.T.);
#2667=ORIENTED_EDGE('',*,*,#4697,.T.);
#2668=ORIENTED_EDGE('',*,*,#4698,.F.);
#2669=ORIENTED_EDGE('',*,*,#4697,.F.);
#2670=ORIENTED_EDGE('',*,*,#4619,.T.);
#2671=ORIENTED_EDGE('',*,*,#4699,.T.);
#2672=ORIENTED_EDGE('',*,*,#4700,.F.);
#2673=ORIENTED_EDGE('',*,*,#4699,.F.);
#2674=ORIENTED_EDGE('',*,*,#4618,.T.);
#2675=ORIENTED_EDGE('',*,*,#4701,.T.);
#2676=ORIENTED_EDGE('',*,*,#4702,.F.);
#2677=ORIENTED_EDGE('',*,*,#4701,.F.);
#2678=ORIENTED_EDGE('',*,*,#4617,.T.);
#2679=ORIENTED_EDGE('',*,*,#4703,.T.);
#2680=ORIENTED_EDGE('',*,*,#4704,.F.);
#2681=ORIENTED_EDGE('',*,*,#4703,.F.);
#2682=ORIENTED_EDGE('',*,*,#4616,.T.);
#2683=ORIENTED_EDGE('',*,*,#4705,.T.);
#2684=ORIENTED_EDGE('',*,*,#4706,.F.);
#2685=ORIENTED_EDGE('',*,*,#4705,.F.);
#2686=ORIENTED_EDGE('',*,*,#4615,.T.);
#2687=ORIENTED_EDGE('',*,*,#4707,.T.);
#2688=ORIENTED_EDGE('',*,*,#4708,.F.);
#2689=ORIENTED_EDGE('',*,*,#4707,.F.);
#2690=ORIENTED_EDGE('',*,*,#4614,.T.);
#2691=ORIENTED_EDGE('',*,*,#4709,.T.);
#2692=ORIENTED_EDGE('',*,*,#4710,.F.);
#2693=ORIENTED_EDGE('',*,*,#4709,.F.);
#2694=ORIENTED_EDGE('',*,*,#4613,.T.);
#2695=ORIENTED_EDGE('',*,*,#4711,.T.);
#2696=ORIENTED_EDGE('',*,*,#4712,.F.);
#2697=ORIENTED_EDGE('',*,*,#4711,.F.);
#2698=ORIENTED_EDGE('',*,*,#4612,.T.);
#2699=ORIENTED_EDGE('',*,*,#4713,.T.);
#2700=ORIENTED_EDGE('',*,*,#4714,.F.);
#2701=ORIENTED_EDGE('',*,*,#4713,.F.);
#2702=ORIENTED_EDGE('',*,*,#4611,.T.);
#2703=ORIENTED_EDGE('',*,*,#4715,.T.);
#2704=ORIENTED_EDGE('',*,*,#4716,.F.);
#2705=ORIENTED_EDGE('',*,*,#4715,.F.);
#2706=ORIENTED_EDGE('',*,*,#4610,.T.);
#2707=ORIENTED_EDGE('',*,*,#4717,.T.);
#2708=ORIENTED_EDGE('',*,*,#4718,.F.);
#2709=ORIENTED_EDGE('',*,*,#4717,.F.);
#2710=ORIENTED_EDGE('',*,*,#4609,.T.);
#2711=ORIENTED_EDGE('',*,*,#4719,.T.);
#2712=ORIENTED_EDGE('',*,*,#4720,.F.);
#2713=ORIENTED_EDGE('',*,*,#4719,.F.);
#2714=ORIENTED_EDGE('',*,*,#4608,.T.);
#2715=ORIENTED_EDGE('',*,*,#4721,.T.);
#2716=ORIENTED_EDGE('',*,*,#4722,.F.);
#2717=ORIENTED_EDGE('',*,*,#4721,.F.);
#2718=ORIENTED_EDGE('',*,*,#4607,.T.);
#2719=ORIENTED_EDGE('',*,*,#4723,.T.);
#2720=ORIENTED_EDGE('',*,*,#4724,.F.);
#2721=ORIENTED_EDGE('',*,*,#4723,.F.);
#2722=ORIENTED_EDGE('',*,*,#4606,.T.);
#2723=ORIENTED_EDGE('',*,*,#4725,.T.);
#2724=ORIENTED_EDGE('',*,*,#4726,.F.);
#2725=ORIENTED_EDGE('',*,*,#4725,.F.);
#2726=ORIENTED_EDGE('',*,*,#4605,.T.);
#2727=ORIENTED_EDGE('',*,*,#4727,.T.);
#2728=ORIENTED_EDGE('',*,*,#4728,.F.);
#2729=ORIENTED_EDGE('',*,*,#4727,.F.);
#2730=ORIENTED_EDGE('',*,*,#4604,.T.);
#2731=ORIENTED_EDGE('',*,*,#4729,.T.);
#2732=ORIENTED_EDGE('',*,*,#4730,.F.);
#2733=ORIENTED_EDGE('',*,*,#4729,.F.);
#2734=ORIENTED_EDGE('',*,*,#4603,.T.);
#2735=ORIENTED_EDGE('',*,*,#4731,.T.);
#2736=ORIENTED_EDGE('',*,*,#4732,.F.);
#2737=ORIENTED_EDGE('',*,*,#4731,.F.);
#2738=ORIENTED_EDGE('',*,*,#4602,.T.);
#2739=ORIENTED_EDGE('',*,*,#4733,.T.);
#2740=ORIENTED_EDGE('',*,*,#4734,.F.);
#2741=ORIENTED_EDGE('',*,*,#4733,.F.);
#2742=ORIENTED_EDGE('',*,*,#4601,.T.);
#2743=ORIENTED_EDGE('',*,*,#4735,.T.);
#2744=ORIENTED_EDGE('',*,*,#4736,.F.);
#2745=ORIENTED_EDGE('',*,*,#4735,.F.);
#2746=ORIENTED_EDGE('',*,*,#4600,.T.);
#2747=ORIENTED_EDGE('',*,*,#4737,.T.);
#2748=ORIENTED_EDGE('',*,*,#4738,.F.);
#2749=ORIENTED_EDGE('',*,*,#4737,.F.);
#2750=ORIENTED_EDGE('',*,*,#4599,.T.);
#2751=ORIENTED_EDGE('',*,*,#4739,.T.);
#2752=ORIENTED_EDGE('',*,*,#4740,.F.);
#2753=ORIENTED_EDGE('',*,*,#4739,.F.);
#2754=ORIENTED_EDGE('',*,*,#4598,.T.);
#2755=ORIENTED_EDGE('',*,*,#4741,.T.);
#2756=ORIENTED_EDGE('',*,*,#4742,.F.);
#2757=ORIENTED_EDGE('',*,*,#4741,.F.);
#2758=ORIENTED_EDGE('',*,*,#4597,.T.);
#2759=ORIENTED_EDGE('',*,*,#4743,.T.);
#2760=ORIENTED_EDGE('',*,*,#4744,.F.);
#2761=ORIENTED_EDGE('',*,*,#4743,.F.);
#2762=ORIENTED_EDGE('',*,*,#4596,.T.);
#2763=ORIENTED_EDGE('',*,*,#4745,.T.);
#2764=ORIENTED_EDGE('',*,*,#4746,.F.);
#2765=ORIENTED_EDGE('',*,*,#4745,.F.);
#2766=ORIENTED_EDGE('',*,*,#4595,.T.);
#2767=ORIENTED_EDGE('',*,*,#4747,.T.);
#2768=ORIENTED_EDGE('',*,*,#4748,.F.);
#2769=ORIENTED_EDGE('',*,*,#4747,.F.);
#2770=ORIENTED_EDGE('',*,*,#4594,.T.);
#2771=ORIENTED_EDGE('',*,*,#4749,.T.);
#2772=ORIENTED_EDGE('',*,*,#4750,.F.);
#2773=ORIENTED_EDGE('',*,*,#4749,.F.);
#2774=ORIENTED_EDGE('',*,*,#4593,.T.);
#2775=ORIENTED_EDGE('',*,*,#4751,.T.);
#2776=ORIENTED_EDGE('',*,*,#4752,.F.);
#2777=ORIENTED_EDGE('',*,*,#4751,.F.);
#2778=ORIENTED_EDGE('',*,*,#4592,.T.);
#2779=ORIENTED_EDGE('',*,*,#4753,.T.);
#2780=ORIENTED_EDGE('',*,*,#4754,.F.);
#2781=ORIENTED_EDGE('',*,*,#4753,.F.);
#2782=ORIENTED_EDGE('',*,*,#4591,.T.);
#2783=ORIENTED_EDGE('',*,*,#4755,.T.);
#2784=ORIENTED_EDGE('',*,*,#4756,.F.);
#2785=ORIENTED_EDGE('',*,*,#4755,.F.);
#2786=ORIENTED_EDGE('',*,*,#4590,.T.);
#2787=ORIENTED_EDGE('',*,*,#4757,.T.);
#2788=ORIENTED_EDGE('',*,*,#4758,.F.);
#2789=ORIENTED_EDGE('',*,*,#4757,.F.);
#2790=ORIENTED_EDGE('',*,*,#4589,.T.);
#2791=ORIENTED_EDGE('',*,*,#4759,.T.);
#2792=ORIENTED_EDGE('',*,*,#4760,.F.);
#2793=ORIENTED_EDGE('',*,*,#4759,.F.);
#2794=ORIENTED_EDGE('',*,*,#4588,.T.);
#2795=ORIENTED_EDGE('',*,*,#4761,.T.);
#2796=ORIENTED_EDGE('',*,*,#4762,.F.);
#2797=ORIENTED_EDGE('',*,*,#4761,.F.);
#2798=ORIENTED_EDGE('',*,*,#4587,.T.);
#2799=ORIENTED_EDGE('',*,*,#4763,.T.);
#2800=ORIENTED_EDGE('',*,*,#4764,.F.);
#2801=ORIENTED_EDGE('',*,*,#4765,.T.);
#2802=ORIENTED_EDGE('',*,*,#4766,.F.);
#2803=ORIENTED_EDGE('',*,*,#4767,.T.);
#2804=ORIENTED_EDGE('',*,*,#4768,.F.);
#2805=ORIENTED_EDGE('',*,*,#4769,.T.);
#2806=ORIENTED_EDGE('',*,*,#4770,.F.);
#2807=ORIENTED_EDGE('',*,*,#4771,.T.);
#2808=ORIENTED_EDGE('',*,*,#4772,.F.);
#2809=ORIENTED_EDGE('',*,*,#4773,.T.);
#2810=ORIENTED_EDGE('',*,*,#4774,.F.);
#2811=ORIENTED_EDGE('',*,*,#4775,.T.);
#2812=ORIENTED_EDGE('',*,*,#4776,.F.);
#2813=ORIENTED_EDGE('',*,*,#4777,.T.);
#2814=ORIENTED_EDGE('',*,*,#4778,.F.);
#2815=ORIENTED_EDGE('',*,*,#4779,.T.);
#2816=ORIENTED_EDGE('',*,*,#4780,.F.);
#2817=ORIENTED_EDGE('',*,*,#4781,.T.);
#2818=ORIENTED_EDGE('',*,*,#4782,.F.);
#2819=ORIENTED_EDGE('',*,*,#4783,.T.);
#2820=ORIENTED_EDGE('',*,*,#4784,.F.);
#2821=ORIENTED_EDGE('',*,*,#4785,.T.);
#2822=ORIENTED_EDGE('',*,*,#4786,.F.);
#2823=ORIENTED_EDGE('',*,*,#4787,.T.);
#2824=ORIENTED_EDGE('',*,*,#4788,.F.);
#2825=ORIENTED_EDGE('',*,*,#4789,.T.);
#2826=ORIENTED_EDGE('',*,*,#4790,.F.);
#2827=ORIENTED_EDGE('',*,*,#4791,.T.);
#2828=ORIENTED_EDGE('',*,*,#4792,.F.);
#2829=ORIENTED_EDGE('',*,*,#4763,.F.);
#2830=ORIENTED_EDGE('',*,*,#4586,.T.);
#2831=ORIENTED_EDGE('',*,*,#4646,.T.);
#2832=ORIENTED_EDGE('',*,*,#4791,.F.);
#2833=ORIENTED_EDGE('',*,*,#4789,.F.);
#2834=ORIENTED_EDGE('',*,*,#4787,.F.);
#2835=ORIENTED_EDGE('',*,*,#4785,.F.);
#2836=ORIENTED_EDGE('',*,*,#4783,.F.);
#2837=ORIENTED_EDGE('',*,*,#4781,.F.);
#2838=ORIENTED_EDGE('',*,*,#4779,.F.);
#2839=ORIENTED_EDGE('',*,*,#4777,.F.);
#2840=ORIENTED_EDGE('',*,*,#4775,.F.);
#2841=ORIENTED_EDGE('',*,*,#4773,.F.);
#2842=ORIENTED_EDGE('',*,*,#4771,.F.);
#2843=ORIENTED_EDGE('',*,*,#4769,.F.);
#2844=ORIENTED_EDGE('',*,*,#4767,.F.);
#2845=ORIENTED_EDGE('',*,*,#4765,.F.);
#2846=ORIENTED_EDGE('',*,*,#4645,.T.);
#2847=ORIENTED_EDGE('',*,*,#4648,.T.);
#2848=ORIENTED_EDGE('',*,*,#4650,.T.);
#2849=ORIENTED_EDGE('',*,*,#4652,.T.);
#2850=ORIENTED_EDGE('',*,*,#4654,.T.);
#2851=ORIENTED_EDGE('',*,*,#4656,.T.);
#2852=ORIENTED_EDGE('',*,*,#4658,.T.);
#2853=ORIENTED_EDGE('',*,*,#4660,.T.);
#2854=ORIENTED_EDGE('',*,*,#4662,.T.);
#2855=ORIENTED_EDGE('',*,*,#4664,.T.);
#2856=ORIENTED_EDGE('',*,*,#4666,.T.);
#2857=ORIENTED_EDGE('',*,*,#4668,.T.);
#2858=ORIENTED_EDGE('',*,*,#4670,.T.);
#2859=ORIENTED_EDGE('',*,*,#4672,.T.);
#2860=ORIENTED_EDGE('',*,*,#4674,.T.);
#2861=ORIENTED_EDGE('',*,*,#4676,.T.);
#2862=ORIENTED_EDGE('',*,*,#4678,.T.);
#2863=ORIENTED_EDGE('',*,*,#4680,.T.);
#2864=ORIENTED_EDGE('',*,*,#4682,.T.);
#2865=ORIENTED_EDGE('',*,*,#4684,.T.);
#2866=ORIENTED_EDGE('',*,*,#4686,.T.);
#2867=ORIENTED_EDGE('',*,*,#4688,.T.);
#2868=ORIENTED_EDGE('',*,*,#4690,.T.);
#2869=ORIENTED_EDGE('',*,*,#4692,.T.);
#2870=ORIENTED_EDGE('',*,*,#4694,.T.);
#2871=ORIENTED_EDGE('',*,*,#4696,.T.);
#2872=ORIENTED_EDGE('',*,*,#4698,.T.);
#2873=ORIENTED_EDGE('',*,*,#4700,.T.);
#2874=ORIENTED_EDGE('',*,*,#4702,.T.);
#2875=ORIENTED_EDGE('',*,*,#4704,.T.);
#2876=ORIENTED_EDGE('',*,*,#4706,.T.);
#2877=ORIENTED_EDGE('',*,*,#4708,.T.);
#2878=ORIENTED_EDGE('',*,*,#4710,.T.);
#2879=ORIENTED_EDGE('',*,*,#4712,.T.);
#2880=ORIENTED_EDGE('',*,*,#4714,.T.);
#2881=ORIENTED_EDGE('',*,*,#4716,.T.);
#2882=ORIENTED_EDGE('',*,*,#4718,.T.);
#2883=ORIENTED_EDGE('',*,*,#4720,.T.);
#2884=ORIENTED_EDGE('',*,*,#4722,.T.);
#2885=ORIENTED_EDGE('',*,*,#4724,.T.);
#2886=ORIENTED_EDGE('',*,*,#4726,.T.);
#2887=ORIENTED_EDGE('',*,*,#4728,.T.);
#2888=ORIENTED_EDGE('',*,*,#4730,.T.);
#2889=ORIENTED_EDGE('',*,*,#4732,.T.);
#2890=ORIENTED_EDGE('',*,*,#4734,.T.);
#2891=ORIENTED_EDGE('',*,*,#4736,.T.);
#2892=ORIENTED_EDGE('',*,*,#4738,.T.);
#2893=ORIENTED_EDGE('',*,*,#4740,.T.);
#2894=ORIENTED_EDGE('',*,*,#4742,.T.);
#2895=ORIENTED_EDGE('',*,*,#4744,.T.);
#2896=ORIENTED_EDGE('',*,*,#4746,.T.);
#2897=ORIENTED_EDGE('',*,*,#4748,.T.);
#2898=ORIENTED_EDGE('',*,*,#4750,.T.);
#2899=ORIENTED_EDGE('',*,*,#4752,.T.);
#2900=ORIENTED_EDGE('',*,*,#4754,.T.);
#2901=ORIENTED_EDGE('',*,*,#4756,.T.);
#2902=ORIENTED_EDGE('',*,*,#4758,.T.);
#2903=ORIENTED_EDGE('',*,*,#4760,.T.);
#2904=ORIENTED_EDGE('',*,*,#4762,.T.);
#2905=ORIENTED_EDGE('',*,*,#4792,.T.);
#2906=ORIENTED_EDGE('',*,*,#4793,.F.);
#2907=ORIENTED_EDGE('',*,*,#4790,.T.);
#2908=ORIENTED_EDGE('',*,*,#4794,.F.);
#2909=ORIENTED_EDGE('',*,*,#4788,.T.);
#2910=ORIENTED_EDGE('',*,*,#4795,.F.);
#2911=ORIENTED_EDGE('',*,*,#4786,.T.);
#2912=ORIENTED_EDGE('',*,*,#4796,.F.);
#2913=ORIENTED_EDGE('',*,*,#4784,.T.);
#2914=ORIENTED_EDGE('',*,*,#4797,.F.);
#2915=ORIENTED_EDGE('',*,*,#4782,.T.);
#2916=ORIENTED_EDGE('',*,*,#4798,.F.);
#2917=ORIENTED_EDGE('',*,*,#4780,.T.);
#2918=ORIENTED_EDGE('',*,*,#4799,.F.);
#2919=ORIENTED_EDGE('',*,*,#4778,.T.);
#2920=ORIENTED_EDGE('',*,*,#4800,.F.);
#2921=ORIENTED_EDGE('',*,*,#4776,.T.);
#2922=ORIENTED_EDGE('',*,*,#4801,.F.);
#2923=ORIENTED_EDGE('',*,*,#4774,.T.);
#2924=ORIENTED_EDGE('',*,*,#4802,.F.);
#2925=ORIENTED_EDGE('',*,*,#4772,.T.);
#2926=ORIENTED_EDGE('',*,*,#4803,.F.);
#2927=ORIENTED_EDGE('',*,*,#4770,.T.);
#2928=ORIENTED_EDGE('',*,*,#4804,.F.);
#2929=ORIENTED_EDGE('',*,*,#4768,.T.);
#2930=ORIENTED_EDGE('',*,*,#4805,.F.);
#2931=ORIENTED_EDGE('',*,*,#4766,.T.);
#2932=ORIENTED_EDGE('',*,*,#4806,.F.);
#2933=ORIENTED_EDGE('',*,*,#4764,.T.);
#2934=ORIENTED_EDGE('',*,*,#4799,.T.);
#2935=ORIENTED_EDGE('',*,*,#4807,.F.);
#2936=ORIENTED_EDGE('',*,*,#4807,.T.);
#2937=ORIENTED_EDGE('',*,*,#4806,.T.);
#2938=ORIENTED_EDGE('',*,*,#4808,.F.);
#2939=ORIENTED_EDGE('',*,*,#4808,.T.);
#2940=ORIENTED_EDGE('',*,*,#4805,.T.);
#2941=ORIENTED_EDGE('',*,*,#4809,.F.);
#2942=ORIENTED_EDGE('',*,*,#4809,.T.);
#2943=ORIENTED_EDGE('',*,*,#4804,.T.);
#2944=ORIENTED_EDGE('',*,*,#4810,.F.);
#2945=ORIENTED_EDGE('',*,*,#4810,.T.);
#2946=ORIENTED_EDGE('',*,*,#4803,.T.);
#2947=ORIENTED_EDGE('',*,*,#4811,.F.);
#2948=ORIENTED_EDGE('',*,*,#4811,.T.);
#2949=ORIENTED_EDGE('',*,*,#4802,.T.);
#2950=ORIENTED_EDGE('',*,*,#4812,.F.);
#2951=ORIENTED_EDGE('',*,*,#4812,.T.);
#2952=ORIENTED_EDGE('',*,*,#4801,.T.);
#2953=ORIENTED_EDGE('',*,*,#4813,.F.);
#2954=ORIENTED_EDGE('',*,*,#4813,.T.);
#2955=ORIENTED_EDGE('',*,*,#4800,.T.);
#2956=ORIENTED_EDGE('',*,*,#4814,.F.);
#2957=ORIENTED_EDGE('',*,*,#4814,.T.);
#2958=ORIENTED_EDGE('',*,*,#4798,.T.);
#2959=ORIENTED_EDGE('',*,*,#4815,.F.);
#2960=ORIENTED_EDGE('',*,*,#4815,.T.);
#2961=ORIENTED_EDGE('',*,*,#4797,.T.);
#2962=ORIENTED_EDGE('',*,*,#4816,.F.);
#2963=ORIENTED_EDGE('',*,*,#4816,.T.);
#2964=ORIENTED_EDGE('',*,*,#4796,.T.);
#2965=ORIENTED_EDGE('',*,*,#4817,.F.);
#2966=ORIENTED_EDGE('',*,*,#4817,.T.);
#2967=ORIENTED_EDGE('',*,*,#4795,.T.);
#2968=ORIENTED_EDGE('',*,*,#4818,.F.);
#2969=ORIENTED_EDGE('',*,*,#4818,.T.);
#2970=ORIENTED_EDGE('',*,*,#4794,.T.);
#2971=ORIENTED_EDGE('',*,*,#4819,.F.);
#2972=ORIENTED_EDGE('',*,*,#4819,.T.);
#2973=ORIENTED_EDGE('',*,*,#4793,.T.);
#2974=ORIENTED_EDGE('',*,*,#4820,.F.);
#2975=ORIENTED_EDGE('',*,*,#4820,.T.);
#2976=ORIENTED_EDGE('',*,*,#4821,.T.);
#2977=ORIENTED_EDGE('',*,*,#4212,.F.);
#2978=ORIENTED_EDGE('',*,*,#4387,.T.);
#2979=ORIENTED_EDGE('',*,*,#4821,.F.);
#2980=ORIENTED_EDGE('',*,*,#4822,.T.);
#2981=ORIENTED_EDGE('',*,*,#4197,.F.);
#2982=ORIENTED_EDGE('',*,*,#4386,.T.);
#2983=ORIENTED_EDGE('',*,*,#4822,.F.);
#2984=ORIENTED_EDGE('',*,*,#4232,.T.);
#2985=ORIENTED_EDGE('',*,*,#4823,.T.);
#2986=ORIENTED_EDGE('',*,*,#4824,.T.);
#2987=ORIENTED_EDGE('',*,*,#4231,.F.);
#2988=ORIENTED_EDGE('',*,*,#4385,.T.);
#2989=ORIENTED_EDGE('',*,*,#4824,.F.);
#2990=ORIENTED_EDGE('',*,*,#4237,.T.);
#2991=ORIENTED_EDGE('',*,*,#4825,.T.);
#2992=ORIENTED_EDGE('',*,*,#4826,.T.);
#2993=ORIENTED_EDGE('',*,*,#4236,.F.);
#2994=ORIENTED_EDGE('',*,*,#4384,.T.);
#2995=ORIENTED_EDGE('',*,*,#4826,.F.);
#2996=ORIENTED_EDGE('',*,*,#4827,.T.);
#2997=ORIENTED_EDGE('',*,*,#4244,.F.);
#2998=ORIENTED_EDGE('',*,*,#4828,.T.);
#2999=ORIENTED_EDGE('',*,*,#4827,.F.);
#3000=ORIENTED_EDGE('',*,*,#4829,.T.);
#3001=ORIENTED_EDGE('',*,*,#4828,.F.);
#3002=ORIENTED_EDGE('',*,*,#4829,.F.);
#3003=ORIENTED_EDGE('',*,*,#4830,.T.);
#3004=ORIENTED_EDGE('',*,*,#4831,.F.);
#3005=ORIENTED_EDGE('',*,*,#4830,.F.);
#3006=ORIENTED_EDGE('',*,*,#4227,.F.);
#3007=ORIENTED_EDGE('',*,*,#4832,.T.);
#3008=ORIENTED_EDGE('',*,*,#4833,.T.);
#3009=ORIENTED_EDGE('',*,*,#4832,.F.);
#3010=ORIENTED_EDGE('',*,*,#4834,.T.);
#3011=ORIENTED_EDGE('',*,*,#4833,.F.);
#3012=ORIENTED_EDGE('',*,*,#4825,.F.);
#3013=ORIENTED_EDGE('',*,*,#4240,.F.);
#3014=ORIENTED_EDGE('',*,*,#4835,.T.);
#3015=ORIENTED_EDGE('',*,*,#4238,.F.);
#3016=ORIENTED_EDGE('',*,*,#4834,.F.);
#3017=ORIENTED_EDGE('',*,*,#4835,.F.);
#3018=ORIENTED_EDGE('',*,*,#4239,.F.);
#3019=ORIENTED_EDGE('',*,*,#4836,.T.);
#3020=ORIENTED_EDGE('',*,*,#4243,.F.);
#3021=ORIENTED_EDGE('',*,*,#4837,.T.);
#3022=ORIENTED_EDGE('',*,*,#4836,.F.);
#3023=ORIENTED_EDGE('',*,*,#4838,.T.);
#3024=ORIENTED_EDGE('',*,*,#4837,.F.);
#3025=ORIENTED_EDGE('',*,*,#4838,.F.);
#3026=ORIENTED_EDGE('',*,*,#4839,.T.);
#3027=ORIENTED_EDGE('',*,*,#4840,.F.);
#3028=ORIENTED_EDGE('',*,*,#4839,.F.);
#3029=ORIENTED_EDGE('',*,*,#4229,.F.);
#3030=ORIENTED_EDGE('',*,*,#4841,.T.);
#3031=ORIENTED_EDGE('',*,*,#4842,.T.);
#3032=ORIENTED_EDGE('',*,*,#4841,.F.);
#3033=ORIENTED_EDGE('',*,*,#4843,.T.);
#3034=ORIENTED_EDGE('',*,*,#4842,.F.);
#3035=ORIENTED_EDGE('',*,*,#4823,.F.);
#3036=ORIENTED_EDGE('',*,*,#4235,.F.);
#3037=ORIENTED_EDGE('',*,*,#4844,.T.);
#3038=ORIENTED_EDGE('',*,*,#4233,.F.);
#3039=ORIENTED_EDGE('',*,*,#4843,.F.);
#3040=ORIENTED_EDGE('',*,*,#4844,.F.);
#3041=ORIENTED_EDGE('',*,*,#4234,.F.);
#3042=ORIENTED_EDGE('',*,*,#4845,.T.);
#3043=ORIENTED_EDGE('',*,*,#4242,.F.);
#3044=ORIENTED_EDGE('',*,*,#4846,.F.);
#3045=ORIENTED_EDGE('',*,*,#4845,.F.);
#3046=ORIENTED_EDGE('',*,*,#4847,.T.);
#3047=ORIENTED_EDGE('',*,*,#4848,.F.);
#3048=ORIENTED_EDGE('',*,*,#4206,.T.);
#3049=ORIENTED_EDGE('',*,*,#4847,.F.);
#3050=ORIENTED_EDGE('',*,*,#4849,.T.);
#3051=ORIENTED_EDGE('',*,*,#4241,.F.);
#3052=ORIENTED_EDGE('',*,*,#4850,.F.);
#3053=ORIENTED_EDGE('',*,*,#4849,.F.);
#3054=ORIENTED_EDGE('',*,*,#4851,.T.);
#3055=ORIENTED_EDGE('',*,*,#4852,.F.);
#3056=ORIENTED_EDGE('',*,*,#4221,.T.);
#3057=ORIENTED_EDGE('',*,*,#4851,.F.);
#3058=ORIENTED_EDGE('',*,*,#4853,.T.);
#3059=ORIENTED_EDGE('',*,*,#4840,.T.);
#3060=ORIENTED_EDGE('',*,*,#4854,.T.);
#3061=ORIENTED_EDGE('',*,*,#4853,.F.);
#3062=ORIENTED_EDGE('',*,*,#4230,.T.);
#3063=ORIENTED_EDGE('',*,*,#4854,.F.);
#3064=ORIENTED_EDGE('',*,*,#4855,.T.);
#3065=ORIENTED_EDGE('',*,*,#4831,.T.);
#3066=ORIENTED_EDGE('',*,*,#4856,.T.);
#3067=ORIENTED_EDGE('',*,*,#4855,.F.);
#3068=ORIENTED_EDGE('',*,*,#4228,.T.);
#3069=ORIENTED_EDGE('',*,*,#4856,.F.);
#3070=ORIENTED_EDGE('',*,*,#4857,.F.);
#3071=ORIENTED_EDGE('',*,*,#4848,.T.);
#3072=ORIENTED_EDGE('',*,*,#4846,.T.);
#3073=ORIENTED_EDGE('',*,*,#4858,.T.);
#3074=ORIENTED_EDGE('',*,*,#4857,.T.);
#3075=ORIENTED_EDGE('',*,*,#4858,.F.);
#3076=ORIENTED_EDGE('',*,*,#4859,.F.);
#3077=ORIENTED_EDGE('',*,*,#4852,.T.);
#3078=ORIENTED_EDGE('',*,*,#4850,.T.);
#3079=ORIENTED_EDGE('',*,*,#4860,.T.);
#3080=ORIENTED_EDGE('',*,*,#4859,.T.);
#3081=ORIENTED_EDGE('',*,*,#4860,.F.);
#3082=ORIENTED_EDGE('',*,*,#4861,.T.);
#3083=ORIENTED_EDGE('',*,*,#4383,.F.);
#3084=ORIENTED_EDGE('',*,*,#4862,.T.);
#3085=ORIENTED_EDGE('',*,*,#4861,.F.);
#3086=ORIENTED_EDGE('',*,*,#4862,.F.);
#3087=ORIENTED_EDGE('',*,*,#4863,.T.);
#3088=ORIENTED_EDGE('',*,*,#4184,.T.);
#3089=ORIENTED_EDGE('',*,*,#4864,.T.);
#3090=ORIENTED_EDGE('',*,*,#4863,.F.);
#3091=ORIENTED_EDGE('',*,*,#4865,.T.);
#3092=ORIENTED_EDGE('',*,*,#4864,.F.);
#3093=ORIENTED_EDGE('',*,*,#4866,.T.);
#3094=ORIENTED_EDGE('',*,*,#4865,.F.);
#3095=ORIENTED_EDGE('',*,*,#4866,.F.);
#3096=ORIENTED_EDGE('',*,*,#4867,.T.);
#3097=ORIENTED_EDGE('',*,*,#4183,.T.);
#3098=ORIENTED_EDGE('',*,*,#4220,.F.);
#3099=ORIENTED_EDGE('',*,*,#4224,.F.);
#3100=ORIENTED_EDGE('',*,*,#4868,.F.);
#3101=ORIENTED_EDGE('',*,*,#4218,.F.);
#3102=ORIENTED_EDGE('',*,*,#4869,.T.);
#3103=ORIENTED_EDGE('',*,*,#4867,.F.);
#3104=ORIENTED_EDGE('',*,*,#4870,.T.);
#3105=ORIENTED_EDGE('',*,*,#4869,.F.);
#3106=ORIENTED_EDGE('',*,*,#4868,.T.);
#3107=ORIENTED_EDGE('',*,*,#4223,.F.);
#3108=ORIENTED_EDGE('',*,*,#4226,.F.);
#3109=ORIENTED_EDGE('',*,*,#4871,.T.);
#3110=ORIENTED_EDGE('',*,*,#4213,.F.);
#3111=ORIENTED_EDGE('',*,*,#4870,.F.);
#3112=ORIENTED_EDGE('',*,*,#4871,.F.);
#3113=ORIENTED_EDGE('',*,*,#4225,.F.);
#3114=ORIENTED_EDGE('',*,*,#4214,.F.);
#3115=ORIENTED_EDGE('',*,*,#4872,.T.);
#3116=ORIENTED_EDGE('',*,*,#4182,.T.);
#3117=ORIENTED_EDGE('',*,*,#4873,.F.);
#3118=ORIENTED_EDGE('',*,*,#4207,.F.);
#3119=ORIENTED_EDGE('',*,*,#4204,.F.);
#3120=ORIENTED_EDGE('',*,*,#4199,.F.);
#3121=ORIENTED_EDGE('',*,*,#4874,.T.);
#3122=ORIENTED_EDGE('',*,*,#4872,.F.);
#3123=ORIENTED_EDGE('',*,*,#4875,.T.);
#3124=ORIENTED_EDGE('',*,*,#4874,.F.);
#3125=ORIENTED_EDGE('',*,*,#4876,.T.);
#3126=ORIENTED_EDGE('',*,*,#4210,.F.);
#3127=ORIENTED_EDGE('',*,*,#4208,.F.);
#3128=ORIENTED_EDGE('',*,*,#4873,.T.);
#3129=ORIENTED_EDGE('',*,*,#4198,.F.);
#3130=ORIENTED_EDGE('',*,*,#4875,.F.);
#3131=ORIENTED_EDGE('',*,*,#4211,.F.);
#3132=ORIENTED_EDGE('',*,*,#4876,.F.);
#3133=ORIENTED_EDGE('',*,*,#4203,.F.);
#3134=ORIENTED_EDGE('',*,*,#4877,.T.);
#3135=ORIENTED_EDGE('',*,*,#4181,.T.);
#3136=ORIENTED_EDGE('',*,*,#4878,.T.);
#3137=ORIENTED_EDGE('',*,*,#4877,.F.);
#3138=ORIENTED_EDGE('',*,*,#4879,.T.);
#3139=ORIENTED_EDGE('',*,*,#4878,.F.);
#3140=ORIENTED_EDGE('',*,*,#4879,.F.);
#3141=ORIENTED_EDGE('',*,*,#4880,.F.);
#3142=ORIENTED_EDGE('',*,*,#4180,.T.);
#3143=ORIENTED_EDGE('',*,*,#4881,.F.);
#3144=ORIENTED_EDGE('',*,*,#4880,.T.);
#3145=ORIENTED_EDGE('',*,*,#4882,.F.);
#3146=ORIENTED_EDGE('',*,*,#4881,.T.);
#3147=ORIENTED_EDGE('',*,*,#4882,.T.);
#3148=ORIENTED_EDGE('',*,*,#4883,.F.);
#3149=ORIENTED_EDGE('',*,*,#4883,.T.);
#3150=ORIENTED_EDGE('',*,*,#4187,.T.);
#3151=ORIENTED_EDGE('',*,*,#4884,.T.);
#3152=ORIENTED_EDGE('',*,*,#4885,.F.);
#3153=ORIENTED_EDGE('',*,*,#4886,.F.);
#3154=ORIENTED_EDGE('',*,*,#4192,.T.);
#3155=ORIENTED_EDGE('',*,*,#4887,.T.);
#3156=ORIENTED_EDGE('',*,*,#4888,.F.);
#3157=ORIENTED_EDGE('',*,*,#4884,.F.);
#3158=ORIENTED_EDGE('',*,*,#4191,.T.);
#3159=ORIENTED_EDGE('',*,*,#4889,.T.);
#3160=ORIENTED_EDGE('',*,*,#4890,.F.);
#3161=ORIENTED_EDGE('',*,*,#4887,.F.);
#3162=ORIENTED_EDGE('',*,*,#4190,.T.);
#3163=ORIENTED_EDGE('',*,*,#4891,.T.);
#3164=ORIENTED_EDGE('',*,*,#4892,.F.);
#3165=ORIENTED_EDGE('',*,*,#4889,.F.);
#3166=ORIENTED_EDGE('',*,*,#4189,.T.);
#3167=ORIENTED_EDGE('',*,*,#4893,.T.);
#3168=ORIENTED_EDGE('',*,*,#4894,.F.);
#3169=ORIENTED_EDGE('',*,*,#4891,.F.);
#3170=ORIENTED_EDGE('',*,*,#4895,.T.);
#3171=ORIENTED_EDGE('',*,*,#4896,.T.);
#3172=ORIENTED_EDGE('',*,*,#4897,.F.);
#3173=ORIENTED_EDGE('',*,*,#4898,.F.);
#3174=ORIENTED_EDGE('',*,*,#4899,.T.);
#3175=ORIENTED_EDGE('',*,*,#4900,.T.);
#3176=ORIENTED_EDGE('',*,*,#4895,.F.);
#3177=ORIENTED_EDGE('',*,*,#4901,.F.);
#3178=ORIENTED_EDGE('',*,*,#4897,.T.);
#3179=ORIENTED_EDGE('',*,*,#4902,.T.);
#3180=ORIENTED_EDGE('',*,*,#4899,.F.);
#3181=ORIENTED_EDGE('',*,*,#4903,.F.);
#3182=ORIENTED_EDGE('',*,*,#4188,.T.);
#3183=ORIENTED_EDGE('',*,*,#4886,.T.);
#3184=ORIENTED_EDGE('',*,*,#4904,.F.);
#3185=ORIENTED_EDGE('',*,*,#4893,.F.);
#3186=ORIENTED_EDGE('',*,*,#4896,.F.);
#3187=ORIENTED_EDGE('',*,*,#4900,.F.);
#3188=ORIENTED_EDGE('',*,*,#4902,.F.);
#3189=ORIENTED_EDGE('',*,*,#4885,.T.);
#3190=ORIENTED_EDGE('',*,*,#4888,.T.);
#3191=ORIENTED_EDGE('',*,*,#4890,.T.);
#3192=ORIENTED_EDGE('',*,*,#4892,.T.);
#3193=ORIENTED_EDGE('',*,*,#4894,.T.);
#3194=ORIENTED_EDGE('',*,*,#4904,.T.);
#3195=ORIENTED_EDGE('',*,*,#4901,.T.);
#3196=ORIENTED_EDGE('',*,*,#4898,.T.);
#3197=ORIENTED_EDGE('',*,*,#4903,.T.);
#3198=ORIENTED_EDGE('',*,*,#4176,.T.);
#3199=ORIENTED_EDGE('',*,*,#4905,.T.);
#3200=ORIENTED_EDGE('',*,*,#4906,.T.);
#3201=ORIENTED_EDGE('',*,*,#4177,.T.);
#3202=ORIENTED_EDGE('',*,*,#4905,.F.);
#3203=ORIENTED_EDGE('',*,*,#4179,.T.);
#3204=ORIENTED_EDGE('',*,*,#4907,.T.);
#3205=ORIENTED_EDGE('',*,*,#4178,.T.);
#3206=ORIENTED_EDGE('',*,*,#4907,.F.);
#3207=ORIENTED_EDGE('',*,*,#4908,.T.);
#3208=ORIENTED_EDGE('',*,*,#4906,.F.);
#3209=ORIENTED_EDGE('',*,*,#4909,.T.);
#3210=ORIENTED_EDGE('',*,*,#4908,.F.);
#3211=ORIENTED_EDGE('',*,*,#4910,.T.);
#3212=ORIENTED_EDGE('',*,*,#4909,.F.);
#3213=ORIENTED_EDGE('',*,*,#4910,.F.);
#3214=ORIENTED_EDGE('',*,*,#4193,.T.);
#3215=ORIENTED_EDGE('',*,*,#4911,.T.);
#3216=ORIENTED_EDGE('',*,*,#4912,.F.);
#3217=ORIENTED_EDGE('',*,*,#4196,.T.);
#3218=ORIENTED_EDGE('',*,*,#4913,.T.);
#3219=ORIENTED_EDGE('',*,*,#4194,.T.);
#3220=ORIENTED_EDGE('',*,*,#4911,.F.);
#3221=ORIENTED_EDGE('',*,*,#4195,.T.);
#3222=ORIENTED_EDGE('',*,*,#4913,.F.);
#3223=ORIENTED_EDGE('',*,*,#4914,.T.);
#3224=ORIENTED_EDGE('',*,*,#4915,.T.);
#3225=ORIENTED_EDGE('',*,*,#4914,.F.);
#3226=ORIENTED_EDGE('',*,*,#4916,.T.);
#3227=ORIENTED_EDGE('',*,*,#4915,.F.);
#3228=ORIENTED_EDGE('',*,*,#4912,.T.);
#3229=ORIENTED_EDGE('',*,*,#4916,.F.);
#3230=ORIENTED_EDGE('',*,*,#4917,.T.);
#3231=ORIENTED_EDGE('',*,*,#4918,.F.);
#3232=ORIENTED_EDGE('',*,*,#4919,.T.);
#3233=ORIENTED_EDGE('',*,*,#4917,.F.);
#3234=ORIENTED_EDGE('',*,*,#4920,.T.);
#3235=ORIENTED_EDGE('',*,*,#4919,.F.);
#3236=ORIENTED_EDGE('',*,*,#4921,.T.);
#3237=ORIENTED_EDGE('',*,*,#4920,.F.);
#3238=ORIENTED_EDGE('',*,*,#4922,.F.);
#3239=ORIENTED_EDGE('',*,*,#4923,.F.);
#3240=ORIENTED_EDGE('',*,*,#4924,.F.);
#3241=ORIENTED_EDGE('',*,*,#4925,.F.);
#3242=ORIENTED_EDGE('',*,*,#4926,.T.);
#3243=ORIENTED_EDGE('',*,*,#4921,.F.);
#3244=ORIENTED_EDGE('',*,*,#4927,.T.);
#3245=ORIENTED_EDGE('',*,*,#4926,.F.);
#3246=ORIENTED_EDGE('',*,*,#4928,.T.);
#3247=ORIENTED_EDGE('',*,*,#4927,.F.);
#3248=ORIENTED_EDGE('',*,*,#4929,.T.);
#3249=ORIENTED_EDGE('',*,*,#4928,.F.);
#3250=ORIENTED_EDGE('',*,*,#4930,.T.);
#3251=ORIENTED_EDGE('',*,*,#4929,.F.);
#3252=ORIENTED_EDGE('',*,*,#4918,.T.);
#3253=ORIENTED_EDGE('',*,*,#4930,.F.);
#3254=ORIENTED_EDGE('',*,*,#4931,.F.);
#3255=ORIENTED_EDGE('',*,*,#4925,.T.);
#3256=ORIENTED_EDGE('',*,*,#4931,.T.);
#3257=ORIENTED_EDGE('',*,*,#4932,.F.);
#3258=ORIENTED_EDGE('',*,*,#4924,.T.);
#3259=ORIENTED_EDGE('',*,*,#4932,.T.);
#3260=ORIENTED_EDGE('',*,*,#4933,.F.);
#3261=ORIENTED_EDGE('',*,*,#4923,.T.);
#3262=ORIENTED_EDGE('',*,*,#4933,.T.);
#3263=ORIENTED_EDGE('',*,*,#4934,.F.);
#3264=ORIENTED_EDGE('',*,*,#4922,.T.);
#3265=ORIENTED_EDGE('',*,*,#4934,.T.);
#3266=ORIENTED_EDGE('',*,*,#4935,.T.);
#3267=ORIENTED_EDGE('',*,*,#4936,.T.);
#3268=ORIENTED_EDGE('',*,*,#4937,.F.);
#3269=ORIENTED_EDGE('',*,*,#4938,.T.);
#3270=ORIENTED_EDGE('',*,*,#4939,.F.);
#3271=ORIENTED_EDGE('',*,*,#4940,.T.);
#3272=ORIENTED_EDGE('',*,*,#4941,.F.);
#3273=ORIENTED_EDGE('',*,*,#4942,.T.);
#3274=ORIENTED_EDGE('',*,*,#4943,.F.);
#3275=ORIENTED_EDGE('',*,*,#4944,.T.);
#3276=ORIENTED_EDGE('',*,*,#4945,.F.);
#3277=ORIENTED_EDGE('',*,*,#4946,.T.);
#3278=ORIENTED_EDGE('',*,*,#4947,.F.);
#3279=ORIENTED_EDGE('',*,*,#4948,.F.);
#3280=ORIENTED_EDGE('',*,*,#4949,.F.);
#3281=ORIENTED_EDGE('',*,*,#4947,.T.);
#3282=ORIENTED_EDGE('',*,*,#4950,.F.);
#3283=ORIENTED_EDGE('',*,*,#4951,.F.);
#3284=ORIENTED_EDGE('',*,*,#4952,.F.);
#3285=ORIENTED_EDGE('',*,*,#4945,.T.);
#3286=ORIENTED_EDGE('',*,*,#4953,.F.);
#3287=ORIENTED_EDGE('',*,*,#4954,.F.);
#3288=ORIENTED_EDGE('',*,*,#4955,.F.);
#3289=ORIENTED_EDGE('',*,*,#4943,.T.);
#3290=ORIENTED_EDGE('',*,*,#4956,.F.);
#3291=ORIENTED_EDGE('',*,*,#4957,.F.);
#3292=ORIENTED_EDGE('',*,*,#4958,.F.);
#3293=ORIENTED_EDGE('',*,*,#4941,.T.);
#3294=ORIENTED_EDGE('',*,*,#4959,.F.);
#3295=ORIENTED_EDGE('',*,*,#4960,.F.);
#3296=ORIENTED_EDGE('',*,*,#4961,.F.);
#3297=ORIENTED_EDGE('',*,*,#4939,.T.);
#3298=ORIENTED_EDGE('',*,*,#4962,.F.);
#3299=ORIENTED_EDGE('',*,*,#4963,.F.);
#3300=ORIENTED_EDGE('',*,*,#4964,.F.);
#3301=ORIENTED_EDGE('',*,*,#4937,.T.);
#3302=ORIENTED_EDGE('',*,*,#4965,.F.);
#3303=ORIENTED_EDGE('',*,*,#4966,.F.);
#3304=ORIENTED_EDGE('',*,*,#4967,.F.);
#3305=ORIENTED_EDGE('',*,*,#4968,.F.);
#3306=ORIENTED_EDGE('',*,*,#4969,.T.);
#3307=ORIENTED_EDGE('',*,*,#4970,.T.);
#3308=ORIENTED_EDGE('',*,*,#4971,.F.);
#3309=ORIENTED_EDGE('',*,*,#4972,.F.);
#3310=ORIENTED_EDGE('',*,*,#4973,.F.);
#3311=ORIENTED_EDGE('',*,*,#4974,.F.);
#3312=ORIENTED_EDGE('',*,*,#4975,.F.);
#3313=ORIENTED_EDGE('',*,*,#4976,.T.);
#3314=ORIENTED_EDGE('',*,*,#4977,.F.);
#3315=ORIENTED_EDGE('',*,*,#4978,.F.);
#3316=ORIENTED_EDGE('',*,*,#4979,.F.);
#3317=ORIENTED_EDGE('',*,*,#4980,.F.);
#3318=ORIENTED_EDGE('',*,*,#4981,.F.);
#3319=ORIENTED_EDGE('',*,*,#4982,.F.);
#3320=ORIENTED_EDGE('',*,*,#4983,.T.);
#3321=ORIENTED_EDGE('',*,*,#4984,.F.);
#3322=ORIENTED_EDGE('',*,*,#4985,.F.);
#3323=ORIENTED_EDGE('',*,*,#4986,.T.);
#3324=ORIENTED_EDGE('',*,*,#4987,.T.);
#3325=ORIENTED_EDGE('',*,*,#4988,.T.);
#3326=ORIENTED_EDGE('',*,*,#4989,.F.);
#3327=ORIENTED_EDGE('',*,*,#4990,.T.);
#3328=ORIENTED_EDGE('',*,*,#4991,.F.);
#3329=ORIENTED_EDGE('',*,*,#4992,.T.);
#3330=ORIENTED_EDGE('',*,*,#4993,.F.);
#3331=ORIENTED_EDGE('',*,*,#4994,.T.);
#3332=ORIENTED_EDGE('',*,*,#4995,.F.);
#3333=ORIENTED_EDGE('',*,*,#4996,.T.);
#3334=ORIENTED_EDGE('',*,*,#4997,.F.);
#3335=ORIENTED_EDGE('',*,*,#4998,.T.);
#3336=ORIENTED_EDGE('',*,*,#4999,.F.);
#3337=ORIENTED_EDGE('',*,*,#5000,.F.);
#3338=ORIENTED_EDGE('',*,*,#5001,.F.);
#3339=ORIENTED_EDGE('',*,*,#5002,.F.);
#3340=ORIENTED_EDGE('',*,*,#4989,.T.);
#3341=ORIENTED_EDGE('',*,*,#5003,.F.);
#3342=ORIENTED_EDGE('',*,*,#4999,.T.);
#3343=ORIENTED_EDGE('',*,*,#5004,.F.);
#3344=ORIENTED_EDGE('',*,*,#5005,.F.);
#3345=ORIENTED_EDGE('',*,*,#5006,.F.);
#3346=ORIENTED_EDGE('',*,*,#4997,.T.);
#3347=ORIENTED_EDGE('',*,*,#5007,.F.);
#3348=ORIENTED_EDGE('',*,*,#5008,.F.);
#3349=ORIENTED_EDGE('',*,*,#5009,.F.);
#3350=ORIENTED_EDGE('',*,*,#4995,.T.);
#3351=ORIENTED_EDGE('',*,*,#5010,.F.);
#3352=ORIENTED_EDGE('',*,*,#5011,.F.);
#3353=ORIENTED_EDGE('',*,*,#5012,.F.);
#3354=ORIENTED_EDGE('',*,*,#4993,.T.);
#3355=ORIENTED_EDGE('',*,*,#5013,.F.);
#3356=ORIENTED_EDGE('',*,*,#5014,.F.);
#3357=ORIENTED_EDGE('',*,*,#5015,.F.);
#3358=ORIENTED_EDGE('',*,*,#4991,.T.);
#3359=ORIENTED_EDGE('',*,*,#5016,.F.);
#3360=ORIENTED_EDGE('',*,*,#5017,.F.);
#3361=ORIENTED_EDGE('',*,*,#5018,.F.);
#3362=ORIENTED_EDGE('',*,*,#5005,.T.);
#3363=ORIENTED_EDGE('',*,*,#5019,.F.);
#3364=ORIENTED_EDGE('',*,*,#5020,.F.);
#3365=ORIENTED_EDGE('',*,*,#5021,.F.);
#3366=ORIENTED_EDGE('',*,*,#5022,.F.);
#3367=ORIENTED_EDGE('',*,*,#5023,.F.);
#3368=ORIENTED_EDGE('',*,*,#5001,.T.);
#3369=ORIENTED_EDGE('',*,*,#5024,.F.);
#3370=ORIENTED_EDGE('',*,*,#5008,.T.);
#3371=ORIENTED_EDGE('',*,*,#5025,.F.);
#3372=ORIENTED_EDGE('',*,*,#5026,.F.);
#3373=ORIENTED_EDGE('',*,*,#5027,.F.);
#3374=ORIENTED_EDGE('',*,*,#5011,.T.);
#3375=ORIENTED_EDGE('',*,*,#5028,.F.);
#3376=ORIENTED_EDGE('',*,*,#5029,.F.);
#3377=ORIENTED_EDGE('',*,*,#5030,.F.);
#3378=ORIENTED_EDGE('',*,*,#5014,.T.);
#3379=ORIENTED_EDGE('',*,*,#5031,.F.);
#3380=ORIENTED_EDGE('',*,*,#5032,.F.);
#3381=ORIENTED_EDGE('',*,*,#5033,.F.);
#3382=ORIENTED_EDGE('',*,*,#5017,.T.);
#3383=ORIENTED_EDGE('',*,*,#5034,.F.);
#3384=ORIENTED_EDGE('',*,*,#5035,.F.);
#3385=ORIENTED_EDGE('',*,*,#5036,.T.);
#3386=ORIENTED_EDGE('',*,*,#5037,.T.);
#3387=ORIENTED_EDGE('',*,*,#5038,.F.);
#3388=ORIENTED_EDGE('',*,*,#5039,.T.);
#3389=ORIENTED_EDGE('',*,*,#5040,.T.);
#3390=ORIENTED_EDGE('',*,*,#4970,.F.);
#3391=ORIENTED_EDGE('',*,*,#5041,.F.);
#3392=ORIENTED_EDGE('',*,*,#5039,.F.);
#3393=ORIENTED_EDGE('',*,*,#5042,.T.);
#3394=ORIENTED_EDGE('',*,*,#5037,.F.);
#3395=ORIENTED_EDGE('',*,*,#5043,.F.);
#3396=ORIENTED_EDGE('',*,*,#5044,.T.);
#3397=ORIENTED_EDGE('',*,*,#5040,.F.);
#3398=ORIENTED_EDGE('',*,*,#5042,.F.);
#3399=ORIENTED_EDGE('',*,*,#5044,.F.);
#3400=ORIENTED_EDGE('',*,*,#5043,.T.);
#3401=ORIENTED_EDGE('',*,*,#5036,.F.);
#3402=ORIENTED_EDGE('',*,*,#5041,.T.);
#3403=ORIENTED_EDGE('',*,*,#4969,.F.);
#3404=ORIENTED_EDGE('',*,*,#5038,.T.);
#3405=ORIENTED_EDGE('',*,*,#5045,.F.);
#3406=ORIENTED_EDGE('',*,*,#5046,.F.);
#3407=ORIENTED_EDGE('',*,*,#5045,.T.);
#3408=ORIENTED_EDGE('',*,*,#5047,.F.);
#3409=ORIENTED_EDGE('',*,*,#5046,.T.);
#3410=ORIENTED_EDGE('',*,*,#5048,.F.);
#3411=ORIENTED_EDGE('',*,*,#5047,.T.);
#3412=ORIENTED_EDGE('',*,*,#5049,.F.);
#3413=ORIENTED_EDGE('',*,*,#5048,.T.);
#3414=ORIENTED_EDGE('',*,*,#5050,.F.);
#3415=ORIENTED_EDGE('',*,*,#5049,.T.);
#3416=ORIENTED_EDGE('',*,*,#5050,.T.);
#3417=ORIENTED_EDGE('',*,*,#4976,.F.);
#3418=ORIENTED_EDGE('',*,*,#5051,.F.);
#3419=ORIENTED_EDGE('',*,*,#5052,.T.);
#3420=ORIENTED_EDGE('',*,*,#4977,.T.);
#3421=ORIENTED_EDGE('',*,*,#5053,.F.);
#3422=ORIENTED_EDGE('',*,*,#5051,.T.);
#3423=ORIENTED_EDGE('',*,*,#4987,.F.);
#3424=ORIENTED_EDGE('',*,*,#5053,.T.);
#3425=ORIENTED_EDGE('',*,*,#5022,.T.);
#3426=ORIENTED_EDGE('',*,*,#5054,.F.);
#3427=ORIENTED_EDGE('',*,*,#5020,.T.);
#3428=ORIENTED_EDGE('',*,*,#5055,.F.);
#3429=ORIENTED_EDGE('',*,*,#5026,.T.);
#3430=ORIENTED_EDGE('',*,*,#5056,.F.);
#3431=ORIENTED_EDGE('',*,*,#5029,.T.);
#3432=ORIENTED_EDGE('',*,*,#5057,.F.);
#3433=ORIENTED_EDGE('',*,*,#5032,.T.);
#3434=ORIENTED_EDGE('',*,*,#5058,.F.);
#3435=ORIENTED_EDGE('',*,*,#5035,.T.);
#3436=ORIENTED_EDGE('',*,*,#5059,.F.);
#3437=ORIENTED_EDGE('',*,*,#5060,.F.);
#3438=ORIENTED_EDGE('',*,*,#5060,.T.);
#3439=ORIENTED_EDGE('',*,*,#5061,.F.);
#3440=ORIENTED_EDGE('',*,*,#5062,.F.);
#3441=ORIENTED_EDGE('',*,*,#5061,.T.);
#3442=ORIENTED_EDGE('',*,*,#5063,.F.);
#3443=ORIENTED_EDGE('',*,*,#5062,.T.);
#3444=ORIENTED_EDGE('',*,*,#5064,.F.);
#3445=ORIENTED_EDGE('',*,*,#5065,.F.);
#3446=ORIENTED_EDGE('',*,*,#4983,.F.);
#3447=ORIENTED_EDGE('',*,*,#5066,.F.);
#3448=ORIENTED_EDGE('',*,*,#5063,.T.);
#3449=ORIENTED_EDGE('',*,*,#5067,.F.);
#3450=ORIENTED_EDGE('',*,*,#5068,.T.);
#3451=ORIENTED_EDGE('',*,*,#5064,.T.);
#3452=ORIENTED_EDGE('',*,*,#5069,.F.);
#3453=ORIENTED_EDGE('',*,*,#5070,.F.);
#3454=ORIENTED_EDGE('',*,*,#4985,.T.);
#3455=ORIENTED_EDGE('',*,*,#5071,.T.);
#3456=ORIENTED_EDGE('',*,*,#5067,.T.);
#3457=ORIENTED_EDGE('',*,*,#5072,.T.);
#3458=ORIENTED_EDGE('',*,*,#5073,.F.);
#3459=ORIENTED_EDGE('',*,*,#5070,.T.);
#3460=ORIENTED_EDGE('',*,*,#5074,.F.);
#3461=ORIENTED_EDGE('',*,*,#5073,.T.);
#3462=ORIENTED_EDGE('',*,*,#5075,.F.);
#3463=ORIENTED_EDGE('',*,*,#5074,.T.);
#3464=ORIENTED_EDGE('',*,*,#5076,.F.);
#3465=ORIENTED_EDGE('',*,*,#5077,.F.);
#3466=ORIENTED_EDGE('',*,*,#5078,.F.);
#3467=ORIENTED_EDGE('',*,*,#5075,.T.);
#3468=ORIENTED_EDGE('',*,*,#4978,.T.);
#3469=ORIENTED_EDGE('',*,*,#5052,.F.);
#3470=ORIENTED_EDGE('',*,*,#5009,.T.);
#3471=ORIENTED_EDGE('',*,*,#5027,.T.);
#3472=ORIENTED_EDGE('',*,*,#5056,.T.);
#3473=ORIENTED_EDGE('',*,*,#5025,.T.);
#3474=ORIENTED_EDGE('',*,*,#5007,.T.);
#3475=ORIENTED_EDGE('',*,*,#4996,.F.);
#3476=ORIENTED_EDGE('',*,*,#5012,.T.);
#3477=ORIENTED_EDGE('',*,*,#5030,.T.);
#3478=ORIENTED_EDGE('',*,*,#5057,.T.);
#3479=ORIENTED_EDGE('',*,*,#5028,.T.);
#3480=ORIENTED_EDGE('',*,*,#5010,.T.);
#3481=ORIENTED_EDGE('',*,*,#4994,.F.);
#3482=ORIENTED_EDGE('',*,*,#5015,.T.);
#3483=ORIENTED_EDGE('',*,*,#5033,.T.);
#3484=ORIENTED_EDGE('',*,*,#5058,.T.);
#3485=ORIENTED_EDGE('',*,*,#5031,.T.);
#3486=ORIENTED_EDGE('',*,*,#5013,.T.);
#3487=ORIENTED_EDGE('',*,*,#4992,.F.);
#3488=ORIENTED_EDGE('',*,*,#5002,.T.);
#3489=ORIENTED_EDGE('',*,*,#5023,.T.);
#3490=ORIENTED_EDGE('',*,*,#5059,.T.);
#3491=ORIENTED_EDGE('',*,*,#5034,.T.);
#3492=ORIENTED_EDGE('',*,*,#5016,.T.);
#3493=ORIENTED_EDGE('',*,*,#4990,.F.);
#3494=ORIENTED_EDGE('',*,*,#5003,.T.);
#3495=ORIENTED_EDGE('',*,*,#5018,.T.);
#3496=ORIENTED_EDGE('',*,*,#5054,.T.);
#3497=ORIENTED_EDGE('',*,*,#5021,.T.);
#3498=ORIENTED_EDGE('',*,*,#5000,.T.);
#3499=ORIENTED_EDGE('',*,*,#4988,.F.);
#3500=ORIENTED_EDGE('',*,*,#5006,.T.);
#3501=ORIENTED_EDGE('',*,*,#5024,.T.);
#3502=ORIENTED_EDGE('',*,*,#5055,.T.);
#3503=ORIENTED_EDGE('',*,*,#5019,.T.);
#3504=ORIENTED_EDGE('',*,*,#5004,.T.);
#3505=ORIENTED_EDGE('',*,*,#4998,.F.);
#3506=ORIENTED_EDGE('',*,*,#5069,.T.);
#3507=ORIENTED_EDGE('',*,*,#5066,.T.);
#3508=ORIENTED_EDGE('',*,*,#4986,.F.);
#3509=ORIENTED_EDGE('',*,*,#5072,.F.);
#3510=ORIENTED_EDGE('',*,*,#4984,.T.);
#3511=ORIENTED_EDGE('',*,*,#5065,.T.);
#3512=ORIENTED_EDGE('',*,*,#5068,.F.);
#3513=ORIENTED_EDGE('',*,*,#5071,.F.);
#3514=ORIENTED_EDGE('',*,*,#4973,.T.);
#3515=ORIENTED_EDGE('',*,*,#5079,.F.);
#3516=ORIENTED_EDGE('',*,*,#5080,.T.);
#3517=ORIENTED_EDGE('',*,*,#4975,.T.);
#3518=ORIENTED_EDGE('',*,*,#4972,.T.);
#3519=ORIENTED_EDGE('',*,*,#5080,.F.);
#3520=ORIENTED_EDGE('',*,*,#4974,.T.);
#3521=ORIENTED_EDGE('',*,*,#5079,.T.);
#3522=ORIENTED_EDGE('',*,*,#5081,.T.);
#3523=ORIENTED_EDGE('',*,*,#4979,.T.);
#3524=ORIENTED_EDGE('',*,*,#4982,.T.);
#3525=ORIENTED_EDGE('',*,*,#5082,.T.);
#3526=ORIENTED_EDGE('',*,*,#4980,.T.);
#3527=ORIENTED_EDGE('',*,*,#5081,.F.);
#3528=ORIENTED_EDGE('',*,*,#5082,.F.);
#3529=ORIENTED_EDGE('',*,*,#4981,.T.);
#3530=ORIENTED_EDGE('',*,*,#5083,.F.);
#3531=ORIENTED_EDGE('',*,*,#4967,.T.);
#3532=ORIENTED_EDGE('',*,*,#5083,.T.);
#3533=ORIENTED_EDGE('',*,*,#5084,.F.);
#3534=ORIENTED_EDGE('',*,*,#5085,.F.);
#3535=ORIENTED_EDGE('',*,*,#5084,.T.);
#3536=ORIENTED_EDGE('',*,*,#5085,.T.);
#3537=ORIENTED_EDGE('',*,*,#5086,.F.);
#3538=ORIENTED_EDGE('',*,*,#5087,.F.);
#3539=ORIENTED_EDGE('',*,*,#5086,.T.);
#3540=ORIENTED_EDGE('',*,*,#5087,.T.);
#3541=ORIENTED_EDGE('',*,*,#5088,.F.);
#3542=ORIENTED_EDGE('',*,*,#5089,.F.);
#3543=ORIENTED_EDGE('',*,*,#5088,.T.);
#3544=ORIENTED_EDGE('',*,*,#5090,.F.);
#3545=ORIENTED_EDGE('',*,*,#5089,.T.);
#3546=ORIENTED_EDGE('',*,*,#4971,.T.);
#3547=ORIENTED_EDGE('',*,*,#5090,.T.);
#3548=ORIENTED_EDGE('',*,*,#5091,.T.);
#3549=ORIENTED_EDGE('',*,*,#5092,.F.);
#3550=ORIENTED_EDGE('',*,*,#5093,.F.);
#3551=ORIENTED_EDGE('',*,*,#5094,.T.);
#3552=ORIENTED_EDGE('',*,*,#4968,.T.);
#3553=ORIENTED_EDGE('',*,*,#5095,.T.);
#3554=ORIENTED_EDGE('',*,*,#5096,.F.);
#3555=ORIENTED_EDGE('',*,*,#5097,.F.);
#3556=ORIENTED_EDGE('',*,*,#5092,.T.);
#3557=ORIENTED_EDGE('',*,*,#5098,.T.);
#3558=ORIENTED_EDGE('',*,*,#5099,.F.);
#3559=ORIENTED_EDGE('',*,*,#5100,.F.);
#3560=ORIENTED_EDGE('',*,*,#5096,.T.);
#3561=ORIENTED_EDGE('',*,*,#5101,.T.);
#3562=ORIENTED_EDGE('',*,*,#5094,.F.);
#3563=ORIENTED_EDGE('',*,*,#5102,.F.);
#3564=ORIENTED_EDGE('',*,*,#5099,.T.);
#3565=ORIENTED_EDGE('',*,*,#5103,.F.);
#3566=ORIENTED_EDGE('',*,*,#5093,.T.);
#3567=ORIENTED_EDGE('',*,*,#5097,.T.);
#3568=ORIENTED_EDGE('',*,*,#5100,.T.);
#3569=ORIENTED_EDGE('',*,*,#5102,.T.);
#3570=ORIENTED_EDGE('',*,*,#5091,.F.);
#3571=ORIENTED_EDGE('',*,*,#5101,.F.);
#3572=ORIENTED_EDGE('',*,*,#5098,.F.);
#3573=ORIENTED_EDGE('',*,*,#5095,.F.);
#3574=ORIENTED_EDGE('',*,*,#4935,.F.);
#3575=ORIENTED_EDGE('',*,*,#5103,.T.);
#3576=ORIENTED_EDGE('',*,*,#5104,.F.);
#3577=ORIENTED_EDGE('',*,*,#4948,.T.);
#3578=ORIENTED_EDGE('',*,*,#5105,.F.);
#3579=ORIENTED_EDGE('',*,*,#5104,.T.);
#3580=ORIENTED_EDGE('',*,*,#5106,.F.);
#3581=ORIENTED_EDGE('',*,*,#5105,.T.);
#3582=ORIENTED_EDGE('',*,*,#5107,.F.);
#3583=ORIENTED_EDGE('',*,*,#5106,.T.);
#3584=ORIENTED_EDGE('',*,*,#5108,.F.);
#3585=ORIENTED_EDGE('',*,*,#5107,.T.);
#3586=ORIENTED_EDGE('',*,*,#5109,.F.);
#3587=ORIENTED_EDGE('',*,*,#5108,.T.);
#3588=ORIENTED_EDGE('',*,*,#5110,.F.);
#3589=ORIENTED_EDGE('',*,*,#5109,.T.);
#3590=ORIENTED_EDGE('',*,*,#5111,.F.);
#3591=ORIENTED_EDGE('',*,*,#5110,.T.);
#3592=ORIENTED_EDGE('',*,*,#5112,.F.);
#3593=ORIENTED_EDGE('',*,*,#5111,.T.);
#3594=ORIENTED_EDGE('',*,*,#5113,.F.);
#3595=ORIENTED_EDGE('',*,*,#5112,.T.);
#3596=ORIENTED_EDGE('',*,*,#5114,.F.);
#3597=ORIENTED_EDGE('',*,*,#5113,.T.);
#3598=ORIENTED_EDGE('',*,*,#5115,.F.);
#3599=ORIENTED_EDGE('',*,*,#5114,.T.);
#3600=ORIENTED_EDGE('',*,*,#5115,.T.);
#3601=ORIENTED_EDGE('',*,*,#5116,.F.);
#3602=ORIENTED_EDGE('',*,*,#5117,.F.);
#3603=ORIENTED_EDGE('',*,*,#5116,.T.);
#3604=ORIENTED_EDGE('',*,*,#5118,.F.);
#3605=ORIENTED_EDGE('',*,*,#5117,.T.);
#3606=ORIENTED_EDGE('',*,*,#5119,.F.);
#3607=ORIENTED_EDGE('',*,*,#5120,.F.);
#3608=ORIENTED_EDGE('',*,*,#5121,.F.);
#3609=ORIENTED_EDGE('',*,*,#5122,.F.);
#3610=ORIENTED_EDGE('',*,*,#5118,.T.);
#3611=ORIENTED_EDGE('',*,*,#4951,.T.);
#3612=ORIENTED_EDGE('',*,*,#5123,.F.);
#3613=ORIENTED_EDGE('',*,*,#4952,.T.);
#3614=ORIENTED_EDGE('',*,*,#5123,.T.);
#3615=ORIENTED_EDGE('',*,*,#4950,.T.);
#3616=ORIENTED_EDGE('',*,*,#4946,.F.);
#3617=ORIENTED_EDGE('',*,*,#4954,.T.);
#3618=ORIENTED_EDGE('',*,*,#5124,.F.);
#3619=ORIENTED_EDGE('',*,*,#4955,.T.);
#3620=ORIENTED_EDGE('',*,*,#5124,.T.);
#3621=ORIENTED_EDGE('',*,*,#4953,.T.);
#3622=ORIENTED_EDGE('',*,*,#4944,.F.);
#3623=ORIENTED_EDGE('',*,*,#4957,.T.);
#3624=ORIENTED_EDGE('',*,*,#5125,.F.);
#3625=ORIENTED_EDGE('',*,*,#4958,.T.);
#3626=ORIENTED_EDGE('',*,*,#5125,.T.);
#3627=ORIENTED_EDGE('',*,*,#4956,.T.);
#3628=ORIENTED_EDGE('',*,*,#4942,.F.);
#3629=ORIENTED_EDGE('',*,*,#4960,.T.);
#3630=ORIENTED_EDGE('',*,*,#5126,.F.);
#3631=ORIENTED_EDGE('',*,*,#4961,.T.);
#3632=ORIENTED_EDGE('',*,*,#5126,.T.);
#3633=ORIENTED_EDGE('',*,*,#4959,.T.);
#3634=ORIENTED_EDGE('',*,*,#4940,.F.);
#3635=ORIENTED_EDGE('',*,*,#4963,.T.);
#3636=ORIENTED_EDGE('',*,*,#5127,.F.);
#3637=ORIENTED_EDGE('',*,*,#4964,.T.);
#3638=ORIENTED_EDGE('',*,*,#5127,.T.);
#3639=ORIENTED_EDGE('',*,*,#4962,.T.);
#3640=ORIENTED_EDGE('',*,*,#4938,.F.);
#3641=ORIENTED_EDGE('',*,*,#4949,.T.);
#3642=ORIENTED_EDGE('',*,*,#5128,.T.);
#3643=ORIENTED_EDGE('',*,*,#4965,.T.);
#3644=ORIENTED_EDGE('',*,*,#4936,.F.);
#3645=ORIENTED_EDGE('',*,*,#4966,.T.);
#3646=ORIENTED_EDGE('',*,*,#5128,.F.);
#3647=ORIENTED_EDGE('',*,*,#5129,.T.);
#3648=ORIENTED_EDGE('',*,*,#5078,.T.);
#3649=ORIENTED_EDGE('',*,*,#5130,.T.);
#3650=ORIENTED_EDGE('',*,*,#5131,.T.);
#3651=ORIENTED_EDGE('',*,*,#5077,.T.);
#3652=ORIENTED_EDGE('',*,*,#5132,.T.);
#3653=ORIENTED_EDGE('',*,*,#5133,.T.);
#3654=ORIENTED_EDGE('',*,*,#5076,.T.);
#3655=ORIENTED_EDGE('',*,*,#5134,.T.);
#3656=ORIENTED_EDGE('',*,*,#5135,.T.);
#3657=ORIENTED_EDGE('',*,*,#5122,.T.);
#3658=ORIENTED_EDGE('',*,*,#5136,.T.);
#3659=ORIENTED_EDGE('',*,*,#5137,.T.);
#3660=ORIENTED_EDGE('',*,*,#5121,.T.);
#3661=ORIENTED_EDGE('',*,*,#5138,.T.);
#3662=ORIENTED_EDGE('',*,*,#5139,.T.);
#3663=ORIENTED_EDGE('',*,*,#5120,.T.);
#3664=ORIENTED_EDGE('',*,*,#5140,.T.);
#3665=ORIENTED_EDGE('',*,*,#5141,.T.);
#3666=ORIENTED_EDGE('',*,*,#5119,.T.);
#3667=ORIENTED_EDGE('',*,*,#5142,.T.);
#3668=ORIENTED_EDGE('',*,*,#5129,.F.);
#3669=ORIENTED_EDGE('',*,*,#5130,.F.);
#3670=ORIENTED_EDGE('',*,*,#5133,.F.);
#3671=ORIENTED_EDGE('',*,*,#5134,.F.);
#3672=ORIENTED_EDGE('',*,*,#5131,.F.);
#3673=ORIENTED_EDGE('',*,*,#5132,.F.);
#3674=ORIENTED_EDGE('',*,*,#5139,.F.);
#3675=ORIENTED_EDGE('',*,*,#5140,.F.);
#3676=ORIENTED_EDGE('',*,*,#5135,.F.);
#3677=ORIENTED_EDGE('',*,*,#5136,.F.);
#3678=ORIENTED_EDGE('',*,*,#5141,.F.);
#3679=ORIENTED_EDGE('',*,*,#5142,.F.);
#3680=ORIENTED_EDGE('',*,*,#5137,.F.);
#3681=ORIENTED_EDGE('',*,*,#5138,.F.);
#3682=ORIENTED_EDGE('',*,*,#5143,.F.);
#3683=ORIENTED_EDGE('',*,*,#5144,.F.);
#3684=ORIENTED_EDGE('',*,*,#5143,.T.);
#3685=ORIENTED_EDGE('',*,*,#5145,.F.);
#3686=ORIENTED_EDGE('',*,*,#5144,.T.);
#3687=ORIENTED_EDGE('',*,*,#5146,.F.);
#3688=ORIENTED_EDGE('',*,*,#5145,.T.);
#3689=ORIENTED_EDGE('',*,*,#5147,.F.);
#3690=ORIENTED_EDGE('',*,*,#5146,.T.);
#3691=ORIENTED_EDGE('',*,*,#5148,.T.);
#3692=ORIENTED_EDGE('',*,*,#5149,.T.);
#3693=ORIENTED_EDGE('',*,*,#5150,.T.);
#3694=ORIENTED_EDGE('',*,*,#5151,.T.);
#3695=ORIENTED_EDGE('',*,*,#5152,.T.);
#3696=ORIENTED_EDGE('',*,*,#5153,.T.);
#3697=ORIENTED_EDGE('',*,*,#5147,.T.);
#3698=ORIENTED_EDGE('',*,*,#5154,.F.);
#3699=ORIENTED_EDGE('',*,*,#5155,.F.);
#3700=ORIENTED_EDGE('',*,*,#5156,.F.);
#3701=ORIENTED_EDGE('',*,*,#5157,.T.);
#3702=ORIENTED_EDGE('',*,*,#5151,.F.);
#3703=ORIENTED_EDGE('',*,*,#5158,.F.);
#3704=ORIENTED_EDGE('',*,*,#5159,.F.);
#3705=ORIENTED_EDGE('',*,*,#5160,.F.);
#3706=ORIENTED_EDGE('',*,*,#5154,.T.);
#3707=ORIENTED_EDGE('',*,*,#5150,.F.);
#3708=ORIENTED_EDGE('',*,*,#5161,.F.);
#3709=ORIENTED_EDGE('',*,*,#5162,.F.);
#3710=ORIENTED_EDGE('',*,*,#5163,.F.);
#3711=ORIENTED_EDGE('',*,*,#5158,.T.);
#3712=ORIENTED_EDGE('',*,*,#5149,.F.);
#3713=ORIENTED_EDGE('',*,*,#5164,.F.);
#3714=ORIENTED_EDGE('',*,*,#5165,.F.);
#3715=ORIENTED_EDGE('',*,*,#5166,.F.);
#3716=ORIENTED_EDGE('',*,*,#5161,.T.);
#3717=ORIENTED_EDGE('',*,*,#5148,.F.);
#3718=ORIENTED_EDGE('',*,*,#5167,.F.);
#3719=ORIENTED_EDGE('',*,*,#5168,.F.);
#3720=ORIENTED_EDGE('',*,*,#5169,.F.);
#3721=ORIENTED_EDGE('',*,*,#5164,.T.);
#3722=ORIENTED_EDGE('',*,*,#5153,.F.);
#3723=ORIENTED_EDGE('',*,*,#5157,.F.);
#3724=ORIENTED_EDGE('',*,*,#5170,.F.);
#3725=ORIENTED_EDGE('',*,*,#5171,.F.);
#3726=ORIENTED_EDGE('',*,*,#5167,.T.);
#3727=ORIENTED_EDGE('',*,*,#5152,.F.);
#3728=ORIENTED_EDGE('',*,*,#5172,.F.);
#3729=ORIENTED_EDGE('',*,*,#5155,.T.);
#3730=ORIENTED_EDGE('',*,*,#5160,.T.);
#3731=ORIENTED_EDGE('',*,*,#5173,.F.);
#3732=ORIENTED_EDGE('',*,*,#5170,.T.);
#3733=ORIENTED_EDGE('',*,*,#5156,.T.);
#3734=ORIENTED_EDGE('',*,*,#5174,.F.);
#3735=ORIENTED_EDGE('',*,*,#5168,.T.);
#3736=ORIENTED_EDGE('',*,*,#5171,.T.);
#3737=ORIENTED_EDGE('',*,*,#5175,.F.);
#3738=ORIENTED_EDGE('',*,*,#5165,.T.);
#3739=ORIENTED_EDGE('',*,*,#5169,.T.);
#3740=ORIENTED_EDGE('',*,*,#5176,.F.);
#3741=ORIENTED_EDGE('',*,*,#5162,.T.);
#3742=ORIENTED_EDGE('',*,*,#5166,.T.);
#3743=ORIENTED_EDGE('',*,*,#5177,.F.);
#3744=ORIENTED_EDGE('',*,*,#5159,.T.);
#3745=ORIENTED_EDGE('',*,*,#5163,.T.);
#3746=ORIENTED_EDGE('',*,*,#5175,.T.);
#3747=ORIENTED_EDGE('',*,*,#5174,.T.);
#3748=ORIENTED_EDGE('',*,*,#5173,.T.);
#3749=ORIENTED_EDGE('',*,*,#5172,.T.);
#3750=ORIENTED_EDGE('',*,*,#5177,.T.);
#3751=ORIENTED_EDGE('',*,*,#5176,.T.);
#3752=ORIENTED_EDGE('',*,*,#5178,.F.);
#3753=ORIENTED_EDGE('',*,*,#5179,.T.);
#3754=ORIENTED_EDGE('',*,*,#5180,.F.);
#3755=ORIENTED_EDGE('',*,*,#5181,.T.);
#3756=ORIENTED_EDGE('',*,*,#5182,.F.);
#3757=ORIENTED_EDGE('',*,*,#5183,.T.);
#3758=ORIENTED_EDGE('',*,*,#5184,.F.);
#3759=ORIENTED_EDGE('',*,*,#5185,.T.);
#3760=ORIENTED_EDGE('',*,*,#5186,.F.);
#3761=ORIENTED_EDGE('',*,*,#5187,.T.);
#3762=ORIENTED_EDGE('',*,*,#5188,.F.);
#3763=ORIENTED_EDGE('',*,*,#5189,.T.);
#3764=ORIENTED_EDGE('',*,*,#5190,.F.);
#3765=ORIENTED_EDGE('',*,*,#5191,.F.);
#3766=ORIENTED_EDGE('',*,*,#5190,.T.);
#3767=ORIENTED_EDGE('',*,*,#5192,.F.);
#3768=ORIENTED_EDGE('',*,*,#5191,.T.);
#3769=ORIENTED_EDGE('',*,*,#5193,.F.);
#3770=ORIENTED_EDGE('',*,*,#5192,.T.);
#3771=ORIENTED_EDGE('',*,*,#5181,.F.);
#3772=ORIENTED_EDGE('',*,*,#5183,.F.);
#3773=ORIENTED_EDGE('',*,*,#5185,.F.);
#3774=ORIENTED_EDGE('',*,*,#5187,.F.);
#3775=ORIENTED_EDGE('',*,*,#5189,.F.);
#3776=ORIENTED_EDGE('',*,*,#5179,.F.);
#3777=ORIENTED_EDGE('',*,*,#5193,.T.);
#3778=ORIENTED_EDGE('',*,*,#5178,.T.);
#3779=ORIENTED_EDGE('',*,*,#5194,.F.);
#3780=ORIENTED_EDGE('',*,*,#5195,.T.);
#3781=ORIENTED_EDGE('',*,*,#5196,.T.);
#3782=ORIENTED_EDGE('',*,*,#5180,.T.);
#3783=ORIENTED_EDGE('',*,*,#5196,.F.);
#3784=ORIENTED_EDGE('',*,*,#5197,.T.);
#3785=ORIENTED_EDGE('',*,*,#5198,.T.);
#3786=ORIENTED_EDGE('',*,*,#5182,.T.);
#3787=ORIENTED_EDGE('',*,*,#5198,.F.);
#3788=ORIENTED_EDGE('',*,*,#5199,.T.);
#3789=ORIENTED_EDGE('',*,*,#5200,.T.);
#3790=ORIENTED_EDGE('',*,*,#5184,.T.);
#3791=ORIENTED_EDGE('',*,*,#5200,.F.);
#3792=ORIENTED_EDGE('',*,*,#5201,.T.);
#3793=ORIENTED_EDGE('',*,*,#5202,.T.);
#3794=ORIENTED_EDGE('',*,*,#5186,.T.);
#3795=ORIENTED_EDGE('',*,*,#5202,.F.);
#3796=ORIENTED_EDGE('',*,*,#5203,.T.);
#3797=ORIENTED_EDGE('',*,*,#5204,.T.);
#3798=ORIENTED_EDGE('',*,*,#5188,.T.);
#3799=ORIENTED_EDGE('',*,*,#5204,.F.);
#3800=ORIENTED_EDGE('',*,*,#5205,.T.);
#3801=ORIENTED_EDGE('',*,*,#5194,.T.);
#3802=ORIENTED_EDGE('',*,*,#5195,.F.);
#3803=ORIENTED_EDGE('',*,*,#5205,.F.);
#3804=ORIENTED_EDGE('',*,*,#5203,.F.);
#3805=ORIENTED_EDGE('',*,*,#5201,.F.);
#3806=ORIENTED_EDGE('',*,*,#5199,.F.);
#3807=ORIENTED_EDGE('',*,*,#5197,.F.);
#3808=ORIENTED_EDGE('',*,*,#5206,.T.);
#3809=ORIENTED_EDGE('',*,*,#5207,.T.);
#3810=ORIENTED_EDGE('',*,*,#5208,.T.);
#3811=ORIENTED_EDGE('',*,*,#5209,.T.);
#3812=ORIENTED_EDGE('',*,*,#5210,.T.);
#3813=ORIENTED_EDGE('',*,*,#5211,.T.);
#3814=ORIENTED_EDGE('',*,*,#5212,.F.);
#3815=ORIENTED_EDGE('',*,*,#5212,.T.);
#3816=ORIENTED_EDGE('',*,*,#5213,.F.);
#3817=ORIENTED_EDGE('',*,*,#5214,.F.);
#3818=ORIENTED_EDGE('',*,*,#5213,.T.);
#3819=ORIENTED_EDGE('',*,*,#5215,.F.);
#3820=ORIENTED_EDGE('',*,*,#5214,.T.);
#3821=ORIENTED_EDGE('',*,*,#5216,.F.);
#3822=ORIENTED_EDGE('',*,*,#5215,.T.);
#3823=ORIENTED_EDGE('',*,*,#5217,.F.);
#3824=ORIENTED_EDGE('',*,*,#5216,.T.);
#3825=ORIENTED_EDGE('',*,*,#5218,.F.);
#3826=ORIENTED_EDGE('',*,*,#5217,.T.);
#3827=ORIENTED_EDGE('',*,*,#5219,.F.);
#3828=ORIENTED_EDGE('',*,*,#5218,.T.);
#3829=ORIENTED_EDGE('',*,*,#5220,.F.);
#3830=ORIENTED_EDGE('',*,*,#5219,.T.);
#3831=ORIENTED_EDGE('',*,*,#5220,.T.);
#3832=ORIENTED_EDGE('',*,*,#5221,.F.);
#3833=ORIENTED_EDGE('',*,*,#5222,.F.);
#3834=ORIENTED_EDGE('',*,*,#5223,.F.);
#3835=ORIENTED_EDGE('',*,*,#5224,.F.);
#3836=ORIENTED_EDGE('',*,*,#5225,.F.);
#3837=ORIENTED_EDGE('',*,*,#5226,.F.);
#3838=ORIENTED_EDGE('',*,*,#5227,.F.);
#3839=ORIENTED_EDGE('',*,*,#5228,.T.);
#3840=ORIENTED_EDGE('',*,*,#5221,.T.);
#3841=ORIENTED_EDGE('',*,*,#5229,.F.);
#3842=ORIENTED_EDGE('',*,*,#5207,.F.);
#3843=ORIENTED_EDGE('',*,*,#5229,.T.);
#3844=ORIENTED_EDGE('',*,*,#5226,.T.);
#3845=ORIENTED_EDGE('',*,*,#5230,.F.);
#3846=ORIENTED_EDGE('',*,*,#5208,.F.);
#3847=ORIENTED_EDGE('',*,*,#5230,.T.);
#3848=ORIENTED_EDGE('',*,*,#5225,.T.);
#3849=ORIENTED_EDGE('',*,*,#5231,.F.);
#3850=ORIENTED_EDGE('',*,*,#5209,.F.);
#3851=ORIENTED_EDGE('',*,*,#5231,.T.);
#3852=ORIENTED_EDGE('',*,*,#5224,.T.);
#3853=ORIENTED_EDGE('',*,*,#5232,.F.);
#3854=ORIENTED_EDGE('',*,*,#5210,.F.);
#3855=ORIENTED_EDGE('',*,*,#5232,.T.);
#3856=ORIENTED_EDGE('',*,*,#5223,.T.);
#3857=ORIENTED_EDGE('',*,*,#5233,.F.);
#3858=ORIENTED_EDGE('',*,*,#5211,.F.);
#3859=ORIENTED_EDGE('',*,*,#5233,.T.);
#3860=ORIENTED_EDGE('',*,*,#5222,.T.);
#3861=ORIENTED_EDGE('',*,*,#5228,.F.);
#3862=ORIENTED_EDGE('',*,*,#5206,.F.);
#3863=ORIENTED_EDGE('',*,*,#5227,.T.);
#3864=ORIENTED_EDGE('',*,*,#5234,.F.);
#3865=ORIENTED_EDGE('',*,*,#5235,.T.);
#3866=ORIENTED_EDGE('',*,*,#5236,.F.);
#3867=ORIENTED_EDGE('',*,*,#5234,.T.);
#3868=ORIENTED_EDGE('',*,*,#5237,.F.);
#3869=ORIENTED_EDGE('',*,*,#5236,.T.);
#3870=ORIENTED_EDGE('',*,*,#5237,.T.);
#3871=ORIENTED_EDGE('',*,*,#5238,.T.);
#3872=ORIENTED_EDGE('',*,*,#5235,.F.);
#3873=ORIENTED_EDGE('',*,*,#5238,.F.);
#3874=ORIENTED_EDGE('',*,*,#5239,.T.);
#3875=ORIENTED_EDGE('',*,*,#5239,.F.);
#3876=ORIENTED_EDGE('',*,*,#5240,.F.);
#3877=ORIENTED_EDGE('',*,*,#5241,.T.);
#3878=ORIENTED_EDGE('',*,*,#5242,.F.);
#3879=ORIENTED_EDGE('',*,*,#5243,.T.);
#3880=ORIENTED_EDGE('',*,*,#5244,.F.);
#3881=ORIENTED_EDGE('',*,*,#5245,.T.);
#3882=ORIENTED_EDGE('',*,*,#5246,.F.);
#3883=ORIENTED_EDGE('',*,*,#5247,.T.);
#3884=ORIENTED_EDGE('',*,*,#5248,.F.);
#3885=ORIENTED_EDGE('',*,*,#5249,.T.);
#3886=ORIENTED_EDGE('',*,*,#5250,.F.);
#3887=ORIENTED_EDGE('',*,*,#5251,.T.);
#3888=ORIENTED_EDGE('',*,*,#5252,.F.);
#3889=ORIENTED_EDGE('',*,*,#5253,.F.);
#3890=ORIENTED_EDGE('',*,*,#5252,.T.);
#3891=ORIENTED_EDGE('',*,*,#5254,.F.);
#3892=ORIENTED_EDGE('',*,*,#5253,.T.);
#3893=ORIENTED_EDGE('',*,*,#5255,.F.);
#3894=ORIENTED_EDGE('',*,*,#5254,.T.);
#3895=ORIENTED_EDGE('',*,*,#5243,.F.);
#3896=ORIENTED_EDGE('',*,*,#5245,.F.);
#3897=ORIENTED_EDGE('',*,*,#5247,.F.);
#3898=ORIENTED_EDGE('',*,*,#5249,.F.);
#3899=ORIENTED_EDGE('',*,*,#5251,.F.);
#3900=ORIENTED_EDGE('',*,*,#5241,.F.);
#3901=ORIENTED_EDGE('',*,*,#5255,.T.);
#3902=ORIENTED_EDGE('',*,*,#5240,.T.);
#3903=ORIENTED_EDGE('',*,*,#5256,.F.);
#3904=ORIENTED_EDGE('',*,*,#5257,.T.);
#3905=ORIENTED_EDGE('',*,*,#5258,.T.);
#3906=ORIENTED_EDGE('',*,*,#5242,.T.);
#3907=ORIENTED_EDGE('',*,*,#5258,.F.);
#3908=ORIENTED_EDGE('',*,*,#5259,.T.);
#3909=ORIENTED_EDGE('',*,*,#5260,.T.);
#3910=ORIENTED_EDGE('',*,*,#5244,.T.);
#3911=ORIENTED_EDGE('',*,*,#5260,.F.);
#3912=ORIENTED_EDGE('',*,*,#5261,.T.);
#3913=ORIENTED_EDGE('',*,*,#5262,.T.);
#3914=ORIENTED_EDGE('',*,*,#5246,.T.);
#3915=ORIENTED_EDGE('',*,*,#5262,.F.);
#3916=ORIENTED_EDGE('',*,*,#5263,.T.);
#3917=ORIENTED_EDGE('',*,*,#5264,.T.);
#3918=ORIENTED_EDGE('',*,*,#5248,.T.);
#3919=ORIENTED_EDGE('',*,*,#5264,.F.);
#3920=ORIENTED_EDGE('',*,*,#5265,.T.);
#3921=ORIENTED_EDGE('',*,*,#5266,.T.);
#3922=ORIENTED_EDGE('',*,*,#5250,.T.);
#3923=ORIENTED_EDGE('',*,*,#5266,.F.);
#3924=ORIENTED_EDGE('',*,*,#5267,.T.);
#3925=ORIENTED_EDGE('',*,*,#5256,.T.);
#3926=ORIENTED_EDGE('',*,*,#5257,.F.);
#3927=ORIENTED_EDGE('',*,*,#5267,.F.);
#3928=ORIENTED_EDGE('',*,*,#5265,.F.);
#3929=ORIENTED_EDGE('',*,*,#5263,.F.);
#3930=ORIENTED_EDGE('',*,*,#5261,.F.);
#3931=ORIENTED_EDGE('',*,*,#5259,.F.);
#3932=ORIENTED_EDGE('',*,*,#5268,.T.);
#3933=ORIENTED_EDGE('',*,*,#5269,.T.);
#3934=ORIENTED_EDGE('',*,*,#5270,.T.);
#3935=ORIENTED_EDGE('',*,*,#5271,.T.);
#3936=ORIENTED_EDGE('',*,*,#5272,.T.);
#3937=ORIENTED_EDGE('',*,*,#5273,.T.);
#3938=ORIENTED_EDGE('',*,*,#5274,.F.);
#3939=ORIENTED_EDGE('',*,*,#5275,.T.);
#3940=ORIENTED_EDGE('',*,*,#5276,.T.);
#3941=ORIENTED_EDGE('',*,*,#5277,.T.);
#3942=ORIENTED_EDGE('',*,*,#5278,.F.);
#3943=ORIENTED_EDGE('',*,*,#5279,.T.);
#3944=ORIENTED_EDGE('',*,*,#5280,.T.);
#3945=ORIENTED_EDGE('',*,*,#5281,.T.);
#3946=ORIENTED_EDGE('',*,*,#5282,.T.);
#3947=ORIENTED_EDGE('',*,*,#5283,.T.);
#3948=ORIENTED_EDGE('',*,*,#5284,.F.);
#3949=ORIENTED_EDGE('',*,*,#5285,.T.);
#3950=ORIENTED_EDGE('',*,*,#5286,.F.);
#3951=ORIENTED_EDGE('',*,*,#5287,.T.);
#3952=ORIENTED_EDGE('',*,*,#5288,.T.);
#3953=ORIENTED_EDGE('',*,*,#5268,.F.);
#3954=ORIENTED_EDGE('',*,*,#5289,.T.);
#3955=ORIENTED_EDGE('',*,*,#5290,.T.);
#3956=ORIENTED_EDGE('',*,*,#5291,.F.);
#3957=ORIENTED_EDGE('',*,*,#5272,.F.);
#3958=ORIENTED_EDGE('',*,*,#5292,.T.);
#3959=ORIENTED_EDGE('',*,*,#5293,.T.);
#3960=ORIENTED_EDGE('',*,*,#5278,.T.);
#3961=ORIENTED_EDGE('',*,*,#5294,.T.);
#3962=ORIENTED_EDGE('',*,*,#5295,.F.);
#3963=ORIENTED_EDGE('',*,*,#5296,.T.);
#3964=ORIENTED_EDGE('',*,*,#5297,.T.);
#3965=ORIENTED_EDGE('',*,*,#5274,.T.);
#3966=ORIENTED_EDGE('',*,*,#5298,.F.);
#3967=ORIENTED_EDGE('',*,*,#5299,.F.);
#3968=ORIENTED_EDGE('',*,*,#5300,.F.);
#3969=ORIENTED_EDGE('',*,*,#5283,.F.);
#3970=ORIENTED_EDGE('',*,*,#5301,.F.);
#3971=ORIENTED_EDGE('',*,*,#5302,.T.);
#3972=ORIENTED_EDGE('',*,*,#5289,.F.);
#3973=ORIENTED_EDGE('',*,*,#5279,.F.);
#3974=ORIENTED_EDGE('',*,*,#5296,.F.);
#3975=ORIENTED_EDGE('',*,*,#5303,.F.);
#3976=ORIENTED_EDGE('',*,*,#5304,.T.);
#3977=ORIENTED_EDGE('',*,*,#5305,.T.);
#3978=ORIENTED_EDGE('',*,*,#5306,.F.);
#3979=ORIENTED_EDGE('',*,*,#5307,.T.);
#3980=ORIENTED_EDGE('',*,*,#5308,.F.);
#3981=ORIENTED_EDGE('',*,*,#5309,.F.);
#3982=ORIENTED_EDGE('',*,*,#5298,.T.);
#3983=ORIENTED_EDGE('',*,*,#5273,.F.);
#3984=ORIENTED_EDGE('',*,*,#5291,.T.);
#3985=ORIENTED_EDGE('',*,*,#5310,.T.);
#3986=ORIENTED_EDGE('',*,*,#5311,.F.);
#3987=ORIENTED_EDGE('',*,*,#5287,.F.);
#3988=ORIENTED_EDGE('',*,*,#5312,.F.);
#3989=ORIENTED_EDGE('',*,*,#5305,.F.);
#3990=ORIENTED_EDGE('',*,*,#5313,.F.);
#3991=ORIENTED_EDGE('',*,*,#5307,.F.);
#3992=ORIENTED_EDGE('',*,*,#5314,.T.);
#3993=ORIENTED_EDGE('',*,*,#5315,.F.);
#3994=ORIENTED_EDGE('',*,*,#5310,.F.);
#3995=ORIENTED_EDGE('',*,*,#5290,.F.);
#3996=ORIENTED_EDGE('',*,*,#5302,.F.);
#3997=ORIENTED_EDGE('',*,*,#5316,.F.);
#3998=ORIENTED_EDGE('',*,*,#5308,.T.);
#3999=ORIENTED_EDGE('',*,*,#5313,.T.);
#4000=ORIENTED_EDGE('',*,*,#5304,.F.);
#4001=ORIENTED_EDGE('',*,*,#5317,.T.);
#4002=ORIENTED_EDGE('',*,*,#5299,.T.);
#4003=ORIENTED_EDGE('',*,*,#5309,.T.);
#4004=ORIENTED_EDGE('',*,*,#5316,.T.);
#4005=ORIENTED_EDGE('',*,*,#5303,.T.);
#4006=ORIENTED_EDGE('',*,*,#5295,.T.);
#4007=ORIENTED_EDGE('',*,*,#5318,.F.);
#4008=ORIENTED_EDGE('',*,*,#5319,.T.);
#4009=ORIENTED_EDGE('',*,*,#5320,.F.);
#4010=ORIENTED_EDGE('',*,*,#5321,.F.);
#4011=ORIENTED_EDGE('',*,*,#5320,.T.);
#4012=ORIENTED_EDGE('',*,*,#5322,.T.);
#4013=ORIENTED_EDGE('',*,*,#5321,.T.);
#4014=ORIENTED_EDGE('',*,*,#5323,.F.);
#4015=ORIENTED_EDGE('',*,*,#5284,.T.);
#4016=ORIENTED_EDGE('',*,*,#5300,.T.);
#4017=ORIENTED_EDGE('',*,*,#5312,.T.);
#4018=ORIENTED_EDGE('',*,*,#5306,.T.);
#4019=ORIENTED_EDGE('',*,*,#5286,.T.);
#4020=ORIENTED_EDGE('',*,*,#5324,.F.);
#4021=ORIENTED_EDGE('',*,*,#5319,.F.);
#4022=ORIENTED_EDGE('',*,*,#5325,.F.);
#4023=ORIENTED_EDGE('',*,*,#5326,.F.);
#4024=ORIENTED_EDGE('',*,*,#5327,.F.);
#4025=ORIENTED_EDGE('',*,*,#5280,.F.);
#4026=ORIENTED_EDGE('',*,*,#5311,.T.);
#4027=ORIENTED_EDGE('',*,*,#5315,.T.);
#4028=ORIENTED_EDGE('',*,*,#5301,.T.);
#4029=ORIENTED_EDGE('',*,*,#5282,.F.);
#4030=ORIENTED_EDGE('',*,*,#5328,.T.);
#4031=ORIENTED_EDGE('',*,*,#5326,.T.);
#4032=ORIENTED_EDGE('',*,*,#5329,.F.);
#4033=ORIENTED_EDGE('',*,*,#5293,.F.);
#4034=ORIENTED_EDGE('',*,*,#5292,.F.);
#4035=ORIENTED_EDGE('',*,*,#5271,.F.);
#4036=ORIENTED_EDGE('',*,*,#5330,.T.);
#4037=ORIENTED_EDGE('',*,*,#5327,.T.);
#4038=ORIENTED_EDGE('',*,*,#5328,.F.);
#4039=ORIENTED_EDGE('',*,*,#5329,.T.);
#4040=ORIENTED_EDGE('',*,*,#5325,.T.);
#4041=ORIENTED_EDGE('',*,*,#5331,.F.);
#4042=ORIENTED_EDGE('',*,*,#5269,.F.);
#4043=ORIENTED_EDGE('',*,*,#5288,.F.);
#4044=ORIENTED_EDGE('',*,*,#5294,.F.);
#4045=ORIENTED_EDGE('',*,*,#5277,.F.);
#4046=ORIENTED_EDGE('',*,*,#5332,.T.);
#4047=ORIENTED_EDGE('',*,*,#5323,.T.);
#4048=ORIENTED_EDGE('',*,*,#5318,.T.);
#4049=ORIENTED_EDGE('',*,*,#5317,.F.);
#4050=ORIENTED_EDGE('',*,*,#5324,.T.);
#4051=ORIENTED_EDGE('',*,*,#5333,.F.);
#4052=ORIENTED_EDGE('',*,*,#5275,.F.);
#4053=ORIENTED_EDGE('',*,*,#5297,.F.);
#4054=ORIENTED_EDGE('',*,*,#5333,.T.);
#4055=ORIENTED_EDGE('',*,*,#5285,.F.);
#4056=ORIENTED_EDGE('',*,*,#5332,.F.);
#4057=ORIENTED_EDGE('',*,*,#5276,.F.);
#4058=ORIENTED_EDGE('',*,*,#5331,.T.);
#4059=ORIENTED_EDGE('',*,*,#5281,.F.);
#4060=ORIENTED_EDGE('',*,*,#5330,.F.);
#4061=ORIENTED_EDGE('',*,*,#5270,.F.);
#4062=ORIENTED_EDGE('',*,*,#5334,.T.);
#4063=ORIENTED_EDGE('',*,*,#5335,.T.);
#4064=ORIENTED_EDGE('',*,*,#5336,.T.);
#4065=ORIENTED_EDGE('',*,*,#5337,.T.);
#4066=ORIENTED_EDGE('',*,*,#5338,.T.);
#4067=ORIENTED_EDGE('',*,*,#5339,.T.);
#4068=ORIENTED_EDGE('',*,*,#5340,.T.);
#4069=ORIENTED_EDGE('',*,*,#5340,.F.);
#4070=ORIENTED_EDGE('',*,*,#5341,.T.);
#4071=ORIENTED_EDGE('',*,*,#5322,.F.);
#4072=ORIENTED_EDGE('',*,*,#5341,.F.);
#4073=ORIENTED_EDGE('',*,*,#5342,.F.);
#4074=ORIENTED_EDGE('',*,*,#5343,.F.);
#4075=ORIENTED_EDGE('',*,*,#5342,.T.);
#4076=ORIENTED_EDGE('',*,*,#5314,.F.);
#4077=ORIENTED_EDGE('',*,*,#5343,.T.);
#4078=ORIENTED_EDGE('',*,*,#5344,.F.);
#4079=ORIENTED_EDGE('',*,*,#5345,.F.);
#4080=ORIENTED_EDGE('',*,*,#5346,.T.);
#4081=ORIENTED_EDGE('',*,*,#5335,.F.);
#4082=ORIENTED_EDGE('',*,*,#5347,.F.);
#4083=ORIENTED_EDGE('',*,*,#5348,.F.);
#4084=ORIENTED_EDGE('',*,*,#5344,.T.);
#4085=ORIENTED_EDGE('',*,*,#5334,.F.);
#4086=ORIENTED_EDGE('',*,*,#5349,.F.);
#4087=ORIENTED_EDGE('',*,*,#5350,.F.);
#4088=ORIENTED_EDGE('',*,*,#5347,.T.);
#4089=ORIENTED_EDGE('',*,*,#5339,.F.);
#4090=ORIENTED_EDGE('',*,*,#5351,.F.);
#4091=ORIENTED_EDGE('',*,*,#5352,.F.);
#4092=ORIENTED_EDGE('',*,*,#5349,.T.);
#4093=ORIENTED_EDGE('',*,*,#5338,.F.);
#4094=ORIENTED_EDGE('',*,*,#5353,.F.);
#4095=ORIENTED_EDGE('',*,*,#5354,.F.);
#4096=ORIENTED_EDGE('',*,*,#5351,.T.);
#4097=ORIENTED_EDGE('',*,*,#5337,.F.);
#4098=ORIENTED_EDGE('',*,*,#5346,.F.);
#4099=ORIENTED_EDGE('',*,*,#5355,.F.);
#4100=ORIENTED_EDGE('',*,*,#5353,.T.);
#4101=ORIENTED_EDGE('',*,*,#5336,.F.);
#4102=ORIENTED_EDGE('',*,*,#5345,.T.);
#4103=ORIENTED_EDGE('',*,*,#5348,.T.);
#4104=ORIENTED_EDGE('',*,*,#5350,.T.);
#4105=ORIENTED_EDGE('',*,*,#5352,.T.);
#4106=ORIENTED_EDGE('',*,*,#5354,.T.);
#4107=ORIENTED_EDGE('',*,*,#5355,.T.);
#4108=ORIENTED_EDGE('',*,*,#5356,.F.);
#4109=ORIENTED_EDGE('',*,*,#5357,.F.);
#4110=ORIENTED_EDGE('',*,*,#5358,.F.);
#4111=ORIENTED_EDGE('',*,*,#5359,.F.);
#4112=ORIENTED_EDGE('',*,*,#5358,.T.);
#4113=ORIENTED_EDGE('',*,*,#5360,.F.);
#4114=ORIENTED_EDGE('',*,*,#5359,.T.);
#4115=ORIENTED_EDGE('',*,*,#5361,.F.);
#4116=ORIENTED_EDGE('',*,*,#5360,.T.);
#4117=ORIENTED_EDGE('',*,*,#5362,.F.);
#4118=ORIENTED_EDGE('',*,*,#5361,.T.);
#4119=ORIENTED_EDGE('',*,*,#5363,.F.);
#4120=ORIENTED_EDGE('',*,*,#5362,.T.);
#4121=ORIENTED_EDGE('',*,*,#5364,.T.);
#4122=ORIENTED_EDGE('',*,*,#5365,.F.);
#4123=ORIENTED_EDGE('',*,*,#5366,.F.);
#4124=ORIENTED_EDGE('',*,*,#5367,.F.);
#4125=ORIENTED_EDGE('',*,*,#5368,.F.);
#4126=ORIENTED_EDGE('',*,*,#5369,.F.);
#4127=ORIENTED_EDGE('',*,*,#5363,.T.);
#4128=ORIENTED_EDGE('',*,*,#5370,.F.);
#4129=ORIENTED_EDGE('',*,*,#5369,.T.);
#4130=ORIENTED_EDGE('',*,*,#5371,.F.);
#4131=ORIENTED_EDGE('',*,*,#5370,.T.);
#4132=ORIENTED_EDGE('',*,*,#5372,.F.);
#4133=ORIENTED_EDGE('',*,*,#5371,.T.);
#4134=ORIENTED_EDGE('',*,*,#5373,.F.);
#4135=ORIENTED_EDGE('',*,*,#5372,.T.);
#4136=ORIENTED_EDGE('',*,*,#5374,.F.);
#4137=ORIENTED_EDGE('',*,*,#5373,.T.);
#4138=ORIENTED_EDGE('',*,*,#5375,.F.);
#4139=ORIENTED_EDGE('',*,*,#5374,.T.);
#4140=ORIENTED_EDGE('',*,*,#5376,.F.);
#4141=ORIENTED_EDGE('',*,*,#5377,.T.);
#4142=ORIENTED_EDGE('',*,*,#5378,.T.);
#4143=ORIENTED_EDGE('',*,*,#5379,.T.);
#4144=ORIENTED_EDGE('',*,*,#5380,.T.);
#4145=ORIENTED_EDGE('',*,*,#5381,.F.);
#4146=ORIENTED_EDGE('',*,*,#5375,.T.);
#4147=ORIENTED_EDGE('',*,*,#5382,.F.);
#4148=ORIENTED_EDGE('',*,*,#5381,.T.);
#4149=ORIENTED_EDGE('',*,*,#5382,.T.);
#4150=ORIENTED_EDGE('',*,*,#5383,.T.);
#4151=ORIENTED_EDGE('',*,*,#5380,.F.);
#4152=ORIENTED_EDGE('',*,*,#5368,.T.);
#4153=ORIENTED_EDGE('',*,*,#5383,.F.);
#4154=ORIENTED_EDGE('',*,*,#5384,.T.);
#4155=ORIENTED_EDGE('',*,*,#5379,.F.);
#4156=ORIENTED_EDGE('',*,*,#5367,.T.);
#4157=ORIENTED_EDGE('',*,*,#5384,.F.);
#4158=ORIENTED_EDGE('',*,*,#5385,.T.);
#4159=ORIENTED_EDGE('',*,*,#5378,.F.);
#4160=ORIENTED_EDGE('',*,*,#5366,.T.);
#4161=ORIENTED_EDGE('',*,*,#5385,.F.);
#4162=ORIENTED_EDGE('',*,*,#5386,.T.);
#4163=ORIENTED_EDGE('',*,*,#5377,.F.);
#4164=ORIENTED_EDGE('',*,*,#5365,.T.);
#4165=ORIENTED_EDGE('',*,*,#5386,.F.);
#4166=ORIENTED_EDGE('',*,*,#5387,.T.);
#4167=ORIENTED_EDGE('',*,*,#5364,.F.);
#4168=ORIENTED_EDGE('',*,*,#5376,.T.);
#4169=ORIENTED_EDGE('',*,*,#5387,.F.);
#4170=ORIENTED_EDGE('',*,*,#5388,.T.);
#4171=ORIENTED_EDGE('',*,*,#5357,.T.);
#4172=ORIENTED_EDGE('',*,*,#5388,.F.);
#4173=ORIENTED_EDGE('',*,*,#5389,.T.);
#4174=ORIENTED_EDGE('',*,*,#5356,.T.);
#4175=ORIENTED_EDGE('',*,*,#5389,.F.);
#4176=EDGE_CURVE('',#5390,#5391,#6304,.T.);
#4177=EDGE_CURVE('',#5392,#5390,#682,.T.);
#4178=EDGE_CURVE('',#5393,#5392,#6305,.T.);
#4179=EDGE_CURVE('',#5391,#5393,#683,.F.);
#4180=EDGE_CURVE('',#5394,#5394,#576,.T.);
#4181=EDGE_CURVE('',#5395,#5395,#577,.T.);
#4182=EDGE_CURVE('',#5396,#5396,#578,.T.);
#4183=EDGE_CURVE('',#5397,#5397,#579,.T.);
#4184=EDGE_CURVE('',#5398,#5398,#580,.T.);
#4185=EDGE_CURVE('',#5399,#5399,#6306,.T.);
#4186=EDGE_CURVE('',#5400,#5400,#6307,.T.);
#4187=EDGE_CURVE('',#5401,#5402,#6308,.T.);
#4188=EDGE_CURVE('',#5403,#5401,#581,.T.);
#4189=EDGE_CURVE('',#5404,#5403,#566,.T.);
#4190=EDGE_CURVE('',#5405,#5404,#582,.T.);
#4191=EDGE_CURVE('',#5406,#5405,#567,.T.);
#4192=EDGE_CURVE('',#5402,#5406,#583,.T.);
#4193=EDGE_CURVE('',#5407,#5408,#6309,.T.);
#4194=EDGE_CURVE('',#5409,#5407,#684,.F.);
#4195=EDGE_CURVE('',#5410,#5409,#6310,.T.);
#4196=EDGE_CURVE('',#5408,#5410,#685,.T.);
#4197=EDGE_CURVE('',#5411,#5411,#6311,.T.);
#4198=EDGE_CURVE('',#5412,#5413,#584,.T.);
#4199=EDGE_CURVE('',#5413,#5414,#585,.T.);
#4200=EDGE_CURVE('',#5415,#5414,#6312,.T.);
#4201=EDGE_CURVE('',#5415,#5416,#686,.T.);
#4202=EDGE_CURVE('',#5416,#5417,#586,.T.);
#4203=EDGE_CURVE('',#5417,#5412,#587,.T.);
#4204=EDGE_CURVE('',#5414,#5418,#588,.T.);
#4205=EDGE_CURVE('',#5418,#5415,#6313,.F.);
#4206=EDGE_CURVE('',#5419,#5419,#6314,.T.);
#4207=EDGE_CURVE('',#5418,#5420,#589,.T.);
#4208=EDGE_CURVE('',#5420,#5421,#590,.T.);
#4209=EDGE_CURVE('',#5421,#5416,#6315,.T.);
#4210=EDGE_CURVE('',#5421,#5423,#591,.T.);
#4211=EDGE_CURVE('',#5423,#5417,#592,.T.);
#4212=EDGE_CURVE('',#5424,#5424,#6316,.T.);
#4213=EDGE_CURVE('',#5425,#5426,#593,.T.);
#4214=EDGE_CURVE('',#5426,#5427,#594,.T.);
#4215=EDGE_CURVE('',#5427,#5428,#595,.T.);
#4216=EDGE_CURVE('',#5428,#5429,#687,.F.);
#4217=EDGE_CURVE('',#5430,#5429,#6317,.T.);
#4218=EDGE_CURVE('',#5430,#5425,#596,.T.);
#4219=EDGE_CURVE('',#5429,#5431,#6318,.F.);
#4220=EDGE_CURVE('',#5431,#5430,#597,.T.);
#4221=EDGE_CURVE('',#5432,#5432,#6319,.T.);
#4222=EDGE_CURVE('',#5428,#5433,#6320,.T.);
#4223=EDGE_CURVE('',#5433,#5434,#598,.T.);
#4224=EDGE_CURVE('',#5434,#5431,#599,.T.);
#4225=EDGE_CURVE('',#5427,#5436,#600,.T.);
#4226=EDGE_CURVE('',#5436,#5433,#601,.T.);
#4227=EDGE_CURVE('',#5437,#5437,#6321,.T.);
#4228=EDGE_CURVE('',#5438,#5438,#6322,.T.);
#4229=EDGE_CURVE('',#5439,#5439,#6323,.T.);
#4230=EDGE_CURVE('',#5440,#5440,#6324,.T.);
#4231=EDGE_CURVE('',#5441,#5441,#6325,.T.);
#4232=EDGE_CURVE('',#5442,#5443,#6326,.T.);
#4233=EDGE_CURVE('',#5442,#5444,#688,.T.);
#4234=EDGE_CURVE('',#5444,#5445,#602,.T.);
#4235=EDGE_CURVE('',#5445,#5443,#689,.F.);
#4236=EDGE_CURVE('',#5446,#5446,#6327,.T.);
#4237=EDGE_CURVE('',#5447,#5448,#6328,.T.);
#4238=EDGE_CURVE('',#5447,#5449,#690,.T.);
#4239=EDGE_CURVE('',#5449,#5450,#603,.T.);
#4240=EDGE_CURVE('',#5450,#5448,#691,.F.);
#4241=EDGE_CURVE('',#5451,#5451,#6329,.T.);
#4242=EDGE_CURVE('',#5452,#5452,#6330,.T.);
#4243=EDGE_CURVE('',#5453,#5453,#6331,.T.);
#4244=EDGE_CURVE('',#5454,#5454,#6332,.T.);
#4245=EDGE_CURVE('',#5455,#5456,#692,.T.);
#4246=EDGE_CURVE('',#5457,#5455,#6333,.T.);
#4247=EDGE_CURVE('',#5457,#5458,#6334,.T.);
#4248=EDGE_CURVE('',#5459,#5458,#6335,.T.);
#4249=EDGE_CURVE('',#5460,#5459,#693,.T.);
#4250=EDGE_CURVE('',#5461,#5460,#6336,.T.);
#4251=EDGE_CURVE('',#5461,#5462,#6337,.T.);
#4252=EDGE_CURVE('',#5463,#5462,#6338,.T.);
#4253=EDGE_CURVE('',#5464,#5463,#694,.T.);
#4254=EDGE_CURVE('',#5465,#5464,#6339,.T.);
#4255=EDGE_CURVE('',#5465,#5466,#6340,.T.);
#4256=EDGE_CURVE('',#5467,#5466,#6341,.T.);
#4257=EDGE_CURVE('',#5468,#5467,#695,.T.);
#4258=EDGE_CURVE('',#5469,#5468,#6342,.T.);
#4259=EDGE_CURVE('',#5469,#5470,#6343,.T.);
#4260=EDGE_CURVE('',#5456,#5470,#6344,.T.);
#4261=EDGE_CURVE('',#5471,#5471,#6345,.T.);
#4262=EDGE_CURVE('',#5472,#5472,#6346,.T.);
#4263=EDGE_CURVE('',#5473,#5473,#6347,.T.);
#4264=EDGE_CURVE('',#5474,#5475,#6348,.T.);
#4265=EDGE_CURVE('',#5475,#5476,#6349,.T.);
#4266=EDGE_CURVE('',#5476,#5477,#696,.T.);
#4267=EDGE_CURVE('',#5478,#5477,#6350,.T.);
#4268=EDGE_CURVE('',#5478,#5479,#6351,.T.);
#4269=EDGE_CURVE('',#5480,#5479,#6352,.T.);
#4270=EDGE_CURVE('',#5480,#5481,#6353,.T.);
#4271=EDGE_CURVE('',#5482,#5481,#6354,.T.);
#4272=EDGE_CURVE('',#5482,#5483,#697,.T.);
#4273=EDGE_CURVE('',#5483,#5474,#6355,.T.);
#4274=EDGE_CURVE('',#5484,#5485,#6356,.T.);
#4275=EDGE_CURVE('',#5485,#5486,#6357,.T.);
#4276=EDGE_CURVE('',#5487,#5486,#6358,.T.);
#4277=EDGE_CURVE('',#5487,#5488,#698,.T.);
#4278=EDGE_CURVE('',#5488,#5489,#6359,.T.);
#4279=EDGE_CURVE('',#5490,#5489,#6360,.T.);
#4280=EDGE_CURVE('',#5490,#5491,#6361,.T.);
#4281=EDGE_CURVE('',#5491,#5492,#699,.T.);
#4282=EDGE_CURVE('',#5493,#5492,#6362,.T.);
#4283=EDGE_CURVE('',#5493,#5484,#6363,.T.);
#4284=EDGE_CURVE('',#5494,#5495,#700,.T.);
#4285=EDGE_CURVE('',#5495,#5496,#6364,.T.);
#4286=EDGE_CURVE('',#5497,#5496,#701,.T.);
#4287=EDGE_CURVE('',#5494,#5497,#6365,.T.);
#4288=EDGE_CURVE('',#5498,#5499,#702,.T.);
#4289=EDGE_CURVE('',#5500,#5499,#6366,.T.);
#4290=EDGE_CURVE('',#5501,#5500,#703,.T.);
#4291=EDGE_CURVE('',#5498,#5501,#6367,.T.);
#4292=EDGE_CURVE('',#5502,#5502,#6368,.T.);
#4293=EDGE_CURVE('',#5503,#5504,#6369,.T.);
#4294=EDGE_CURVE('',#5503,#5505,#6370,.T.);
#4295=EDGE_CURVE('',#5506,#5505,#6371,.T.);
#4296=EDGE_CURVE('',#5506,#5507,#6372,.T.);
#4297=EDGE_CURVE('',#5504,#5507,#704,.T.);
#4298=EDGE_CURVE('',#5508,#5508,#6373,.T.);
#4299=EDGE_CURVE('',#5509,#5510,#705,.T.);
#4300=EDGE_CURVE('',#5509,#5511,#6374,.T.);
#4301=EDGE_CURVE('',#5494,#5511,#6375,.T.);
#4302=EDGE_CURVE('',#5510,#5497,#6376,.T.);
#4303=EDGE_CURVE('',#5512,#5512,#6377,.T.);
#4304=EDGE_CURVE('',#5513,#5514,#6378,.T.);
#4305=EDGE_CURVE('',#5513,#5515,#6379,.T.);
#4306=EDGE_CURVE('',#5516,#5515,#6380,.T.);
#4307=EDGE_CURVE('',#5516,#5517,#6381,.T.);
#4308=EDGE_CURVE('',#5514,#5517,#706,.T.);
#4309=EDGE_CURVE('',#5518,#5519,#707,.T.);
#4310=EDGE_CURVE('',#5519,#5520,#6382,.F.);
#4311=EDGE_CURVE('',#5521,#5520,#708,.T.);
#4312=EDGE_CURVE('',#5521,#5522,#6383,.F.);
#4313=EDGE_CURVE('',#5523,#5522,#709,.F.);
#4314=EDGE_CURVE('',#5523,#5524,#604,.T.);
#4315=EDGE_CURVE('',#5518,#5524,#605,.T.);
#4316=EDGE_CURVE('',#5525,#5526,#710,.T.);
#4317=EDGE_CURVE('',#5526,#5527,#6384,.F.);
#4318=EDGE_CURVE('',#5528,#5527,#711,.T.);
#4319=EDGE_CURVE('',#5529,#5528,#606,.T.);
#4320=EDGE_CURVE('',#5529,#5530,#607,.T.);
#4321=EDGE_CURVE('',#5531,#5530,#712,.T.);
#4322=EDGE_CURVE('',#5531,#5525,#6385,.F.);
#4323=EDGE_CURVE('',#5527,#5532,#6386,.T.);
#4324=EDGE_CURVE('',#5533,#5532,#713,.T.);
#4325=EDGE_CURVE('',#5533,#5534,#608,.T.);
#4326=EDGE_CURVE('',#5534,#5535,#609,.T.);
#4327=EDGE_CURVE('',#5535,#5536,#610,.T.);
#4328=EDGE_CURVE('',#5536,#5528,#611,.T.);
#4329=EDGE_CURVE('',#5532,#5537,#6387,.F.);
#4330=EDGE_CURVE('',#5538,#5537,#714,.T.);
#4331=EDGE_CURVE('',#5533,#5538,#6388,.T.);
#4332=EDGE_CURVE('',#5537,#5539,#6389,.T.);
#4333=EDGE_CURVE('',#5540,#5539,#715,.T.);
#4334=EDGE_CURVE('',#5540,#5541,#612,.T.);
#4335=EDGE_CURVE('',#5541,#5542,#613,.T.);
#4336=EDGE_CURVE('',#5542,#5543,#614,.T.);
#4337=EDGE_CURVE('',#5543,#5538,#615,.T.);
#4338=EDGE_CURVE('',#5539,#5544,#6390,.F.);
#4339=EDGE_CURVE('',#5545,#5544,#716,.T.);
#4340=EDGE_CURVE('',#5545,#5546,#6391,.F.);
#4341=EDGE_CURVE('',#5547,#5546,#717,.F.);
#4342=EDGE_CURVE('',#5547,#5548,#616,.T.);
#4343=EDGE_CURVE('',#5540,#5548,#617,.T.);
#4344=EDGE_CURVE('',#5549,#5550,#718,.T.);
#4345=EDGE_CURVE('',#5550,#5551,#6392,.F.);
#4346=EDGE_CURVE('',#5552,#5551,#719,.T.);
#4347=EDGE_CURVE('',#5553,#5552,#618,.T.);
#4348=EDGE_CURVE('',#5553,#5554,#619,.T.);
#4349=EDGE_CURVE('',#5555,#5554,#720,.T.);
#4350=EDGE_CURVE('',#5555,#5549,#6393,.F.);
#4351=EDGE_CURVE('',#5551,#5556,#6394,.T.);
#4352=EDGE_CURVE('',#5557,#5556,#721,.T.);
#4353=EDGE_CURVE('',#5557,#5558,#620,.T.);
#4354=EDGE_CURVE('',#5558,#5559,#621,.T.);
#4355=EDGE_CURVE('',#5559,#5560,#622,.T.);
#4356=EDGE_CURVE('',#5560,#5552,#623,.T.);
#4357=EDGE_CURVE('',#5556,#5561,#6395,.F.);
#4358=EDGE_CURVE('',#5562,#5561,#722,.T.);
#4359=EDGE_CURVE('',#5557,#5562,#6396,.T.);
#4360=EDGE_CURVE('',#5561,#5519,#6397,.T.);
#4361=EDGE_CURVE('',#5518,#5563,#624,.T.);
#4362=EDGE_CURVE('',#5563,#5564,#625,.T.);
#4363=EDGE_CURVE('',#5564,#5565,#626,.T.);
#4364=EDGE_CURVE('',#5565,#5562,#627,.T.);
#4365=EDGE_CURVE('',#5566,#5555,#628,.T.);
#4366=EDGE_CURVE('',#5549,#5566,#6398,.T.);
#4367=EDGE_CURVE('',#5567,#5566,#6399,.T.);
#4368=EDGE_CURVE('',#5545,#5567,#6400,.T.);
#4369=EDGE_CURVE('',#5549,#5545,#6401,.F.);
#4370=EDGE_CURVE('',#5546,#5567,#629,.T.);
#4371=EDGE_CURVE('',#5522,#5568,#630,.T.);
#4372=EDGE_CURVE('',#5568,#5521,#6402,.T.);
#4373=EDGE_CURVE('',#5568,#5569,#6403,.T.);
#4374=EDGE_CURVE('',#5525,#5521,#6404,.F.);
#4375=EDGE_CURVE('',#5569,#5525,#6405,.T.);
#4376=EDGE_CURVE('',#5569,#5531,#631,.T.);
#4377=EDGE_CURVE('',#5570,#5570,#6406,.T.);
#4378=EDGE_CURVE('',#5571,#5571,#6407,.T.);
#4379=EDGE_CURVE('',#5572,#5572,#6408,.T.);
#4380=EDGE_CURVE('',#5573,#5573,#6409,.T.);
#4381=EDGE_CURVE('',#5574,#5574,#6410,.T.);
#4382=EDGE_CURVE('',#5575,#5575,#6411,.T.);
#4383=EDGE_CURVE('',#5576,#5576,#6412,.T.);
#4384=EDGE_CURVE('',#5577,#5577,#6413,.T.);
#4385=EDGE_CURVE('',#5578,#5578,#6414,.T.);
#4386=EDGE_CURVE('',#5579,#5579,#6415,.T.);
#4387=EDGE_CURVE('',#5580,#5580,#6416,.T.);
#4388=EDGE_CURVE('',#5581,#5581,#6417,.T.);
#4389=EDGE_CURVE('',#5582,#5582,#6418,.T.);
#4390=EDGE_CURVE('',#5583,#5583,#6419,.T.);
#4391=EDGE_CURVE('',#5584,#5584,#6420,.T.);
#4392=EDGE_CURVE('',#5585,#5585,#6421,.T.);
#4393=EDGE_CURVE('',#5586,#5586,#6422,.T.);
#4394=EDGE_CURVE('',#5587,#5588,#6423,.T.);
#4395=EDGE_CURVE('',#5588,#5589,#6424,.T.);
#4396=EDGE_CURVE('',#5589,#5590,#6425,.T.);
#4397=EDGE_CURVE('',#5590,#5591,#6426,.F.);
#4398=EDGE_CURVE('',#5591,#5592,#6427,.T.);
#4399=EDGE_CURVE('',#5592,#5593,#6428,.F.);
#4400=EDGE_CURVE('',#5593,#5594,#6429,.T.);
#4401=EDGE_CURVE('',#5594,#5595,#6430,.T.);
#4402=EDGE_CURVE('',#5595,#5596,#6431,.T.);
#4403=EDGE_CURVE('',#5596,#5597,#6432,.F.);
#4404=EDGE_CURVE('',#5597,#5598,#6433,.T.);
#4405=EDGE_CURVE('',#5598,#5587,#6434,.F.);
#4406=EDGE_CURVE('',#5520,#5526,#6435,.F.);
#4407=EDGE_CURVE('',#5544,#5550,#6436,.F.);
#4408=EDGE_CURVE('',#5554,#5523,#6437,.T.);
#4409=EDGE_CURVE('',#5553,#5524,#6438,.T.);
#4410=EDGE_CURVE('',#5529,#5548,#6439,.T.);
#4411=EDGE_CURVE('',#5530,#5547,#6440,.T.);
#4412=EDGE_CURVE('',#5536,#5541,#6441,.T.);
#4413=EDGE_CURVE('',#5560,#5563,#6442,.T.);
#4414=EDGE_CURVE('',#5535,#5542,#6443,.T.);
#4415=EDGE_CURVE('',#5534,#5543,#6444,.T.);
#4416=EDGE_CURVE('',#5559,#5564,#6445,.T.);
#4417=EDGE_CURVE('',#5558,#5565,#6446,.T.);
#4418=EDGE_CURVE('',#5595,#5520,#723,.T.);
#4419=EDGE_CURVE('',#5526,#5594,#724,.T.);
#4420=EDGE_CURVE('',#5527,#5593,#725,.T.);
#4421=EDGE_CURVE('',#5596,#5519,#726,.T.);
#4422=EDGE_CURVE('',#5532,#5592,#727,.T.);
#4423=EDGE_CURVE('',#5597,#5561,#728,.T.);
#4424=EDGE_CURVE('',#5537,#5591,#729,.T.);
#4425=EDGE_CURVE('',#5598,#5556,#730,.T.);
#4426=EDGE_CURVE('',#5539,#5590,#731,.T.);
#4427=EDGE_CURVE('',#5587,#5551,#732,.T.);
#4428=EDGE_CURVE('',#5544,#5589,#733,.T.);
#4429=EDGE_CURVE('',#5588,#5550,#734,.T.);
#4430=EDGE_CURVE('',#5511,#5481,#735,.T.);
#4431=EDGE_CURVE('',#5509,#5482,#736,.T.);
#4432=EDGE_CURVE('',#5495,#5480,#632,.T.);
#4433=EDGE_CURVE('',#5513,#5599,#737,.T.);
#4434=EDGE_CURVE('',#5599,#5600,#6447,.T.);
#4435=EDGE_CURVE('',#5515,#5600,#738,.T.);
#4436=EDGE_CURVE('',#5479,#5600,#633,.T.);
#4437=EDGE_CURVE('',#5516,#5478,#739,.T.);
#4438=EDGE_CURVE('',#5517,#5477,#740,.T.);
#4439=EDGE_CURVE('',#5601,#5486,#741,.T.);
#4440=EDGE_CURVE('',#5602,#5601,#6448,.T.);
#4441=EDGE_CURVE('',#5602,#5487,#742,.T.);
#4442=EDGE_CURVE('',#5499,#5485,#634,.T.);
#4443=EDGE_CURVE('',#5498,#5601,#6449,.T.);
#4444=EDGE_CURVE('',#5503,#5603,#743,.T.);
#4445=EDGE_CURVE('',#5604,#5603,#6450,.T.);
#4446=EDGE_CURVE('',#5505,#5604,#744,.T.);
#4447=EDGE_CURVE('',#5484,#5604,#635,.T.);
#4448=EDGE_CURVE('',#5506,#5493,#745,.T.);
#4449=EDGE_CURVE('',#5507,#5492,#746,.T.);
#4450=EDGE_CURVE('',#5605,#5605,#6451,.T.);
#4451=EDGE_CURVE('',#5602,#5606,#747,.T.);
#4452=EDGE_CURVE('',#5606,#5501,#6452,.T.);
#4453=EDGE_CURVE('',#5504,#5491,#748,.T.);
#4454=EDGE_CURVE('',#5514,#5476,#749,.T.);
#4455=EDGE_CURVE('',#5603,#5490,#636,.T.);
#4456=EDGE_CURVE('',#5510,#5483,#750,.T.);
#4457=EDGE_CURVE('',#5474,#5496,#637,.T.);
#4458=EDGE_CURVE('',#5599,#5475,#638,.T.);
#4459=EDGE_CURVE('',#5606,#5488,#751,.T.);
#4460=EDGE_CURVE('',#5489,#5500,#639,.T.);
#4461=EDGE_CURVE('',#5496,#5599,#6453,.T.);
#4462=EDGE_CURVE('',#5603,#5500,#6454,.T.);
#4463=EDGE_CURVE('',#5607,#5607,#6455,.T.);
#4464=EDGE_CURVE('',#5608,#5608,#6456,.T.);
#4465=EDGE_CURVE('',#5609,#5609,#6457,.T.);
#4466=EDGE_CURVE('',#5610,#5610,#6458,.T.);
#4467=EDGE_CURVE('',#5611,#5611,#6459,.T.);
#4468=EDGE_CURVE('',#5612,#5612,#6460,.T.);
#4469=EDGE_CURVE('',#5613,#5613,#6461,.T.);
#4470=EDGE_CURVE('',#5614,#5614,#6462,.F.);
#4471=EDGE_CURVE('',#5615,#5615,#6463,.T.);
#4472=EDGE_CURVE('',#5616,#5616,#6464,.T.);
#4473=EDGE_CURVE('',#5617,#5617,#6465,.T.);
#4474=EDGE_CURVE('',#5618,#5618,#6466,.T.);
#4475=EDGE_CURVE('',#5619,#5619,#6467,.T.);
#4476=EDGE_CURVE('',#5620,#5620,#6468,.F.);
#4477=EDGE_CURVE('',#5621,#5621,#6469,.T.);
#4478=EDGE_CURVE('',#5622,#5622,#6470,.T.);
#4479=EDGE_CURVE('',#5623,#5623,#6471,.T.);
#4480=EDGE_CURVE('',#5624,#5624,#6472,.T.);
#4481=EDGE_CURVE('',#5625,#5456,#752,.T.);
#4482=EDGE_CURVE('',#5626,#5625,#753,.T.);
#4483=EDGE_CURVE('',#5626,#5455,#754,.T.);
#4484=EDGE_CURVE('',#5627,#5470,#755,.T.);
#4485=EDGE_CURVE('',#5625,#5627,#6473,.T.);
#4486=EDGE_CURVE('',#5628,#5469,#756,.T.);
#4487=EDGE_CURVE('',#5628,#5627,#6474,.T.);
#4488=EDGE_CURVE('',#5629,#5468,#757,.T.);
#4489=EDGE_CURVE('',#5628,#5629,#6475,.T.);
#4490=EDGE_CURVE('',#5630,#5467,#758,.T.);
#4491=EDGE_CURVE('',#5629,#5630,#759,.T.);
#4492=EDGE_CURVE('',#5631,#5466,#760,.T.);
#4493=EDGE_CURVE('',#5630,#5631,#6476,.T.);
#4494=EDGE_CURVE('',#5632,#5465,#761,.T.);
#4495=EDGE_CURVE('',#5632,#5631,#6477,.T.);
#4496=EDGE_CURVE('',#5633,#5464,#762,.T.);
#4497=EDGE_CURVE('',#5632,#5633,#6478,.T.);
#4498=EDGE_CURVE('',#5634,#5463,#763,.T.);
#4499=EDGE_CURVE('',#5633,#5634,#764,.T.);
#4500=EDGE_CURVE('',#5635,#5462,#765,.T.);
#4501=EDGE_CURVE('',#5634,#5635,#6479,.T.);
#4502=EDGE_CURVE('',#5636,#5461,#766,.T.);
#4503=EDGE_CURVE('',#5636,#5635,#6480,.T.);
#4504=EDGE_CURVE('',#5637,#5460,#767,.T.);
#4505=EDGE_CURVE('',#5636,#5637,#6481,.T.);
#4506=EDGE_CURVE('',#5638,#5459,#768,.T.);
#4507=EDGE_CURVE('',#5637,#5638,#769,.T.);
#4508=EDGE_CURVE('',#5639,#5458,#770,.T.);
#4509=EDGE_CURVE('',#5638,#5639,#6482,.T.);
#4510=EDGE_CURVE('',#5640,#5457,#771,.T.);
#4511=EDGE_CURVE('',#5640,#5639,#6483,.T.);
#4512=EDGE_CURVE('',#5640,#5626,#6484,.T.);
#4513=EDGE_CURVE('',#5641,#5642,#772,.T.);
#4514=EDGE_CURVE('',#5643,#5641,#6485,.T.);
#4515=EDGE_CURVE('',#5643,#5644,#6486,.T.);
#4516=EDGE_CURVE('',#5645,#5644,#6487,.T.);
#4517=EDGE_CURVE('',#5646,#5645,#773,.T.);
#4518=EDGE_CURVE('',#5647,#5646,#6488,.T.);
#4519=EDGE_CURVE('',#5647,#5648,#6489,.T.);
#4520=EDGE_CURVE('',#5649,#5648,#6490,.T.);
#4521=EDGE_CURVE('',#5650,#5649,#774,.T.);
#4522=EDGE_CURVE('',#5651,#5650,#6491,.T.);
#4523=EDGE_CURVE('',#5651,#5652,#6492,.T.);
#4524=EDGE_CURVE('',#5653,#5652,#6493,.T.);
#4525=EDGE_CURVE('',#5654,#5653,#775,.T.);
#4526=EDGE_CURVE('',#5655,#5654,#6494,.T.);
#4527=EDGE_CURVE('',#5655,#5656,#6495,.T.);
#4528=EDGE_CURVE('',#5642,#5656,#6496,.T.);
#4529=EDGE_CURVE('',#5657,#5658,#776,.T.);
#4530=EDGE_CURVE('',#5641,#5657,#777,.T.);
#4531=EDGE_CURVE('',#5642,#5658,#778,.T.);
#4532=EDGE_CURVE('',#5658,#5659,#6497,.T.);
#4533=EDGE_CURVE('',#5656,#5659,#779,.T.);
#4534=EDGE_CURVE('',#5660,#5659,#6498,.T.);
#4535=EDGE_CURVE('',#5655,#5660,#780,.T.);
#4536=EDGE_CURVE('',#5660,#5661,#6499,.T.);
#4537=EDGE_CURVE('',#5654,#5661,#781,.T.);
#4538=EDGE_CURVE('',#5661,#5662,#782,.T.);
#4539=EDGE_CURVE('',#5653,#5662,#783,.T.);
#4540=EDGE_CURVE('',#5662,#5663,#6500,.T.);
#4541=EDGE_CURVE('',#5652,#5663,#784,.T.);
#4542=EDGE_CURVE('',#5664,#5663,#6501,.T.);
#4543=EDGE_CURVE('',#5651,#5664,#785,.T.);
#4544=EDGE_CURVE('',#5664,#5665,#6502,.T.);
#4545=EDGE_CURVE('',#5650,#5665,#786,.T.);
#4546=EDGE_CURVE('',#5665,#5666,#787,.T.);
#4547=EDGE_CURVE('',#5649,#5666,#788,.T.);
#4548=EDGE_CURVE('',#5666,#5667,#6503,.T.);
#4549=EDGE_CURVE('',#5648,#5667,#789,.T.);
#4550=EDGE_CURVE('',#5668,#5667,#6504,.T.);
#4551=EDGE_CURVE('',#5647,#5668,#790,.T.);
#4552=EDGE_CURVE('',#5668,#5669,#6505,.T.);
#4553=EDGE_CURVE('',#5646,#5669,#791,.T.);
#4554=EDGE_CURVE('',#5669,#5670,#792,.T.);
#4555=EDGE_CURVE('',#5645,#5670,#793,.T.);
#4556=EDGE_CURVE('',#5670,#5671,#6506,.T.);
#4557=EDGE_CURVE('',#5644,#5671,#794,.T.);
#4558=EDGE_CURVE('',#5672,#5671,#6507,.T.);
#4559=EDGE_CURVE('',#5643,#5672,#795,.T.);
#4560=EDGE_CURVE('',#5673,#5674,#6508,.T.);
#4561=EDGE_CURVE('',#5675,#5674,#796,.T.);
#4562=EDGE_CURVE('',#5676,#5675,#6509,.T.);
#4563=EDGE_CURVE('',#5676,#5673,#797,.T.);
#4564=EDGE_CURVE('',#5677,#5673,#798,.T.);
#4565=EDGE_CURVE('',#5678,#5676,#799,.T.);
#4566=EDGE_CURVE('',#5678,#5677,#800,.T.);
#4567=EDGE_CURVE('',#5679,#5677,#6510,.T.);
#4568=EDGE_CURVE('',#5680,#5678,#6511,.T.);
#4569=EDGE_CURVE('',#5680,#5679,#801,.T.);
#4570=EDGE_CURVE('',#5681,#5679,#802,.T.);
#4571=EDGE_CURVE('',#5682,#5680,#803,.T.);
#4572=EDGE_CURVE('',#5682,#5681,#804,.T.);
#4573=EDGE_CURVE('',#5683,#5681,#6512,.T.);
#4574=EDGE_CURVE('',#5684,#5682,#6513,.T.);
#4575=EDGE_CURVE('',#5684,#5683,#805,.T.);
#4576=EDGE_CURVE('',#5685,#5683,#806,.T.);
#4577=EDGE_CURVE('',#5686,#5684,#807,.T.);
#4578=EDGE_CURVE('',#5686,#5685,#808,.T.);
#4579=EDGE_CURVE('',#5687,#5685,#6514,.T.);
#4580=EDGE_CURVE('',#5688,#5686,#6515,.T.);
#4581=EDGE_CURVE('',#5688,#5687,#809,.T.);
#4582=EDGE_CURVE('',#5674,#5687,#810,.T.);
#4583=EDGE_CURVE('',#5675,#5688,#811,.T.);
#4584=EDGE_CURVE('',#5672,#5657,#6516,.T.);
#4585=EDGE_CURVE('',#5689,#5690,#812,.T.);
#4586=EDGE_CURVE('',#5691,#5689,#813,.T.);
#4587=EDGE_CURVE('',#5692,#5691,#814,.T.);
#4588=EDGE_CURVE('',#5693,#5692,#815,.T.);
#4589=EDGE_CURVE('',#5694,#5693,#816,.T.);
#4590=EDGE_CURVE('',#5695,#5694,#817,.T.);
#4591=EDGE_CURVE('',#5696,#5695,#818,.T.);
#4592=EDGE_CURVE('',#5697,#5696,#819,.T.);
#4593=EDGE_CURVE('',#5698,#5697,#820,.T.);
#4594=EDGE_CURVE('',#5699,#5698,#821,.T.);
#4595=EDGE_CURVE('',#5700,#5699,#822,.T.);
#4596=EDGE_CURVE('',#5701,#5700,#823,.T.);
#4597=EDGE_CURVE('',#5702,#5701,#824,.T.);
#4598=EDGE_CURVE('',#5703,#5702,#825,.T.);
#4599=EDGE_CURVE('',#5704,#5703,#826,.T.);
#4600=EDGE_CURVE('',#5705,#5704,#827,.T.);
#4601=EDGE_CURVE('',#5706,#5705,#828,.T.);
#4602=EDGE_CURVE('',#5707,#5706,#829,.T.);
#4603=EDGE_CURVE('',#5708,#5707,#830,.T.);
#4604=EDGE_CURVE('',#5709,#5708,#831,.T.);
#4605=EDGE_CURVE('',#5710,#5709,#832,.T.);
#4606=EDGE_CURVE('',#5711,#5710,#833,.T.);
#4607=EDGE_CURVE('',#5712,#5711,#834,.T.);
#4608=EDGE_CURVE('',#5713,#5712,#835,.T.);
#4609=EDGE_CURVE('',#5714,#5713,#836,.T.);
#4610=EDGE_CURVE('',#5715,#5714,#837,.T.);
#4611=EDGE_CURVE('',#5716,#5715,#838,.T.);
#4612=EDGE_CURVE('',#5717,#5716,#839,.T.);
#4613=EDGE_CURVE('',#5718,#5717,#840,.T.);
#4614=EDGE_CURVE('',#5719,#5718,#841,.T.);
#4615=EDGE_CURVE('',#5720,#5719,#842,.T.);
#4616=EDGE_CURVE('',#5721,#5720,#843,.T.);
#4617=EDGE_CURVE('',#5722,#5721,#844,.T.);
#4618=EDGE_CURVE('',#5723,#5722,#845,.T.);
#4619=EDGE_CURVE('',#5724,#5723,#846,.T.);
#4620=EDGE_CURVE('',#5725,#5724,#847,.T.);
#4621=EDGE_CURVE('',#5726,#5725,#848,.T.);
#4622=EDGE_CURVE('',#5727,#5726,#849,.T.);
#4623=EDGE_CURVE('',#5728,#5727,#850,.T.);
#4624=EDGE_CURVE('',#5729,#5728,#851,.T.);
#4625=EDGE_CURVE('',#5730,#5729,#852,.T.);
#4626=EDGE_CURVE('',#5731,#5730,#853,.T.);
#4627=EDGE_CURVE('',#5732,#5731,#854,.T.);
#4628=EDGE_CURVE('',#5733,#5732,#855,.T.);
#4629=EDGE_CURVE('',#5734,#5733,#856,.T.);
#4630=EDGE_CURVE('',#5735,#5734,#857,.T.);
#4631=EDGE_CURVE('',#5736,#5735,#858,.T.);
#4632=EDGE_CURVE('',#5737,#5736,#859,.T.);
#4633=EDGE_CURVE('',#5738,#5737,#860,.T.);
#4634=EDGE_CURVE('',#5739,#5738,#861,.T.);
#4635=EDGE_CURVE('',#5740,#5739,#862,.T.);
#4636=EDGE_CURVE('',#5741,#5740,#863,.T.);
#4637=EDGE_CURVE('',#5742,#5741,#864,.T.);
#4638=EDGE_CURVE('',#5743,#5742,#865,.T.);
#4639=EDGE_CURVE('',#5744,#5743,#866,.T.);
#4640=EDGE_CURVE('',#5745,#5744,#867,.T.);
#4641=EDGE_CURVE('',#5746,#5745,#868,.T.);
#4642=EDGE_CURVE('',#5747,#5746,#869,.T.);
#4643=EDGE_CURVE('',#5748,#5747,#870,.T.);
#4644=EDGE_CURVE('',#5690,#5748,#871,.T.);
#4645=EDGE_CURVE('',#5749,#5750,#872,.T.);
#4646=EDGE_CURVE('',#5689,#5749,#873,.T.);
#4647=EDGE_CURVE('',#5690,#5750,#874,.T.);
#4648=EDGE_CURVE('',#5750,#5751,#875,.T.);
#4649=EDGE_CURVE('',#5748,#5751,#876,.T.);
#4650=EDGE_CURVE('',#5751,#5752,#877,.T.);
#4651=EDGE_CURVE('',#5747,#5752,#878,.T.);
#4652=EDGE_CURVE('',#5752,#5753,#879,.T.);
#4653=EDGE_CURVE('',#5746,#5753,#880,.T.);
#4654=EDGE_CURVE('',#5753,#5754,#881,.T.);
#4655=EDGE_CURVE('',#5745,#5754,#882,.T.);
#4656=EDGE_CURVE('',#5754,#5755,#883,.T.);
#4657=EDGE_CURVE('',#5744,#5755,#884,.T.);
#4658=EDGE_CURVE('',#5755,#5756,#885,.T.);
#4659=EDGE_CURVE('',#5743,#5756,#886,.T.);
#4660=EDGE_CURVE('',#5756,#5757,#887,.T.);
#4661=EDGE_CURVE('',#5742,#5757,#888,.T.);
#4662=EDGE_CURVE('',#5757,#5758,#889,.T.);
#4663=EDGE_CURVE('',#5741,#5758,#890,.T.);
#4664=EDGE_CURVE('',#5758,#5759,#891,.T.);
#4665=EDGE_CURVE('',#5740,#5759,#892,.T.);
#4666=EDGE_CURVE('',#5759,#5760,#893,.T.);
#4667=EDGE_CURVE('',#5739,#5760,#894,.T.);
#4668=EDGE_CURVE('',#5760,#5761,#895,.T.);
#4669=EDGE_CURVE('',#5738,#5761,#896,.T.);
#4670=EDGE_CURVE('',#5761,#5762,#897,.T.);
#4671=EDGE_CURVE('',#5737,#5762,#898,.T.);
#4672=EDGE_CURVE('',#5762,#5763,#899,.T.);
#4673=EDGE_CURVE('',#5736,#5763,#900,.T.);
#4674=EDGE_CURVE('',#5763,#5764,#901,.T.);
#4675=EDGE_CURVE('',#5735,#5764,#902,.T.);
#4676=EDGE_CURVE('',#5764,#5765,#903,.T.);
#4677=EDGE_CURVE('',#5734,#5765,#904,.T.);
#4678=EDGE_CURVE('',#5765,#5766,#905,.T.);
#4679=EDGE_CURVE('',#5733,#5766,#906,.T.);
#4680=EDGE_CURVE('',#5766,#5767,#907,.T.);
#4681=EDGE_CURVE('',#5732,#5767,#908,.T.);
#4682=EDGE_CURVE('',#5767,#5768,#909,.T.);
#4683=EDGE_CURVE('',#5731,#5768,#910,.T.);
#4684=EDGE_CURVE('',#5768,#5769,#911,.T.);
#4685=EDGE_CURVE('',#5730,#5769,#912,.T.);
#4686=EDGE_CURVE('',#5769,#5770,#913,.T.);
#4687=EDGE_CURVE('',#5729,#5770,#914,.T.);
#4688=EDGE_CURVE('',#5770,#5771,#915,.T.);
#4689=EDGE_CURVE('',#5728,#5771,#916,.T.);
#4690=EDGE_CURVE('',#5771,#5772,#917,.T.);
#4691=EDGE_CURVE('',#5727,#5772,#918,.T.);
#4692=EDGE_CURVE('',#5772,#5773,#919,.T.);
#4693=EDGE_CURVE('',#5726,#5773,#920,.T.);
#4694=EDGE_CURVE('',#5773,#5774,#921,.T.);
#4695=EDGE_CURVE('',#5725,#5774,#922,.T.);
#4696=EDGE_CURVE('',#5774,#5775,#923,.T.);
#4697=EDGE_CURVE('',#5724,#5775,#924,.T.);
#4698=EDGE_CURVE('',#5775,#5776,#925,.T.);
#4699=EDGE_CURVE('',#5723,#5776,#926,.T.);
#4700=EDGE_CURVE('',#5776,#5777,#927,.T.);
#4701=EDGE_CURVE('',#5722,#5777,#928,.T.);
#4702=EDGE_CURVE('',#5777,#5778,#929,.T.);
#4703=EDGE_CURVE('',#5721,#5778,#930,.T.);
#4704=EDGE_CURVE('',#5778,#5779,#931,.T.);
#4705=EDGE_CURVE('',#5720,#5779,#932,.T.);
#4706=EDGE_CURVE('',#5779,#5780,#933,.T.);
#4707=EDGE_CURVE('',#5719,#5780,#934,.T.);
#4708=EDGE_CURVE('',#5780,#5781,#935,.T.);
#4709=EDGE_CURVE('',#5718,#5781,#936,.T.);
#4710=EDGE_CURVE('',#5781,#5782,#937,.T.);
#4711=EDGE_CURVE('',#5717,#5782,#938,.T.);
#4712=EDGE_CURVE('',#5782,#5783,#939,.T.);
#4713=EDGE_CURVE('',#5716,#5783,#940,.T.);
#4714=EDGE_CURVE('',#5783,#5784,#941,.T.);
#4715=EDGE_CURVE('',#5715,#5784,#942,.T.);
#4716=EDGE_CURVE('',#5784,#5785,#943,.T.);
#4717=EDGE_CURVE('',#5714,#5785,#944,.T.);
#4718=EDGE_CURVE('',#5785,#5786,#945,.T.);
#4719=EDGE_CURVE('',#5713,#5786,#946,.T.);
#4720=EDGE_CURVE('',#5786,#5787,#947,.T.);
#4721=EDGE_CURVE('',#5712,#5787,#948,.T.);
#4722=EDGE_CURVE('',#5787,#5788,#949,.T.);
#4723=EDGE_CURVE('',#5711,#5788,#950,.T.);
#4724=EDGE_CURVE('',#5788,#5789,#951,.T.);
#4725=EDGE_CURVE('',#5710,#5789,#952,.T.);
#4726=EDGE_CURVE('',#5789,#5790,#953,.T.);
#4727=EDGE_CURVE('',#5709,#5790,#954,.T.);
#4728=EDGE_CURVE('',#5790,#5791,#955,.T.);
#4729=EDGE_CURVE('',#5708,#5791,#956,.T.);
#4730=EDGE_CURVE('',#5791,#5792,#957,.T.);
#4731=EDGE_CURVE('',#5707,#5792,#958,.T.);
#4732=EDGE_CURVE('',#5792,#5793,#959,.T.);
#4733=EDGE_CURVE('',#5706,#5793,#960,.T.);
#4734=EDGE_CURVE('',#5793,#5794,#961,.T.);
#4735=EDGE_CURVE('',#5705,#5794,#962,.T.);
#4736=EDGE_CURVE('',#5794,#5795,#963,.T.);
#4737=EDGE_CURVE('',#5704,#5795,#964,.T.);
#4738=EDGE_CURVE('',#5795,#5796,#965,.T.);
#4739=EDGE_CURVE('',#5703,#5796,#966,.T.);
#4740=EDGE_CURVE('',#5796,#5797,#967,.T.);
#4741=EDGE_CURVE('',#5702,#5797,#968,.T.);
#4742=EDGE_CURVE('',#5797,#5798,#969,.T.);
#4743=EDGE_CURVE('',#5701,#5798,#970,.T.);
#4744=EDGE_CURVE('',#5798,#5799,#971,.T.);
#4745=EDGE_CURVE('',#5700,#5799,#972,.T.);
#4746=EDGE_CURVE('',#5799,#5800,#973,.T.);
#4747=EDGE_CURVE('',#5699,#5800,#974,.T.);
#4748=EDGE_CURVE('',#5800,#5801,#975,.T.);
#4749=EDGE_CURVE('',#5698,#5801,#976,.T.);
#4750=EDGE_CURVE('',#5801,#5802,#977,.T.);
#4751=EDGE_CURVE('',#5697,#5802,#978,.T.);
#4752=EDGE_CURVE('',#5802,#5803,#979,.T.);
#4753=EDGE_CURVE('',#5696,#5803,#980,.T.);
#4754=EDGE_CURVE('',#5803,#5804,#981,.T.);
#4755=EDGE_CURVE('',#5695,#5804,#982,.T.);
#4756=EDGE_CURVE('',#5804,#5805,#983,.T.);
#4757=EDGE_CURVE('',#5694,#5805,#984,.T.);
#4758=EDGE_CURVE('',#5805,#5806,#985,.T.);
#4759=EDGE_CURVE('',#5693,#5806,#986,.T.);
#4760=EDGE_CURVE('',#5806,#5807,#987,.T.);
#4761=EDGE_CURVE('',#5692,#5807,#988,.T.);
#4762=EDGE_CURVE('',#5807,#5808,#989,.T.);
#4763=EDGE_CURVE('',#5691,#5808,#990,.T.);
#4764=EDGE_CURVE('',#5809,#5809,#6517,.T.);
#4765=EDGE_CURVE('',#5810,#5810,#6518,.T.);
#4766=EDGE_CURVE('',#5811,#5811,#6519,.T.);
#4767=EDGE_CURVE('',#5812,#5812,#6520,.T.);
#4768=EDGE_CURVE('',#5813,#5813,#6521,.T.);
#4769=EDGE_CURVE('',#5814,#5814,#6522,.T.);
#4770=EDGE_CURVE('',#5815,#5815,#6523,.T.);
#4771=EDGE_CURVE('',#5816,#5816,#6524,.T.);
#4772=EDGE_CURVE('',#5817,#5817,#6525,.T.);
#4773=EDGE_CURVE('',#5818,#5818,#6526,.T.);
#4774=EDGE_CURVE('',#5819,#5819,#6527,.T.);
#4775=EDGE_CURVE('',#5820,#5820,#6528,.T.);
#4776=EDGE_CURVE('',#5821,#5821,#6529,.T.);
#4777=EDGE_CURVE('',#5822,#5822,#6530,.T.);
#4778=EDGE_CURVE('',#5823,#5823,#6531,.T.);
#4779=EDGE_CURVE('',#5824,#5824,#6532,.T.);
#4780=EDGE_CURVE('',#5825,#5825,#6533,.T.);
#4781=EDGE_CURVE('',#5826,#5826,#6534,.T.);
#4782=EDGE_CURVE('',#5827,#5827,#6535,.T.);
#4783=EDGE_CURVE('',#5828,#5828,#6536,.T.);
#4784=EDGE_CURVE('',#5829,#5829,#6537,.T.);
#4785=EDGE_CURVE('',#5830,#5830,#6538,.T.);
#4786=EDGE_CURVE('',#5831,#5831,#6539,.T.);
#4787=EDGE_CURVE('',#5832,#5832,#6540,.T.);
#4788=EDGE_CURVE('',#5833,#5833,#6541,.T.);
#4789=EDGE_CURVE('',#5834,#5834,#6542,.T.);
#4790=EDGE_CURVE('',#5835,#5835,#6543,.T.);
#4791=EDGE_CURVE('',#5836,#5836,#6544,.T.);
#4792=EDGE_CURVE('',#5808,#5749,#991,.T.);
#4793=EDGE_CURVE('',#5837,#5837,#6545,.T.);
#4794=EDGE_CURVE('',#5838,#5838,#6546,.T.);
#4795=EDGE_CURVE('',#5839,#5839,#6547,.T.);
#4796=EDGE_CURVE('',#5840,#5840,#6548,.T.);
#4797=EDGE_CURVE('',#5841,#5841,#6549,.T.);
#4798=EDGE_CURVE('',#5842,#5842,#6550,.T.);
#4799=EDGE_CURVE('',#5843,#5843,#6551,.T.);
#4800=EDGE_CURVE('',#5844,#5844,#6552,.T.);
#4801=EDGE_CURVE('',#5845,#5845,#6553,.T.);
#4802=EDGE_CURVE('',#5846,#5846,#6554,.T.);
#4803=EDGE_CURVE('',#5847,#5847,#6555,.T.);
#4804=EDGE_CURVE('',#5848,#5848,#6556,.T.);
#4805=EDGE_CURVE('',#5849,#5849,#6557,.T.);
#4806=EDGE_CURVE('',#5850,#5850,#6558,.T.);
#4807=EDGE_CURVE('',#5851,#5851,#6559,.T.);
#4808=EDGE_CURVE('',#5852,#5852,#6560,.T.);
#4809=EDGE_CURVE('',#5853,#5853,#6561,.T.);
#4810=EDGE_CURVE('',#5854,#5854,#6562,.T.);
#4811=EDGE_CURVE('',#5855,#5855,#6563,.T.);
#4812=EDGE_CURVE('',#5856,#5856,#6564,.T.);
#4813=EDGE_CURVE('',#5857,#5857,#6565,.T.);
#4814=EDGE_CURVE('',#5858,#5858,#6566,.T.);
#4815=EDGE_CURVE('',#5859,#5859,#6567,.T.);
#4816=EDGE_CURVE('',#5860,#5860,#6568,.T.);
#4817=EDGE_CURVE('',#5861,#5861,#6569,.T.);
#4818=EDGE_CURVE('',#5862,#5862,#6570,.T.);
#4819=EDGE_CURVE('',#5863,#5863,#6571,.T.);
#4820=EDGE_CURVE('',#5864,#5864,#6572,.T.);
#4821=EDGE_CURVE('',#5865,#5865,#6573,.T.);
#4822=EDGE_CURVE('',#5866,#5866,#6574,.T.);
#4823=EDGE_CURVE('',#5443,#5442,#6575,.F.);
#4824=EDGE_CURVE('',#5867,#5867,#6576,.T.);
#4825=EDGE_CURVE('',#5448,#5447,#6577,.F.);
#4826=EDGE_CURVE('',#5868,#5868,#6578,.T.);
#4827=EDGE_CURVE('',#5869,#5869,#6579,.T.);
#4828=EDGE_CURVE('',#5870,#5870,#6580,.T.);
#4829=EDGE_CURVE('',#5871,#5871,#6581,.T.);
#4830=EDGE_CURVE('',#5872,#5872,#6582,.T.);
#4831=EDGE_CURVE('',#5873,#5873,#6583,.F.);
#4832=EDGE_CURVE('',#5874,#5874,#6584,.T.);
#4833=EDGE_CURVE('',#5875,#5875,#6585,.T.);
#4834=EDGE_CURVE('',#5876,#5876,#6586,.T.);
#4835=EDGE_CURVE('',#5450,#5449,#6587,.T.);
#4836=EDGE_CURVE('',#5877,#5877,#6588,.T.);
#4837=EDGE_CURVE('',#5878,#5878,#6589,.T.);
#4838=EDGE_CURVE('',#5879,#5879,#6590,.T.);
#4839=EDGE_CURVE('',#5880,#5880,#6591,.T.);
#4840=EDGE_CURVE('',#5881,#5881,#6592,.F.);
#4841=EDGE_CURVE('',#5882,#5882,#6593,.T.);
#4842=EDGE_CURVE('',#5883,#5883,#6594,.T.);
#4843=EDGE_CURVE('',#5884,#5884,#6595,.T.);
#4844=EDGE_CURVE('',#5445,#5444,#6596,.T.);
#4845=EDGE_CURVE('',#5885,#5885,#6597,.T.);
#4846=EDGE_CURVE('',#5886,#5886,#6598,.F.);
#4847=EDGE_CURVE('',#5887,#5887,#6599,.T.);
#4848=EDGE_CURVE('',#5888,#5888,#6600,.T.);
#4849=EDGE_CURVE('',#5889,#5889,#6601,.T.);
#4850=EDGE_CURVE('',#5890,#5890,#6602,.F.);
#4851=EDGE_CURVE('',#5891,#5891,#6603,.T.);
#4852=EDGE_CURVE('',#5892,#5892,#6604,.T.);
#4853=EDGE_CURVE('',#5893,#5893,#6605,.T.);
#4854=EDGE_CURVE('',#5894,#5894,#6606,.T.);
#4855=EDGE_CURVE('',#5895,#5895,#6607,.T.);
#4856=EDGE_CURVE('',#5896,#5896,#6608,.T.);
#4857=EDGE_CURVE('',#5897,#5897,#6609,.T.);
#4858=EDGE_CURVE('',#5898,#5898,#6610,.T.);
#4859=EDGE_CURVE('',#5899,#5899,#6611,.T.);
#4860=EDGE_CURVE('',#5900,#5900,#6612,.T.);
#4861=EDGE_CURVE('',#5901,#5901,#6613,.T.);
#4862=EDGE_CURVE('',#5902,#5902,#6614,.T.);
#4863=EDGE_CURVE('',#5903,#5903,#6615,.T.);
#4864=EDGE_CURVE('',#5904,#5904,#6616,.T.);
#4865=EDGE_CURVE('',#5905,#5905,#6617,.T.);
#4866=EDGE_CURVE('',#5906,#5906,#6618,.T.);
#4867=EDGE_CURVE('',#5907,#5907,#6619,.T.);
#4868=EDGE_CURVE('',#5425,#5434,#6620,.T.);
#4869=EDGE_CURVE('',#5908,#5908,#6621,.T.);
#4870=EDGE_CURVE('',#5909,#5909,#6622,.T.);
#4871=EDGE_CURVE('',#5436,#5426,#6623,.T.);
#4872=EDGE_CURVE('',#5910,#5910,#6624,.T.);
#4873=EDGE_CURVE('',#5420,#5413,#6625,.T.);
#4874=EDGE_CURVE('',#5911,#5911,#6626,.T.);
#4875=EDGE_CURVE('',#5912,#5912,#6627,.T.);
#4876=EDGE_CURVE('',#5412,#5423,#6628,.T.);
#4877=EDGE_CURVE('',#5913,#5913,#6629,.T.);
#4878=EDGE_CURVE('',#5914,#5914,#6630,.T.);
#4879=EDGE_CURVE('',#5915,#5915,#6631,.T.);
#4880=EDGE_CURVE('',#5917,#5917,#6632,.T.);
#4881=EDGE_CURVE('',#5918,#5918,#6633,.T.);
#4882=EDGE_CURVE('',#5919,#5919,#6634,.T.);
#4883=EDGE_CURVE('',#5920,#5920,#6635,.T.);
#4884=EDGE_CURVE('',#5402,#5921,#992,.T.);
#4885=EDGE_CURVE('',#5922,#5921,#993,.T.);
#4886=EDGE_CURVE('',#5401,#5922,#994,.T.);
#4887=EDGE_CURVE('',#5406,#5923,#995,.T.);
#4888=EDGE_CURVE('',#5921,#5923,#6636,.T.);
#4889=EDGE_CURVE('',#5405,#5924,#996,.T.);
#4890=EDGE_CURVE('',#5923,#5924,#997,.T.);
#4891=EDGE_CURVE('',#5404,#5925,#998,.T.);
#4892=EDGE_CURVE('',#5924,#5925,#6637,.T.);
#4893=EDGE_CURVE('',#5403,#5926,#999,.T.);
#4894=EDGE_CURVE('',#5925,#5926,#1000,.T.);
#4895=EDGE_CURVE('',#5927,#5928,#1001,.T.);
#4896=EDGE_CURVE('',#5928,#5929,#1002,.T.);
#4897=EDGE_CURVE('',#5930,#5929,#1003,.T.);
#4898=EDGE_CURVE('',#5927,#5930,#6638,.T.);
#4899=EDGE_CURVE('',#5931,#5932,#1004,.T.);
#4900=EDGE_CURVE('',#5932,#5928,#1005,.T.);
#4901=EDGE_CURVE('',#5931,#5927,#568,.T.);
#4902=EDGE_CURVE('',#5929,#5932,#1006,.T.);
#4903=EDGE_CURVE('',#5930,#5931,#569,.T.);
#4904=EDGE_CURVE('',#5926,#5922,#6639,.T.);
#4905=EDGE_CURVE('',#5391,#5390,#1007,.T.);
#4906=EDGE_CURVE('',#5933,#5933,#6640,.T.);
#4907=EDGE_CURVE('',#5393,#5392,#1008,.T.);
#4908=EDGE_CURVE('',#5934,#5934,#6641,.T.);
#4909=EDGE_CURVE('',#5935,#5935,#6642,.T.);
#4910=EDGE_CURVE('',#5936,#5936,#6643,.T.);
#4911=EDGE_CURVE('',#5408,#5407,#1009,.T.);
#4912=EDGE_CURVE('',#5938,#5938,#6644,.T.);
#4913=EDGE_CURVE('',#5410,#5409,#1010,.T.);
#4914=EDGE_CURVE('',#5939,#5939,#6645,.T.);
#4915=EDGE_CURVE('',#5941,#5941,#6646,.T.);
#4916=EDGE_CURVE('',#5942,#5942,#6647,.T.);
#4917=EDGE_CURVE('',#5943,#5943,#6648,.T.);
#4918=EDGE_CURVE('',#5944,#5944,#6649,.T.);
#4919=EDGE_CURVE('',#5945,#5945,#6650,.T.);
#4920=EDGE_CURVE('',#5946,#5946,#6651,.T.);
#4921=EDGE_CURVE('',#5947,#5947,#6652,.T.);
#4922=EDGE_CURVE('',#5948,#5948,#6653,.T.);
#4923=EDGE_CURVE('',#5949,#5949,#6654,.T.);
#4924=EDGE_CURVE('',#5950,#5950,#6655,.T.);
#4925=EDGE_CURVE('',#5951,#5951,#6656,.T.);
#4926=EDGE_CURVE('',#5952,#5952,#6657,.T.);
#4927=EDGE_CURVE('',#5953,#5953,#6658,.T.);
#4928=EDGE_CURVE('',#5954,#5954,#6659,.T.);
#4929=EDGE_CURVE('',#5955,#5955,#6660,.T.);
#4930=EDGE_CURVE('',#5956,#5956,#6661,.T.);
#4931=EDGE_CURVE('',#5957,#5957,#6662,.T.);
#4932=EDGE_CURVE('',#5958,#5958,#6663,.T.);
#4933=EDGE_CURVE('',#5959,#5959,#6664,.T.);
#4934=EDGE_CURVE('',#5960,#5960,#6665,.T.);
#4935=EDGE_CURVE('',#5961,#5961,#6666,.T.);
#4936=EDGE_CURVE('',#5962,#5963,#1011,.T.);
#4937=EDGE_CURVE('',#5964,#5963,#6667,.T.);
#4938=EDGE_CURVE('',#5964,#5965,#1012,.T.);
#4939=EDGE_CURVE('',#5966,#5965,#6668,.T.);
#4940=EDGE_CURVE('',#5966,#5967,#1013,.T.);
#4941=EDGE_CURVE('',#5968,#5967,#6669,.T.);
#4942=EDGE_CURVE('',#5968,#5969,#1014,.T.);
#4943=EDGE_CURVE('',#5970,#5969,#6670,.T.);
#4944=EDGE_CURVE('',#5970,#5971,#1015,.T.);
#4945=EDGE_CURVE('',#5972,#5971,#6671,.T.);
#4946=EDGE_CURVE('',#5972,#5973,#1016,.T.);
#4947=EDGE_CURVE('',#5962,#5973,#6672,.T.);
#4948=EDGE_CURVE('',#5974,#5974,#6673,.T.);
#4949=EDGE_CURVE('',#5962,#5975,#1017,.T.);
#4950=EDGE_CURVE('',#5976,#5973,#1018,.F.);
#4951=EDGE_CURVE('',#5977,#5976,#6674,.T.);
#4952=EDGE_CURVE('',#5972,#5977,#1019,.T.);
#4953=EDGE_CURVE('',#5978,#5971,#1020,.F.);
#4954=EDGE_CURVE('',#5979,#5978,#6675,.T.);
#4955=EDGE_CURVE('',#5970,#5979,#1021,.T.);
#4956=EDGE_CURVE('',#5980,#5969,#1022,.F.);
#4957=EDGE_CURVE('',#5981,#5980,#6676,.T.);
#4958=EDGE_CURVE('',#5968,#5981,#1023,.T.);
#4959=EDGE_CURVE('',#5982,#5967,#1024,.F.);
#4960=EDGE_CURVE('',#5983,#5982,#6677,.T.);
#4961=EDGE_CURVE('',#5966,#5983,#1025,.T.);
#4962=EDGE_CURVE('',#5984,#5965,#1026,.F.);
#4963=EDGE_CURVE('',#5985,#5984,#6678,.T.);
#4964=EDGE_CURVE('',#5964,#5985,#1027,.T.);
#4965=EDGE_CURVE('',#5986,#5963,#1028,.F.);
#4966=EDGE_CURVE('',#5975,#5986,#6679,.T.);
#4967=EDGE_CURVE('',#5987,#5987,#6680,.T.);
#4968=EDGE_CURVE('',#5988,#5988,#6681,.T.);
#4969=EDGE_CURVE('',#5989,#5990,#6682,.T.);
#4970=EDGE_CURVE('',#5990,#5989,#570,.F.);
#4971=EDGE_CURVE('',#5991,#5991,#6683,.T.);
#4972=EDGE_CURVE('',#5992,#5993,#1029,.T.);
#4973=EDGE_CURVE('',#5994,#5992,#640,.T.);
#4974=EDGE_CURVE('',#5995,#5994,#1030,.F.);
#4975=EDGE_CURVE('',#5993,#5995,#641,.T.);
#4976=EDGE_CURVE('',#5996,#5996,#6684,.T.);
#4977=EDGE_CURVE('',#5997,#5998,#571,.T.);
#4978=EDGE_CURVE('',#5998,#5997,#6685,.T.);
#4979=EDGE_CURVE('',#5999,#6000,#642,.T.);
#4980=EDGE_CURVE('',#6001,#5999,#1031,.F.);
#4981=EDGE_CURVE('',#6002,#6001,#643,.T.);
#4982=EDGE_CURVE('',#6000,#6002,#1032,.T.);
#4983=EDGE_CURVE('',#6003,#6004,#6686,.T.);
#4984=EDGE_CURVE('',#6005,#6004,#1033,.T.);
#4985=EDGE_CURVE('',#6006,#6005,#6687,.T.);
#4986=EDGE_CURVE('',#6006,#6003,#1034,.T.);
#4987=EDGE_CURVE('',#6007,#6007,#6688,.T.);
#4988=EDGE_CURVE('',#6008,#6009,#1035,.T.);
#4989=EDGE_CURVE('',#6010,#6009,#6689,.T.);
#4990=EDGE_CURVE('',#6010,#6011,#1036,.T.);
#4991=EDGE_CURVE('',#6012,#6011,#6690,.T.);
#4992=EDGE_CURVE('',#6012,#6013,#1037,.T.);
#4993=EDGE_CURVE('',#6014,#6013,#6691,.T.);
#4994=EDGE_CURVE('',#6014,#6015,#1038,.T.);
#4995=EDGE_CURVE('',#6016,#6015,#6692,.T.);
#4996=EDGE_CURVE('',#6016,#6017,#1039,.T.);
#4997=EDGE_CURVE('',#6018,#6017,#6693,.T.);
#4998=EDGE_CURVE('',#6018,#6019,#1040,.T.);
#4999=EDGE_CURVE('',#6008,#6019,#6694,.T.);
#5000=EDGE_CURVE('',#6020,#6009,#644,.T.);
#5001=EDGE_CURVE('',#6021,#6020,#6695,.T.);
#5002=EDGE_CURVE('',#6010,#6021,#645,.T.);
#5003=EDGE_CURVE('',#6008,#6022,#646,.T.);
#5004=EDGE_CURVE('',#6023,#6019,#647,.T.);
#5005=EDGE_CURVE('',#6022,#6023,#6696,.T.);
#5006=EDGE_CURVE('',#6018,#6024,#648,.T.);
#5007=EDGE_CURVE('',#6025,#6017,#649,.T.);
#5008=EDGE_CURVE('',#6024,#6025,#6697,.T.);
#5009=EDGE_CURVE('',#6016,#6026,#650,.T.);
#5010=EDGE_CURVE('',#6027,#6015,#651,.T.);
#5011=EDGE_CURVE('',#6026,#6027,#6698,.T.);
#5012=EDGE_CURVE('',#6014,#6028,#652,.T.);
#5013=EDGE_CURVE('',#6029,#6013,#653,.T.);
#5014=EDGE_CURVE('',#6028,#6029,#6699,.T.);
#5015=EDGE_CURVE('',#6012,#6030,#654,.T.);
#5016=EDGE_CURVE('',#6031,#6011,#655,.T.);
#5017=EDGE_CURVE('',#6030,#6031,#6700,.T.);
#5018=EDGE_CURVE('',#6022,#6032,#1041,.T.);
#5019=EDGE_CURVE('',#6033,#6023,#1042,.F.);
#5020=EDGE_CURVE('',#6032,#6033,#6701,.T.);
#5021=EDGE_CURVE('',#6034,#6020,#1043,.F.);
#5022=EDGE_CURVE('',#6035,#6034,#6702,.T.);
#5023=EDGE_CURVE('',#6021,#6035,#1044,.T.);
#5024=EDGE_CURVE('',#6024,#6036,#1045,.T.);
#5025=EDGE_CURVE('',#6037,#6025,#1046,.F.);
#5026=EDGE_CURVE('',#6036,#6037,#6703,.T.);
#5027=EDGE_CURVE('',#6026,#6038,#1047,.T.);
#5028=EDGE_CURVE('',#6039,#6027,#1048,.F.);
#5029=EDGE_CURVE('',#6038,#6039,#6704,.T.);
#5030=EDGE_CURVE('',#6028,#6040,#1049,.T.);
#5031=EDGE_CURVE('',#6041,#6029,#1050,.F.);
#5032=EDGE_CURVE('',#6040,#6041,#6705,.T.);
#5033=EDGE_CURVE('',#6030,#6042,#1051,.T.);
#5034=EDGE_CURVE('',#6043,#6031,#1052,.F.);
#5035=EDGE_CURVE('',#6042,#6043,#6706,.T.);
#5036=EDGE_CURVE('',#6044,#6045,#6707,.T.);
#5037=EDGE_CURVE('',#6045,#6044,#572,.F.);
#5038=EDGE_CURVE('',#6046,#6046,#6708,.T.);
#5039=EDGE_CURVE('',#6047,#6048,#573,.T.);
#5040=EDGE_CURVE('',#6048,#6047,#574,.F.);
#5041=EDGE_CURVE('',#5989,#5990,#6709,.T.);
#5042=EDGE_CURVE('',#6047,#6048,#575,.F.);
#5043=EDGE_CURVE('',#6044,#6045,#6710,.T.);
#5044=EDGE_CURVE('',#6049,#6049,#6711,.T.);
#5045=EDGE_CURVE('',#6050,#6050,#6712,.T.);
#5046=EDGE_CURVE('',#6051,#6051,#6713,.T.);
#5047=EDGE_CURVE('',#6052,#6052,#6714,.T.);
#5048=EDGE_CURVE('',#6053,#6053,#6715,.T.);
#5049=EDGE_CURVE('',#6054,#6054,#6716,.T.);
#5050=EDGE_CURVE('',#6055,#6055,#6717,.T.);
#5051=EDGE_CURVE('',#6056,#6056,#6718,.T.);
#5052=EDGE_CURVE('',#5998,#5997,#6719,.T.);
#5053=EDGE_CURVE('',#6057,#6057,#6720,.T.);
#5054=EDGE_CURVE('',#6032,#6034,#1053,.T.);
#5055=EDGE_CURVE('',#6036,#6033,#1054,.T.);
#5056=EDGE_CURVE('',#6038,#6037,#1055,.T.);
#5057=EDGE_CURVE('',#6040,#6039,#1056,.T.);
#5058=EDGE_CURVE('',#6042,#6041,#1057,.T.);
#5059=EDGE_CURVE('',#6035,#6043,#1058,.T.);
#5060=EDGE_CURVE('',#6058,#6058,#6721,.T.);
#5061=EDGE_CURVE('',#6059,#6059,#6722,.T.);
#5062=EDGE_CURVE('',#6060,#6060,#6723,.T.);
#5063=EDGE_CURVE('',#6061,#6061,#6724,.T.);
#5064=EDGE_CURVE('',#6062,#6063,#6725,.T.);
#5065=EDGE_CURVE('',#6004,#6062,#1059,.T.);
#5066=EDGE_CURVE('',#6063,#6003,#1060,.T.);
#5067=EDGE_CURVE('',#6064,#6065,#6726,.T.);
#5068=EDGE_CURVE('',#6064,#6062,#1061,.T.);
#5069=EDGE_CURVE('',#6065,#6063,#1062,.T.);
#5070=EDGE_CURVE('',#6066,#6066,#6727,.T.);
#5071=EDGE_CURVE('',#6005,#6064,#656,.T.);
#5072=EDGE_CURVE('',#6065,#6006,#657,.T.);
#5073=EDGE_CURVE('',#6067,#6067,#6728,.T.);
#5074=EDGE_CURVE('',#6068,#6068,#6729,.T.);
#5075=EDGE_CURVE('',#6069,#6069,#6730,.T.);
#5076=EDGE_CURVE('',#6070,#6070,#6731,.F.);
#5077=EDGE_CURVE('',#6071,#6071,#6732,.F.);
#5078=EDGE_CURVE('',#6072,#6072,#6733,.F.);
#5079=EDGE_CURVE('',#5994,#5992,#1063,.T.);
#5080=EDGE_CURVE('',#5995,#5993,#1064,.T.);
#5081=EDGE_CURVE('',#6000,#5999,#1065,.T.);
#5082=EDGE_CURVE('',#6002,#6001,#1066,.T.);
#5083=EDGE_CURVE('',#6073,#6073,#6734,.T.);
#5084=EDGE_CURVE('',#6074,#6074,#6735,.T.);
#5085=EDGE_CURVE('',#6075,#6075,#6736,.T.);
#5086=EDGE_CURVE('',#6076,#6076,#6737,.T.);
#5087=EDGE_CURVE('',#6077,#6077,#6738,.T.);
#5088=EDGE_CURVE('',#6078,#6078,#6739,.T.);
#5089=EDGE_CURVE('',#6079,#6079,#6740,.T.);
#5090=EDGE_CURVE('',#6080,#6080,#6741,.T.);
#5091=EDGE_CURVE('',#6081,#6082,#1067,.T.);
#5092=EDGE_CURVE('',#6083,#6082,#1068,.T.);
#5093=EDGE_CURVE('',#6084,#6083,#1069,.T.);
#5094=EDGE_CURVE('',#6084,#6081,#1070,.T.);
#5095=EDGE_CURVE('',#6082,#6085,#1071,.T.);
#5096=EDGE_CURVE('',#6086,#6085,#1072,.T.);
#5097=EDGE_CURVE('',#6083,#6086,#1073,.T.);
#5098=EDGE_CURVE('',#6085,#6087,#1074,.T.);
#5099=EDGE_CURVE('',#6088,#6087,#1075,.T.);
#5100=EDGE_CURVE('',#6086,#6088,#1076,.T.);
#5101=EDGE_CURVE('',#6087,#6081,#6742,.T.);
#5102=EDGE_CURVE('',#6088,#6084,#6743,.T.);
#5103=EDGE_CURVE('',#6089,#6089,#6744,.T.);
#5104=EDGE_CURVE('',#6090,#6090,#6745,.T.);
#5105=EDGE_CURVE('',#6091,#6091,#6746,.T.);
#5106=EDGE_CURVE('',#6092,#6092,#6747,.T.);
#5107=EDGE_CURVE('',#6093,#6093,#6748,.T.);
#5108=EDGE_CURVE('',#6094,#6094,#6749,.T.);
#5109=EDGE_CURVE('',#6095,#6095,#6750,.T.);
#5110=EDGE_CURVE('',#6096,#6096,#6751,.T.);
#5111=EDGE_CURVE('',#6097,#6097,#6752,.T.);
#5112=EDGE_CURVE('',#6098,#6098,#6753,.T.);
#5113=EDGE_CURVE('',#6099,#6099,#6754,.T.);
#5114=EDGE_CURVE('',#6100,#6100,#6755,.T.);
#5115=EDGE_CURVE('',#6101,#6101,#6756,.T.);
#5116=EDGE_CURVE('',#6102,#6102,#6757,.T.);
#5117=EDGE_CURVE('',#6103,#6103,#6758,.T.);
#5118=EDGE_CURVE('',#6104,#6104,#6759,.T.);
#5119=EDGE_CURVE('',#6105,#6105,#6760,.F.);
#5120=EDGE_CURVE('',#6106,#6106,#6761,.F.);
#5121=EDGE_CURVE('',#6107,#6107,#6762,.F.);
#5122=EDGE_CURVE('',#6108,#6108,#6763,.F.);
#5123=EDGE_CURVE('',#5977,#5976,#1077,.T.);
#5124=EDGE_CURVE('',#5979,#5978,#1078,.T.);
#5125=EDGE_CURVE('',#5981,#5980,#1079,.T.);
#5126=EDGE_CURVE('',#5983,#5982,#1080,.T.);
#5127=EDGE_CURVE('',#5985,#5984,#1081,.T.);
#5128=EDGE_CURVE('',#5975,#5986,#1082,.T.);
#5129=EDGE_CURVE('',#6109,#6109,#6764,.F.);
#5130=EDGE_CURVE('',#6110,#6110,#6765,.T.);
#5131=EDGE_CURVE('',#6111,#6111,#6766,.F.);
#5132=EDGE_CURVE('',#6112,#6112,#6767,.T.);
#5133=EDGE_CURVE('',#6113,#6113,#6768,.F.);
#5134=EDGE_CURVE('',#6114,#6114,#6769,.T.);
#5135=EDGE_CURVE('',#6115,#6115,#6770,.F.);
#5136=EDGE_CURVE('',#6116,#6116,#6771,.T.);
#5137=EDGE_CURVE('',#6117,#6117,#6772,.F.);
#5138=EDGE_CURVE('',#6118,#6118,#6773,.T.);
#5139=EDGE_CURVE('',#6119,#6119,#6774,.F.);
#5140=EDGE_CURVE('',#6120,#6120,#6775,.T.);
#5141=EDGE_CURVE('',#6121,#6121,#6776,.F.);
#5142=EDGE_CURVE('',#6122,#6122,#6777,.T.);
#5143=EDGE_CURVE('',#6123,#6123,#6778,.T.);
#5144=EDGE_CURVE('',#6124,#6124,#6779,.T.);
#5145=EDGE_CURVE('',#6125,#6125,#6780,.T.);
#5146=EDGE_CURVE('',#6126,#6126,#6781,.T.);
#5147=EDGE_CURVE('',#6127,#6127,#6782,.T.);
#5148=EDGE_CURVE('',#6128,#6129,#658,.T.);
#5149=EDGE_CURVE('',#6129,#6130,#659,.T.);
#5150=EDGE_CURVE('',#6130,#6131,#660,.T.);
#5151=EDGE_CURVE('',#6131,#6132,#661,.T.);
#5152=EDGE_CURVE('',#6132,#6133,#662,.T.);
#5153=EDGE_CURVE('',#6133,#6128,#663,.T.);
#5154=EDGE_CURVE('',#6134,#6131,#1083,.T.);
#5155=EDGE_CURVE('',#6135,#6134,#1084,.T.);
#5156=EDGE_CURVE('',#6136,#6135,#1085,.T.);
#5157=EDGE_CURVE('',#6136,#6132,#1086,.T.);
#5158=EDGE_CURVE('',#6137,#6130,#1087,.T.);
#5159=EDGE_CURVE('',#6138,#6137,#1088,.T.);
#5160=EDGE_CURVE('',#6134,#6138,#1089,.T.);
#5161=EDGE_CURVE('',#6139,#6129,#1090,.T.);
#5162=EDGE_CURVE('',#6140,#6139,#1091,.T.);
#5163=EDGE_CURVE('',#6137,#6140,#1092,.T.);
#5164=EDGE_CURVE('',#6141,#6128,#1093,.T.);
#5165=EDGE_CURVE('',#6142,#6141,#1094,.T.);
#5166=EDGE_CURVE('',#6139,#6142,#1095,.T.);
#5167=EDGE_CURVE('',#6143,#6133,#1096,.T.);
#5168=EDGE_CURVE('',#6144,#6143,#1097,.T.);
#5169=EDGE_CURVE('',#6141,#6144,#1098,.T.);
#5170=EDGE_CURVE('',#6145,#6136,#1099,.T.);
#5171=EDGE_CURVE('',#6143,#6145,#1100,.T.);
#5172=EDGE_CURVE('',#6135,#6138,#6783,.T.);
#5173=EDGE_CURVE('',#6145,#6135,#6784,.T.);
#5174=EDGE_CURVE('',#6144,#6145,#6785,.T.);
#5175=EDGE_CURVE('',#6142,#6144,#6786,.T.);
#5176=EDGE_CURVE('',#6140,#6142,#6787,.T.);
#5177=EDGE_CURVE('',#6138,#6140,#6788,.T.);
#5178=EDGE_CURVE('',#6147,#6148,#664,.T.);
#5179=EDGE_CURVE('',#6147,#6148,#6789,.T.);
#5180=EDGE_CURVE('',#6149,#6147,#665,.T.);
#5181=EDGE_CURVE('',#6149,#6147,#6790,.T.);
#5182=EDGE_CURVE('',#6150,#6149,#666,.T.);
#5183=EDGE_CURVE('',#6150,#6149,#6791,.T.);
#5184=EDGE_CURVE('',#6151,#6150,#667,.T.);
#5185=EDGE_CURVE('',#6151,#6150,#6792,.T.);
#5186=EDGE_CURVE('',#6152,#6151,#668,.T.);
#5187=EDGE_CURVE('',#6152,#6151,#6793,.T.);
#5188=EDGE_CURVE('',#6148,#6152,#669,.T.);
#5189=EDGE_CURVE('',#6148,#6152,#6794,.T.);
#5190=EDGE_CURVE('',#6153,#6153,#6795,.T.);
#5191=EDGE_CURVE('',#6154,#6154,#6796,.T.);
#5192=EDGE_CURVE('',#6155,#6155,#6797,.T.);
#5193=EDGE_CURVE('',#6156,#6156,#6798,.T.);
#5194=EDGE_CURVE('',#6157,#6148,#1101,.T.);
#5195=EDGE_CURVE('',#6157,#6158,#1102,.T.);
#5196=EDGE_CURVE('',#6158,#6147,#1103,.T.);
#5197=EDGE_CURVE('',#6158,#6159,#1104,.T.);
#5198=EDGE_CURVE('',#6159,#6149,#1105,.T.);
#5199=EDGE_CURVE('',#6159,#6160,#1106,.T.);
#5200=EDGE_CURVE('',#6160,#6150,#1107,.T.);
#5201=EDGE_CURVE('',#6160,#6161,#1108,.T.);
#5202=EDGE_CURVE('',#6161,#6151,#1109,.T.);
#5203=EDGE_CURVE('',#6161,#6162,#1110,.T.);
#5204=EDGE_CURVE('',#6162,#6152,#1111,.T.);
#5205=EDGE_CURVE('',#6162,#6157,#1112,.T.);
#5206=EDGE_CURVE('',#6163,#6164,#1113,.T.);
#5207=EDGE_CURVE('',#6164,#6165,#1114,.T.);
#5208=EDGE_CURVE('',#6165,#6166,#1115,.T.);
#5209=EDGE_CURVE('',#6166,#6167,#1116,.T.);
#5210=EDGE_CURVE('',#6167,#6168,#1117,.T.);
#5211=EDGE_CURVE('',#6168,#6163,#1118,.T.);
#5212=EDGE_CURVE('',#6169,#6169,#6799,.T.);
#5213=EDGE_CURVE('',#6170,#6170,#6800,.T.);
#5214=EDGE_CURVE('',#6171,#6171,#6801,.T.);
#5215=EDGE_CURVE('',#6172,#6172,#6802,.T.);
#5216=EDGE_CURVE('',#6173,#6173,#6803,.T.);
#5217=EDGE_CURVE('',#6174,#6174,#6804,.T.);
#5218=EDGE_CURVE('',#6175,#6175,#6805,.T.);
#5219=EDGE_CURVE('',#6176,#6176,#6806,.T.);
#5220=EDGE_CURVE('',#6177,#6177,#6807,.T.);
#5221=EDGE_CURVE('',#6178,#6179,#1119,.T.);
#5222=EDGE_CURVE('',#6180,#6178,#1120,.T.);
#5223=EDGE_CURVE('',#6181,#6180,#1121,.T.);
#5224=EDGE_CURVE('',#6182,#6181,#1122,.T.);
#5225=EDGE_CURVE('',#6183,#6182,#1123,.T.);
#5226=EDGE_CURVE('',#6179,#6183,#1124,.T.);
#5227=EDGE_CURVE('',#6184,#6184,#6808,.F.);
#5228=EDGE_CURVE('',#6164,#6178,#1125,.T.);
#5229=EDGE_CURVE('',#6165,#6179,#1126,.T.);
#5230=EDGE_CURVE('',#6166,#6183,#1127,.T.);
#5231=EDGE_CURVE('',#6167,#6182,#1128,.T.);
#5232=EDGE_CURVE('',#6168,#6181,#1129,.T.);
#5233=EDGE_CURVE('',#6163,#6180,#1130,.T.);
#5234=EDGE_CURVE('',#6186,#6186,#6809,.T.);
#5235=EDGE_CURVE('',#6187,#6187,#6810,.F.);
#5236=EDGE_CURVE('',#6188,#6188,#6811,.T.);
#5237=EDGE_CURVE('',#6189,#6189,#6812,.T.);
#5238=EDGE_CURVE('',#6190,#6190,#6813,.F.);
#5239=EDGE_CURVE('',#6191,#6191,#6814,.T.);
#5240=EDGE_CURVE('',#6192,#6193,#670,.T.);
#5241=EDGE_CURVE('',#6192,#6193,#6815,.T.);
#5242=EDGE_CURVE('',#6194,#6192,#671,.T.);
#5243=EDGE_CURVE('',#6194,#6192,#6816,.T.);
#5244=EDGE_CURVE('',#6195,#6194,#672,.T.);
#5245=EDGE_CURVE('',#6195,#6194,#6817,.T.);
#5246=EDGE_CURVE('',#6196,#6195,#673,.T.);
#5247=EDGE_CURVE('',#6196,#6195,#6818,.T.);
#5248=EDGE_CURVE('',#6197,#6196,#674,.T.);
#5249=EDGE_CURVE('',#6197,#6196,#6819,.T.);
#5250=EDGE_CURVE('',#6193,#6197,#675,.T.);
#5251=EDGE_CURVE('',#6193,#6197,#6820,.T.);
#5252=EDGE_CURVE('',#6198,#6198,#6821,.T.);
#5253=EDGE_CURVE('',#6199,#6199,#6822,.T.);
#5254=EDGE_CURVE('',#6200,#6200,#6823,.T.);
#5255=EDGE_CURVE('',#6201,#6201,#6824,.T.);
#5256=EDGE_CURVE('',#6202,#6193,#1131,.T.);
#5257=EDGE_CURVE('',#6202,#6203,#1132,.T.);
#5258=EDGE_CURVE('',#6203,#6192,#1133,.T.);
#5259=EDGE_CURVE('',#6203,#6204,#1134,.T.);
#5260=EDGE_CURVE('',#6204,#6194,#1135,.T.);
#5261=EDGE_CURVE('',#6204,#6205,#1136,.T.);
#5262=EDGE_CURVE('',#6205,#6195,#1137,.T.);
#5263=EDGE_CURVE('',#6205,#6206,#1138,.T.);
#5264=EDGE_CURVE('',#6206,#6196,#1139,.T.);
#5265=EDGE_CURVE('',#6206,#6207,#1140,.T.);
#5266=EDGE_CURVE('',#6207,#6197,#1141,.T.);
#5267=EDGE_CURVE('',#6207,#6202,#1142,.T.);
#5268=EDGE_CURVE('',#6208,#6209,#1143,.T.);
#5269=EDGE_CURVE('',#6209,#6210,#1144,.T.);
#5270=EDGE_CURVE('',#6210,#6211,#1145,.T.);
#5271=EDGE_CURVE('',#6211,#6212,#1146,.T.);
#5272=EDGE_CURVE('',#6212,#6213,#1147,.T.);
#5273=EDGE_CURVE('',#6213,#6214,#1148,.T.);
#5274=EDGE_CURVE('',#6215,#6214,#1149,.T.);
#5275=EDGE_CURVE('',#6215,#6216,#1150,.T.);
#5276=EDGE_CURVE('',#6216,#6217,#1151,.T.);
#5277=EDGE_CURVE('',#6217,#6218,#1152,.T.);
#5278=EDGE_CURVE('',#6219,#6218,#1153,.T.);
#5279=EDGE_CURVE('',#6219,#6208,#1154,.T.);
#5280=EDGE_CURVE('',#6220,#6221,#1155,.T.);
#5281=EDGE_CURVE('',#6221,#6222,#1156,.T.);
#5282=EDGE_CURVE('',#6222,#6223,#1157,.T.);
#5283=EDGE_CURVE('',#6223,#6224,#1158,.T.);
#5284=EDGE_CURVE('',#6225,#6224,#1159,.T.);
#5285=EDGE_CURVE('',#6225,#6226,#1160,.T.);
#5286=EDGE_CURVE('',#6227,#6226,#1161,.T.);
#5287=EDGE_CURVE('',#6227,#6220,#1162,.T.);
#5288=EDGE_CURVE('',#6228,#6209,#1163,.T.);
#5289=EDGE_CURVE('',#6208,#6229,#1164,.T.);
#5290=EDGE_CURVE('',#6229,#6230,#1165,.T.);
#5291=EDGE_CURVE('',#6213,#6230,#1166,.T.);
#5292=EDGE_CURVE('',#6212,#6231,#1167,.T.);
#5293=EDGE_CURVE('',#6231,#6228,#1168,.T.);
#5294=EDGE_CURVE('',#6218,#6232,#1169,.T.);
#5295=EDGE_CURVE('',#6233,#6232,#1170,.T.);
#5296=EDGE_CURVE('',#6233,#6219,#1171,.T.);
#5297=EDGE_CURVE('',#6234,#6215,#1172,.T.);
#5298=EDGE_CURVE('',#6235,#6214,#1173,.T.);
#5299=EDGE_CURVE('',#6234,#6235,#1174,.T.);
#5300=EDGE_CURVE('',#6224,#6236,#1175,.T.);
#5301=EDGE_CURVE('',#6237,#6223,#1176,.T.);
#5302=EDGE_CURVE('',#6237,#6229,#1177,.T.);
#5303=EDGE_CURVE('',#6238,#6233,#1178,.T.);
#5304=EDGE_CURVE('',#6238,#6239,#1179,.T.);
#5305=EDGE_CURVE('',#6239,#6236,#1180,.T.);
#5306=EDGE_CURVE('',#6240,#6227,#1181,.T.);
#5307=EDGE_CURVE('',#6240,#6241,#1182,.T.);
#5308=EDGE_CURVE('',#6242,#6241,#1183,.T.);
#5309=EDGE_CURVE('',#6235,#6242,#1184,.T.);
#5310=EDGE_CURVE('',#6230,#6243,#1185,.T.);
#5311=EDGE_CURVE('',#6220,#6243,#1186,.T.);
#5312=EDGE_CURVE('',#6236,#6240,#1187,.T.);
#5313=EDGE_CURVE('',#6241,#6239,#6825,.T.);
#5314=EDGE_CURVE('',#6244,#6244,#6826,.T.);
#5315=EDGE_CURVE('',#6243,#6237,#1188,.T.);
#5316=EDGE_CURVE('',#6242,#6238,#6827,.T.);
#5317=EDGE_CURVE('',#6245,#6234,#1189,.T.);
#5318=EDGE_CURVE('',#6246,#6232,#1190,.T.);
#5319=EDGE_CURVE('',#6246,#6245,#1191,.T.);
#5320=EDGE_CURVE('',#6247,#6247,#6828,.T.);
#5321=EDGE_CURVE('',#6248,#6248,#6829,.T.);
#5322=EDGE_CURVE('',#6249,#6249,#6830,.F.);
#5323=EDGE_CURVE('',#6225,#6246,#1192,.T.);
#5324=EDGE_CURVE('',#6245,#6226,#1193,.T.);
#5325=EDGE_CURVE('',#6250,#6222,#1194,.T.);
#5326=EDGE_CURVE('',#6251,#6250,#1195,.T.);
#5327=EDGE_CURVE('',#6221,#6251,#1196,.T.);
#5328=EDGE_CURVE('',#6231,#6251,#1197,.T.);
#5329=EDGE_CURVE('',#6228,#6250,#1198,.T.);
#5330=EDGE_CURVE('',#6211,#6221,#1199,.T.);
#5331=EDGE_CURVE('',#6210,#6222,#1200,.T.);
#5332=EDGE_CURVE('',#6217,#6225,#1201,.T.);
#5333=EDGE_CURVE('',#6216,#6226,#1202,.T.);
#5334=EDGE_CURVE('',#6252,#6253,#676,.T.);
#5335=EDGE_CURVE('',#6253,#6254,#677,.T.);
#5336=EDGE_CURVE('',#6254,#6255,#678,.T.);
#5337=EDGE_CURVE('',#6255,#6256,#679,.T.);
#5338=EDGE_CURVE('',#6256,#6257,#680,.T.);
#5339=EDGE_CURVE('',#6257,#6252,#681,.T.);
#5340=EDGE_CURVE('',#6258,#6258,#6831,.T.);
#5341=EDGE_CURVE('',#6259,#6259,#6832,.T.);
#5342=EDGE_CURVE('',#6260,#6260,#6833,.T.);
#5343=EDGE_CURVE('',#6261,#6261,#6834,.T.);
#5344=EDGE_CURVE('',#6262,#6253,#1203,.T.);
#5345=EDGE_CURVE('',#6263,#6262,#1204,.T.);
#5346=EDGE_CURVE('',#6263,#6254,#1205,.T.);
#5347=EDGE_CURVE('',#6264,#6252,#1206,.T.);
#5348=EDGE_CURVE('',#6262,#6264,#1207,.T.);
#5349=EDGE_CURVE('',#6265,#6257,#1208,.T.);
#5350=EDGE_CURVE('',#6264,#6265,#1209,.T.);
#5351=EDGE_CURVE('',#6266,#6256,#1210,.T.);
#5352=EDGE_CURVE('',#6265,#6266,#1211,.T.);
#5353=EDGE_CURVE('',#6267,#6255,#1212,.T.);
#5354=EDGE_CURVE('',#6266,#6267,#1213,.T.);
#5355=EDGE_CURVE('',#6267,#6263,#1214,.T.);
#5356=EDGE_CURVE('',#6268,#6268,#6835,.T.);
#5357=EDGE_CURVE('',#6269,#6269,#6836,.T.);
#5358=EDGE_CURVE('',#6270,#6270,#6837,.T.);
#5359=EDGE_CURVE('',#6271,#6271,#6838,.T.);
#5360=EDGE_CURVE('',#6272,#6272,#6839,.T.);
#5361=EDGE_CURVE('',#6273,#6273,#6840,.T.);
#5362=EDGE_CURVE('',#6274,#6274,#6841,.T.);
#5363=EDGE_CURVE('',#6275,#6275,#6842,.T.);
#5364=EDGE_CURVE('',#6276,#6276,#6843,.T.);
#5365=EDGE_CURVE('',#6277,#6277,#6844,.T.);
#5366=EDGE_CURVE('',#6278,#6278,#6845,.T.);
#5367=EDGE_CURVE('',#6279,#6279,#6846,.T.);
#5368=EDGE_CURVE('',#6280,#6280,#6847,.T.);
#5369=EDGE_CURVE('',#6281,#6281,#6848,.T.);
#5370=EDGE_CURVE('',#6282,#6282,#6849,.T.);
#5371=EDGE_CURVE('',#6283,#6283,#6850,.T.);
#5372=EDGE_CURVE('',#6284,#6284,#6851,.T.);
#5373=EDGE_CURVE('',#6285,#6285,#6852,.T.);
#5374=EDGE_CURVE('',#6286,#6286,#6853,.T.);
#5375=EDGE_CURVE('',#6287,#6287,#6854,.T.);
#5376=EDGE_CURVE('',#6288,#6288,#6855,.T.);
#5377=EDGE_CURVE('',#6289,#6289,#6856,.T.);
#5378=EDGE_CURVE('',#6290,#6290,#6857,.T.);
#5379=EDGE_CURVE('',#6291,#6291,#6858,.T.);
#5380=EDGE_CURVE('',#6292,#6292,#6859,.T.);
#5381=EDGE_CURVE('',#6293,#6293,#6860,.T.);
#5382=EDGE_CURVE('',#6294,#6294,#6861,.T.);
#5383=EDGE_CURVE('',#6295,#6295,#6862,.T.);
#5384=EDGE_CURVE('',#6296,#6296,#6863,.T.);
#5385=EDGE_CURVE('',#6297,#6297,#6864,.T.);
#5386=EDGE_CURVE('',#6298,#6298,#6865,.T.);
#5387=EDGE_CURVE('',#6299,#6299,#6866,.T.);
#5388=EDGE_CURVE('',#6300,#6300,#6867,.T.);
#5389=EDGE_CURVE('',#6302,#6302,#6868,.T.);
#5390=VERTEX_POINT('',#17159);
#5391=VERTEX_POINT('',#17160);
#5392=VERTEX_POINT('',#17162);
#5393=VERTEX_POINT('',#17164);
#5394=VERTEX_POINT('',#17181);
#5395=VERTEX_POINT('',#17193);
#5396=VERTEX_POINT('',#17213);
#5397=VERTEX_POINT('',#17233);
#5398=VERTEX_POINT('',#17251);
#5399=VERTEX_POINT('',#17253);
#5400=VERTEX_POINT('',#17255);
#5401=VERTEX_POINT('',#17257);
#5402=VERTEX_POINT('',#17258);
#5403=VERTEX_POINT('',#17264);
#5404=VERTEX_POINT('',#17266);
#5405=VERTEX_POINT('',#17272);
#5406=VERTEX_POINT('',#17274);
#5407=VERTEX_POINT('',#17281);
#5408=VERTEX_POINT('',#17282);
#5409=VERTEX_POINT('',#17284);
#5410=VERTEX_POINT('',#17286);
#5411=VERTEX_POINT('',#17290);
#5412=VERTEX_POINT('',#17300);
#5413=VERTEX_POINT('',#17301);
#5414=VERTEX_POINT('',#17308);
#5415=VERTEX_POINT('',#17310);
#5416=VERTEX_POINT('',#17312);
#5417=VERTEX_POINT('',#17321);
#5418=VERTEX_POINT('',#17331);
#5419=VERTEX_POINT('',#17335);
#5420=VERTEX_POINT('',#17340);
#5421=VERTEX_POINT('',#17348);
#5422=VERTEX_POINT('',#17351);
#5423=VERTEX_POINT('',#17356);
#5424=VERTEX_POINT('',#17363);
#5425=VERTEX_POINT('',#17373);
#5426=VERTEX_POINT('',#17374);
#5427=VERTEX_POINT('',#17379);
#5428=VERTEX_POINT('',#17388);
#5429=VERTEX_POINT('',#17390);
#5430=VERTEX_POINT('',#17392);
#5431=VERTEX_POINT('',#17400);
#5432=VERTEX_POINT('',#17407);
#5433=VERTEX_POINT('',#17409);
#5434=VERTEX_POINT('',#17417);
#5435=VERTEX_POINT('',#17423);
#5436=VERTEX_POINT('',#17428);
#5437=VERTEX_POINT('',#17435);
#5438=VERTEX_POINT('',#17437);
#5439=VERTEX_POINT('',#17440);
#5440=VERTEX_POINT('',#17442);
#5441=VERTEX_POINT('',#17445);
#5442=VERTEX_POINT('',#17447);
#5443=VERTEX_POINT('',#17448);
#5444=VERTEX_POINT('',#17450);
#5445=VERTEX_POINT('',#17464);
#5446=VERTEX_POINT('',#17468);
#5447=VERTEX_POINT('',#17470);
#5448=VERTEX_POINT('',#17471);
#5449=VERTEX_POINT('',#17473);
#5450=VERTEX_POINT('',#17487);
#5451=VERTEX_POINT('',#17491);
#5452=VERTEX_POINT('',#17493);
#5453=VERTEX_POINT('',#17495);
#5454=VERTEX_POINT('',#17497);
#5455=VERTEX_POINT('',#17499);
#5456=VERTEX_POINT('',#17500);
#5457=VERTEX_POINT('',#17502);
#5458=VERTEX_POINT('',#17504);
#5459=VERTEX_POINT('',#17506);
#5460=VERTEX_POINT('',#17508);
#5461=VERTEX_POINT('',#17510);
#5462=VERTEX_POINT('',#17512);
#5463=VERTEX_POINT('',#17514);
#5464=VERTEX_POINT('',#17516);
#5465=VERTEX_POINT('',#17518);
#5466=VERTEX_POINT('',#17520);
#5467=VERTEX_POINT('',#17522);
#5468=VERTEX_POINT('',#17524);
#5469=VERTEX_POINT('',#17526);
#5470=VERTEX_POINT('',#17528);
#5471=VERTEX_POINT('',#17531);
#5472=VERTEX_POINT('',#17533);
#5473=VERTEX_POINT('',#17535);
#5474=VERTEX_POINT('',#17537);
#5475=VERTEX_POINT('',#17538);
#5476=VERTEX_POINT('',#17540);
#5477=VERTEX_POINT('',#17542);
#5478=VERTEX_POINT('',#17544);
#5479=VERTEX_POINT('',#17546);
#5480=VERTEX_POINT('',#17548);
#5481=VERTEX_POINT('',#17550);
#5482=VERTEX_POINT('',#17552);
#5483=VERTEX_POINT('',#17554);
#5484=VERTEX_POINT('',#17557);
#5485=VERTEX_POINT('',#17558);
#5486=VERTEX_POINT('',#17560);
#5487=VERTEX_POINT('',#17562);
#5488=VERTEX_POINT('',#17564);
#5489=VERTEX_POINT('',#17566);
#5490=VERTEX_POINT('',#17568);
#5491=VERTEX_POINT('',#17570);
#5492=VERTEX_POINT('',#17572);
#5493=VERTEX_POINT('',#17574);
#5494=VERTEX_POINT('',#17578);
#5495=VERTEX_POINT('',#17579);
#5496=VERTEX_POINT('',#17581);
#5497=VERTEX_POINT('',#17583);
#5498=VERTEX_POINT('',#17587);
#5499=VERTEX_POINT('',#17588);
#5500=VERTEX_POINT('',#17590);
#5501=VERTEX_POINT('',#17592);
#5502=VERTEX_POINT('',#17596);
#5503=VERTEX_POINT('',#17598);
#5504=VERTEX_POINT('',#17599);
#5505=VERTEX_POINT('',#17601);
#5506=VERTEX_POINT('',#17603);
#5507=VERTEX_POINT('',#17605);
#5508=VERTEX_POINT('',#17609);
#5509=VERTEX_POINT('',#17611);
#5510=VERTEX_POINT('',#17612);
#5511=VERTEX_POINT('',#17614);
#5512=VERTEX_POINT('',#17619);
#5513=VERTEX_POINT('',#17621);
#5514=VERTEX_POINT('',#17622);
#5515=VERTEX_POINT('',#17624);
#5516=VERTEX_POINT('',#17626);
#5517=VERTEX_POINT('',#17628);
#5518=VERTEX_POINT('',#17632);
#5519=VERTEX_POINT('',#17633);
#5520=VERTEX_POINT('',#17635);
#5521=VERTEX_POINT('',#17637);
#5522=VERTEX_POINT('',#17639);
#5523=VERTEX_POINT('',#17641);
#5524=VERTEX_POINT('',#17647);
#5525=VERTEX_POINT('',#17654);
#5526=VERTEX_POINT('',#17655);
#5527=VERTEX_POINT('',#17657);
#5528=VERTEX_POINT('',#17659);
#5529=VERTEX_POINT('',#17664);
#5530=VERTEX_POINT('',#17670);
#5531=VERTEX_POINT('',#17672);
#5532=VERTEX_POINT('',#17676);
#5533=VERTEX_POINT('',#17678);
#5534=VERTEX_POINT('',#17683);
#5535=VERTEX_POINT('',#17688);
#5536=VERTEX_POINT('',#17693);
#5537=VERTEX_POINT('',#17700);
#5538=VERTEX_POINT('',#17702);
#5539=VERTEX_POINT('',#17706);
#5540=VERTEX_POINT('',#17708);
#5541=VERTEX_POINT('',#17713);
#5542=VERTEX_POINT('',#17718);
#5543=VERTEX_POINT('',#17723);
#5544=VERTEX_POINT('',#17730);
#5545=VERTEX_POINT('',#17732);
#5546=VERTEX_POINT('',#17734);
#5547=VERTEX_POINT('',#17736);
#5548=VERTEX_POINT('',#17742);
#5549=VERTEX_POINT('',#17749);
#5550=VERTEX_POINT('',#17750);
#5551=VERTEX_POINT('',#17752);
#5552=VERTEX_POINT('',#17754);
#5553=VERTEX_POINT('',#17759);
#5554=VERTEX_POINT('',#17765);
#5555=VERTEX_POINT('',#17767);
#5556=VERTEX_POINT('',#17771);
#5557=VERTEX_POINT('',#17773);
#5558=VERTEX_POINT('',#17778);
#5559=VERTEX_POINT('',#17783);
#5560=VERTEX_POINT('',#17788);
#5561=VERTEX_POINT('',#17795);
#5562=VERTEX_POINT('',#17797);
#5563=VERTEX_POINT('',#17805);
#5564=VERTEX_POINT('',#17810);
#5565=VERTEX_POINT('',#17815);
#5566=VERTEX_POINT('',#17827);
#5567=VERTEX_POINT('',#17831);
#5568=VERTEX_POINT('',#17848);
#5569=VERTEX_POINT('',#17852);
#5570=VERTEX_POINT('',#17864);
#5571=VERTEX_POINT('',#17867);
#5572=VERTEX_POINT('',#17870);
#5573=VERTEX_POINT('',#17873);
#5574=VERTEX_POINT('',#17876);
#5575=VERTEX_POINT('',#17879);
#5576=VERTEX_POINT('',#17882);
#5577=VERTEX_POINT('',#17884);
#5578=VERTEX_POINT('',#17886);
#5579=VERTEX_POINT('',#17888);
#5580=VERTEX_POINT('',#17890);
#5581=VERTEX_POINT('',#17892);
#5582=VERTEX_POINT('',#17894);
#5583=VERTEX_POINT('',#17896);
#5584=VERTEX_POINT('',#17898);
#5585=VERTEX_POINT('',#17900);
#5586=VERTEX_POINT('',#17904);
#5587=VERTEX_POINT('',#17907);
#5588=VERTEX_POINT('',#17908);
#5589=VERTEX_POINT('',#17910);
#5590=VERTEX_POINT('',#17912);
#5591=VERTEX_POINT('',#17914);
#5592=VERTEX_POINT('',#17916);
#5593=VERTEX_POINT('',#17918);
#5594=VERTEX_POINT('',#17920);
#5595=VERTEX_POINT('',#17922);
#5596=VERTEX_POINT('',#17924);
#5597=VERTEX_POINT('',#17926);
#5598=VERTEX_POINT('',#17928);
#5599=VERTEX_POINT('',#17989);
#5600=VERTEX_POINT('',#17991);
#5601=VERTEX_POINT('',#18003);
#5602=VERTEX_POINT('',#18005);
#5603=VERTEX_POINT('',#18015);
#5604=VERTEX_POINT('',#18017);
#5605=VERTEX_POINT('',#18029);
#5606=VERTEX_POINT('',#18031);
#5607=VERTEX_POINT('',#18069);
#5608=VERTEX_POINT('',#18072);
#5609=VERTEX_POINT('',#18075);
#5610=VERTEX_POINT('',#18078);
#5611=VERTEX_POINT('',#18081);
#5612=VERTEX_POINT('',#18084);
#5613=VERTEX_POINT('',#18087);
#5614=VERTEX_POINT('',#18090);
#5615=VERTEX_POINT('',#18094);
#5616=VERTEX_POINT('',#18097);
#5617=VERTEX_POINT('',#18100);
#5618=VERTEX_POINT('',#18103);
#5619=VERTEX_POINT('',#18106);
#5620=VERTEX_POINT('',#18109);
#5621=VERTEX_POINT('',#18113);
#5622=VERTEX_POINT('',#18117);
#5623=VERTEX_POINT('',#18121);
#5624=VERTEX_POINT('',#18125);
#5625=VERTEX_POINT('',#18129);
#5626=VERTEX_POINT('',#18131);
#5627=VERTEX_POINT('',#18135);
#5628=VERTEX_POINT('',#18139);
#5629=VERTEX_POINT('',#18143);
#5630=VERTEX_POINT('',#18147);
#5631=VERTEX_POINT('',#18151);
#5632=VERTEX_POINT('',#18155);
#5633=VERTEX_POINT('',#18159);
#5634=VERTEX_POINT('',#18163);
#5635=VERTEX_POINT('',#18167);
#5636=VERTEX_POINT('',#18171);
#5637=VERTEX_POINT('',#18175);
#5638=VERTEX_POINT('',#18179);
#5639=VERTEX_POINT('',#18183);
#5640=VERTEX_POINT('',#18187);
#5641=VERTEX_POINT('',#18193);
#5642=VERTEX_POINT('',#18194);
#5643=VERTEX_POINT('',#18196);
#5644=VERTEX_POINT('',#18198);
#5645=VERTEX_POINT('',#18200);
#5646=VERTEX_POINT('',#18202);
#5647=VERTEX_POINT('',#18204);
#5648=VERTEX_POINT('',#18206);
#5649=VERTEX_POINT('',#18208);
#5650=VERTEX_POINT('',#18210);
#5651=VERTEX_POINT('',#18212);
#5652=VERTEX_POINT('',#18214);
#5653=VERTEX_POINT('',#18216);
#5654=VERTEX_POINT('',#18218);
#5655=VERTEX_POINT('',#18220);
#5656=VERTEX_POINT('',#18222);
#5657=VERTEX_POINT('',#18226);
#5658=VERTEX_POINT('',#18227);
#5659=VERTEX_POINT('',#18232);
#5660=VERTEX_POINT('',#18236);
#5661=VERTEX_POINT('',#18240);
#5662=VERTEX_POINT('',#18244);
#5663=VERTEX_POINT('',#18248);
#5664=VERTEX_POINT('',#18252);
#5665=VERTEX_POINT('',#18256);
#5666=VERTEX_POINT('',#18260);
#5667=VERTEX_POINT('',#18264);
#5668=VERTEX_POINT('',#18268);
#5669=VERTEX_POINT('',#18272);
#5670=VERTEX_POINT('',#18276);
#5671=VERTEX_POINT('',#18280);
#5672=VERTEX_POINT('',#18284);
#5673=VERTEX_POINT('',#18288);
#5674=VERTEX_POINT('',#18289);
#5675=VERTEX_POINT('',#18291);
#5676=VERTEX_POINT('',#18293);
#5677=VERTEX_POINT('',#18297);
#5678=VERTEX_POINT('',#18299);
#5679=VERTEX_POINT('',#18303);
#5680=VERTEX_POINT('',#18305);
#5681=VERTEX_POINT('',#18309);
#5682=VERTEX_POINT('',#18311);
#5683=VERTEX_POINT('',#18315);
#5684=VERTEX_POINT('',#18317);
#5685=VERTEX_POINT('',#18321);
#5686=VERTEX_POINT('',#18323);
#5687=VERTEX_POINT('',#18327);
#5688=VERTEX_POINT('',#18329);
#5689=VERTEX_POINT('',#18339);
#5690=VERTEX_POINT('',#18340);
#5691=VERTEX_POINT('',#18342);
#5692=VERTEX_POINT('',#18344);
#5693=VERTEX_POINT('',#18346);
#5694=VERTEX_POINT('',#18348);
#5695=VERTEX_POINT('',#18350);
#5696=VERTEX_POINT('',#18352);
#5697=VERTEX_POINT('',#18354);
#5698=VERTEX_POINT('',#18356);
#5699=VERTEX_POINT('',#18358);
#5700=VERTEX_POINT('',#18360);
#5701=VERTEX_POINT('',#18362);
#5702=VERTEX_POINT('',#18364);
#5703=VERTEX_POINT('',#18366);
#5704=VERTEX_POINT('',#18368);
#5705=VERTEX_POINT('',#18370);
#5706=VERTEX_POINT('',#18372);
#5707=VERTEX_POINT('',#18374);
#5708=VERTEX_POINT('',#18376);
#5709=VERTEX_POINT('',#18378);
#5710=VERTEX_POINT('',#18380);
#5711=VERTEX_POINT('',#18382);
#5712=VERTEX_POINT('',#18384);
#5713=VERTEX_POINT('',#18386);
#5714=VERTEX_POINT('',#18388);
#5715=VERTEX_POINT('',#18390);
#5716=VERTEX_POINT('',#18392);
#5717=VERTEX_POINT('',#18394);
#5718=VERTEX_POINT('',#18396);
#5719=VERTEX_POINT('',#18398);
#5720=VERTEX_POINT('',#18400);
#5721=VERTEX_POINT('',#18402);
#5722=VERTEX_POINT('',#18404);
#5723=VERTEX_POINT('',#18406);
#5724=VERTEX_POINT('',#18408);
#5725=VERTEX_POINT('',#18410);
#5726=VERTEX_POINT('',#18412);
#5727=VERTEX_POINT('',#18414);
#5728=VERTEX_POINT('',#18416);
#5729=VERTEX_POINT('',#18418);
#5730=VERTEX_POINT('',#18420);
#5731=VERTEX_POINT('',#18422);
#5732=VERTEX_POINT('',#18424);
#5733=VERTEX_POINT('',#18426);
#5734=VERTEX_POINT('',#18428);
#5735=VERTEX_POINT('',#18430);
#5736=VERTEX_POINT('',#18432);
#5737=VERTEX_POINT('',#18434);
#5738=VERTEX_POINT('',#18436);
#5739=VERTEX_POINT('',#18438);
#5740=VERTEX_POINT('',#18440);
#5741=VERTEX_POINT('',#18442);
#5742=VERTEX_POINT('',#18444);
#5743=VERTEX_POINT('',#18446);
#5744=VERTEX_POINT('',#18448);
#5745=VERTEX_POINT('',#18450);
#5746=VERTEX_POINT('',#18452);
#5747=VERTEX_POINT('',#18454);
#5748=VERTEX_POINT('',#18456);
#5749=VERTEX_POINT('',#18460);
#5750=VERTEX_POINT('',#18461);
#5751=VERTEX_POINT('',#18466);
#5752=VERTEX_POINT('',#18470);
#5753=VERTEX_POINT('',#18474);
#5754=VERTEX_POINT('',#18478);
#5755=VERTEX_POINT('',#18482);
#5756=VERTEX_POINT('',#18486);
#5757=VERTEX_POINT('',#18490);
#5758=VERTEX_POINT('',#18494);
#5759=VERTEX_POINT('',#18498);
#5760=VERTEX_POINT('',#18502);
#5761=VERTEX_POINT('',#18506);
#5762=VERTEX_POINT('',#18510);
#5763=VERTEX_POINT('',#18514);
#5764=VERTEX_POINT('',#18518);
#5765=VERTEX_POINT('',#18522);
#5766=VERTEX_POINT('',#18526);
#5767=VERTEX_POINT('',#18530);
#5768=VERTEX_POINT('',#18534);
#5769=VERTEX_POINT('',#18538);
#5770=VERTEX_POINT('',#18542);
#5771=VERTEX_POINT('',#18546);
#5772=VERTEX_POINT('',#18550);
#5773=VERTEX_POINT('',#18554);
#5774=VERTEX_POINT('',#18558);
#5775=VERTEX_POINT('',#18562);
#5776=VERTEX_POINT('',#18566);
#5777=VERTEX_POINT('',#18570);
#5778=VERTEX_POINT('',#18574);
#5779=VERTEX_POINT('',#18578);
#5780=VERTEX_POINT('',#18582);
#5781=VERTEX_POINT('',#18586);
#5782=VERTEX_POINT('',#18590);
#5783=VERTEX_POINT('',#18594);
#5784=VERTEX_POINT('',#18598);
#5785=VERTEX_POINT('',#18602);
#5786=VERTEX_POINT('',#18606);
#5787=VERTEX_POINT('',#18610);
#5788=VERTEX_POINT('',#18614);
#5789=VERTEX_POINT('',#18618);
#5790=VERTEX_POINT('',#18622);
#5791=VERTEX_POINT('',#18626);
#5792=VERTEX_POINT('',#18630);
#5793=VERTEX_POINT('',#18634);
#5794=VERTEX_POINT('',#18638);
#5795=VERTEX_POINT('',#18642);
#5796=VERTEX_POINT('',#18646);
#5797=VERTEX_POINT('',#18650);
#5798=VERTEX_POINT('',#18654);
#5799=VERTEX_POINT('',#18658);
#5800=VERTEX_POINT('',#18662);
#5801=VERTEX_POINT('',#18666);
#5802=VERTEX_POINT('',#18670);
#5803=VERTEX_POINT('',#18674);
#5804=VERTEX_POINT('',#18678);
#5805=VERTEX_POINT('',#18682);
#5806=VERTEX_POINT('',#18686);
#5807=VERTEX_POINT('',#18690);
#5808=VERTEX_POINT('',#18694);
#5809=VERTEX_POINT('',#18698);
#5810=VERTEX_POINT('',#18700);
#5811=VERTEX_POINT('',#18703);
#5812=VERTEX_POINT('',#18705);
#5813=VERTEX_POINT('',#18708);
#5814=VERTEX_POINT('',#18710);
#5815=VERTEX_POINT('',#18713);
#5816=VERTEX_POINT('',#18715);
#5817=VERTEX_POINT('',#18718);
#5818=VERTEX_POINT('',#18720);
#5819=VERTEX_POINT('',#18723);
#5820=VERTEX_POINT('',#18725);
#5821=VERTEX_POINT('',#18728);
#5822=VERTEX_POINT('',#18730);
#5823=VERTEX_POINT('',#18733);
#5824=VERTEX_POINT('',#18735);
#5825=VERTEX_POINT('',#18738);
#5826=VERTEX_POINT('',#18740);
#5827=VERTEX_POINT('',#18743);
#5828=VERTEX_POINT('',#18745);
#5829=VERTEX_POINT('',#18748);
#5830=VERTEX_POINT('',#18750);
#5831=VERTEX_POINT('',#18753);
#5832=VERTEX_POINT('',#18755);
#5833=VERTEX_POINT('',#18758);
#5834=VERTEX_POINT('',#18760);
#5835=VERTEX_POINT('',#18763);
#5836=VERTEX_POINT('',#18765);
#5837=VERTEX_POINT('',#18771);
#5838=VERTEX_POINT('',#18774);
#5839=VERTEX_POINT('',#18777);
#5840=VERTEX_POINT('',#18780);
#5841=VERTEX_POINT('',#18783);
#5842=VERTEX_POINT('',#18786);
#5843=VERTEX_POINT('',#18789);
#5844=VERTEX_POINT('',#18792);
#5845=VERTEX_POINT('',#18795);
#5846=VERTEX_POINT('',#18798);
#5847=VERTEX_POINT('',#18801);
#5848=VERTEX_POINT('',#18804);
#5849=VERTEX_POINT('',#18807);
#5850=VERTEX_POINT('',#18810);
#5851=VERTEX_POINT('',#18813);
#5852=VERTEX_POINT('',#18817);
#5853=VERTEX_POINT('',#18821);
#5854=VERTEX_POINT('',#18825);
#5855=VERTEX_POINT('',#18829);
#5856=VERTEX_POINT('',#18833);
#5857=VERTEX_POINT('',#18837);
#5858=VERTEX_POINT('',#18841);
#5859=VERTEX_POINT('',#18845);
#5860=VERTEX_POINT('',#18849);
#5861=VERTEX_POINT('',#18853);
#5862=VERTEX_POINT('',#18857);
#5863=VERTEX_POINT('',#18861);
#5864=VERTEX_POINT('',#18865);
#5865=VERTEX_POINT('',#18869);
#5866=VERTEX_POINT('',#18873);
#5867=VERTEX_POINT('',#18879);
#5868=VERTEX_POINT('',#18885);
#5869=VERTEX_POINT('',#18889);
#5870=VERTEX_POINT('',#18892);
#5871=VERTEX_POINT('',#18895);
#5872=VERTEX_POINT('',#18898);
#5873=VERTEX_POINT('',#18901);
#5874=VERTEX_POINT('',#18904);
#5875=VERTEX_POINT('',#18907);
#5876=VERTEX_POINT('',#18910);
#5877=VERTEX_POINT('',#18916);
#5878=VERTEX_POINT('',#18919);
#5879=VERTEX_POINT('',#18922);
#5880=VERTEX_POINT('',#18925);
#5881=VERTEX_POINT('',#18928);
#5882=VERTEX_POINT('',#18931);
#5883=VERTEX_POINT('',#18934);
#5884=VERTEX_POINT('',#18937);
#5885=VERTEX_POINT('',#18943);
#5886=VERTEX_POINT('',#18946);
#5887=VERTEX_POINT('',#18949);
#5888=VERTEX_POINT('',#18951);
#5889=VERTEX_POINT('',#18955);
#5890=VERTEX_POINT('',#18958);
#5891=VERTEX_POINT('',#18961);
#5892=VERTEX_POINT('',#18963);
#5893=VERTEX_POINT('',#18967);
#5894=VERTEX_POINT('',#18970);
#5895=VERTEX_POINT('',#18974);
#5896=VERTEX_POINT('',#18977);
#5897=VERTEX_POINT('',#18981);
#5898=VERTEX_POINT('',#18984);
#5899=VERTEX_POINT('',#18988);
#5900=VERTEX_POINT('',#18991);
#5901=VERTEX_POINT('',#18995);
#5902=VERTEX_POINT('',#18998);
#5903=VERTEX_POINT('',#19002);
#5904=VERTEX_POINT('',#19005);
#5905=VERTEX_POINT('',#19008);
#5906=VERTEX_POINT('',#19011);
#5907=VERTEX_POINT('',#19015);
#5908=VERTEX_POINT('',#19020);
#5909=VERTEX_POINT('',#19023);
#5910=VERTEX_POINT('',#19029);
#5911=VERTEX_POINT('',#19034);
#5912=VERTEX_POINT('',#19037);
#5913=VERTEX_POINT('',#19043);
#5914=VERTEX_POINT('',#19046);
#5915=VERTEX_POINT('',#19049);
#5916=VERTEX_POINT('',#19051);
#5917=VERTEX_POINT('',#19054);
#5918=VERTEX_POINT('',#19057);
#5919=VERTEX_POINT('',#19060);
#5920=VERTEX_POINT('',#19063);
#5921=VERTEX_POINT('',#19067);
#5922=VERTEX_POINT('',#19069);
#5923=VERTEX_POINT('',#19073);
#5924=VERTEX_POINT('',#19077);
#5925=VERTEX_POINT('',#19081);
#5926=VERTEX_POINT('',#19085);
#5927=VERTEX_POINT('',#19089);
#5928=VERTEX_POINT('',#19090);
#5929=VERTEX_POINT('',#19092);
#5930=VERTEX_POINT('',#19094);
#5931=VERTEX_POINT('',#19098);
#5932=VERTEX_POINT('',#19099);
#5933=VERTEX_POINT('',#19113);
#5934=VERTEX_POINT('',#19118);
#5935=VERTEX_POINT('',#19121);
#5936=VERTEX_POINT('',#19124);
#5937=VERTEX_POINT('',#19126);
#5938=VERTEX_POINT('',#19131);
#5939=VERTEX_POINT('',#19136);
#5940=VERTEX_POINT('',#19137);
#5941=VERTEX_POINT('',#19140);
#5942=VERTEX_POINT('',#19143);
#5943=VERTEX_POINT('',#19148);
#5944=VERTEX_POINT('',#19150);
#5945=VERTEX_POINT('',#19153);
#5946=VERTEX_POINT('',#19156);
#5947=VERTEX_POINT('',#19159);
#5948=VERTEX_POINT('',#19162);
#5949=VERTEX_POINT('',#19164);
#5950=VERTEX_POINT('',#19166);
#5951=VERTEX_POINT('',#19168);
#5952=VERTEX_POINT('',#19170);
#5953=VERTEX_POINT('',#19173);
#5954=VERTEX_POINT('',#19176);
#5955=VERTEX_POINT('',#19179);
#5956=VERTEX_POINT('',#19182);
#5957=VERTEX_POINT('',#19186);
#5958=VERTEX_POINT('',#19190);
#5959=VERTEX_POINT('',#19194);
#5960=VERTEX_POINT('',#19198);
#5961=VERTEX_POINT('',#19203);
#5962=VERTEX_POINT('',#19205);
#5963=VERTEX_POINT('',#19206);
#5964=VERTEX_POINT('',#19208);
#5965=VERTEX_POINT('',#19210);
#5966=VERTEX_POINT('',#19212);
#5967=VERTEX_POINT('',#19214);
#5968=VERTEX_POINT('',#19216);
#5969=VERTEX_POINT('',#19218);
#5970=VERTEX_POINT('',#19220);
#5971=VERTEX_POINT('',#19222);
#5972=VERTEX_POINT('',#19224);
#5973=VERTEX_POINT('',#19226);
#5974=VERTEX_POINT('',#19230);
#5975=VERTEX_POINT('',#19232);
#5976=VERTEX_POINT('',#19234);
#5977=VERTEX_POINT('',#19236);
#5978=VERTEX_POINT('',#19239);
#5979=VERTEX_POINT('',#19241);
#5980=VERTEX_POINT('',#19244);
#5981=VERTEX_POINT('',#19246);
#5982=VERTEX_POINT('',#19249);
#5983=VERTEX_POINT('',#19251);
#5984=VERTEX_POINT('',#19254);
#5985=VERTEX_POINT('',#19256);
#5986=VERTEX_POINT('',#19259);
#5987=VERTEX_POINT('',#19263);
#5988=VERTEX_POINT('',#19265);
#5989=VERTEX_POINT('',#19268);
#5990=VERTEX_POINT('',#19269);
#5991=VERTEX_POINT('',#19272);
#5992=VERTEX_POINT('',#19275);
#5993=VERTEX_POINT('',#19276);
#5994=VERTEX_POINT('',#19286);
#5995=VERTEX_POINT('',#19288);
#5996=VERTEX_POINT('',#19299);
#5997=VERTEX_POINT('',#19301);
#5998=VERTEX_POINT('',#19302);
#5999=VERTEX_POINT('',#19313);
#6000=VERTEX_POINT('',#19314);
#6001=VERTEX_POINT('',#19316);
#6002=VERTEX_POINT('',#19326);
#6003=VERTEX_POINT('',#19330);
#6004=VERTEX_POINT('',#19331);
#6005=VERTEX_POINT('',#19333);
#6006=VERTEX_POINT('',#19335);
#6007=VERTEX_POINT('',#19339);
#6008=VERTEX_POINT('',#19341);
#6009=VERTEX_POINT('',#19342);
#6010=VERTEX_POINT('',#19344);
#6011=VERTEX_POINT('',#19346);
#6012=VERTEX_POINT('',#19348);
#6013=VERTEX_POINT('',#19350);
#6014=VERTEX_POINT('',#19352);
#6015=VERTEX_POINT('',#19354);
#6016=VERTEX_POINT('',#19356);
#6017=VERTEX_POINT('',#19358);
#6018=VERTEX_POINT('',#19360);
#6019=VERTEX_POINT('',#19362);
#6020=VERTEX_POINT('',#19369);
#6021=VERTEX_POINT('',#19371);
#6022=VERTEX_POINT('',#19381);
#6023=VERTEX_POINT('',#19386);
#6024=VERTEX_POINT('',#19393);
#6025=VERTEX_POINT('',#19398);
#6026=VERTEX_POINT('',#19405);
#6027=VERTEX_POINT('',#19410);
#6028=VERTEX_POINT('',#19417);
#6029=VERTEX_POINT('',#19422);
#6030=VERTEX_POINT('',#19429);
#6031=VERTEX_POINT('',#19434);
#6032=VERTEX_POINT('',#19438);
#6033=VERTEX_POINT('',#19440);
#6034=VERTEX_POINT('',#19444);
#6035=VERTEX_POINT('',#19446);
#6036=VERTEX_POINT('',#19450);
#6037=VERTEX_POINT('',#19452);
#6038=VERTEX_POINT('',#19456);
#6039=VERTEX_POINT('',#19458);
#6040=VERTEX_POINT('',#19462);
#6041=VERTEX_POINT('',#19464);
#6042=VERTEX_POINT('',#19468);
#6043=VERTEX_POINT('',#19470);
#6044=VERTEX_POINT('',#19474);
#6045=VERTEX_POINT('',#19475);
#6046=VERTEX_POINT('',#19478);
#6047=VERTEX_POINT('',#19481);
#6048=VERTEX_POINT('',#19482);
#6049=VERTEX_POINT('',#19490);
#6050=VERTEX_POINT('',#19496);
#6051=VERTEX_POINT('',#19499);
#6052=VERTEX_POINT('',#19502);
#6053=VERTEX_POINT('',#19505);
#6054=VERTEX_POINT('',#19508);
#6055=VERTEX_POINT('',#19511);
#6056=VERTEX_POINT('',#19515);
#6057=VERTEX_POINT('',#19519);
#6058=VERTEX_POINT('',#19529);
#6059=VERTEX_POINT('',#19532);
#6060=VERTEX_POINT('',#19535);
#6061=VERTEX_POINT('',#19538);
#6062=VERTEX_POINT('',#19541);
#6063=VERTEX_POINT('',#19542);
#6064=VERTEX_POINT('',#19547);
#6065=VERTEX_POINT('',#19548);
#6066=VERTEX_POINT('',#19553);
#6067=VERTEX_POINT('',#19566);
#6068=VERTEX_POINT('',#19569);
#6069=VERTEX_POINT('',#19572);
#6070=VERTEX_POINT('',#19575);
#6071=VERTEX_POINT('',#19577);
#6072=VERTEX_POINT('',#19579);
#6073=VERTEX_POINT('',#19601);
#6074=VERTEX_POINT('',#19604);
#6075=VERTEX_POINT('',#19607);
#6076=VERTEX_POINT('',#19610);
#6077=VERTEX_POINT('',#19613);
#6078=VERTEX_POINT('',#19616);
#6079=VERTEX_POINT('',#19619);
#6080=VERTEX_POINT('',#19622);
#6081=VERTEX_POINT('',#19626);
#6082=VERTEX_POINT('',#19627);
#6083=VERTEX_POINT('',#19629);
#6084=VERTEX_POINT('',#19631);
#6085=VERTEX_POINT('',#19635);
#6086=VERTEX_POINT('',#19637);
#6087=VERTEX_POINT('',#19641);
#6088=VERTEX_POINT('',#19643);
#6089=VERTEX_POINT('',#19650);
#6090=VERTEX_POINT('',#19655);
#6091=VERTEX_POINT('',#19658);
#6092=VERTEX_POINT('',#19661);
#6093=VERTEX_POINT('',#19664);
#6094=VERTEX_POINT('',#19667);
#6095=VERTEX_POINT('',#19670);
#6096=VERTEX_POINT('',#19673);
#6097=VERTEX_POINT('',#19676);
#6098=VERTEX_POINT('',#19679);
#6099=VERTEX_POINT('',#19682);
#6100=VERTEX_POINT('',#19685);
#6101=VERTEX_POINT('',#19688);
#6102=VERTEX_POINT('',#19691);
#6103=VERTEX_POINT('',#19694);
#6104=VERTEX_POINT('',#19697);
#6105=VERTEX_POINT('',#19700);
#6106=VERTEX_POINT('',#19702);
#6107=VERTEX_POINT('',#19704);
#6108=VERTEX_POINT('',#19706);
#6109=VERTEX_POINT('',#19727);
#6110=VERTEX_POINT('',#19730);
#6111=VERTEX_POINT('',#19733);
#6112=VERTEX_POINT('',#19736);
#6113=VERTEX_POINT('',#19739);
#6114=VERTEX_POINT('',#19742);
#6115=VERTEX_POINT('',#19745);
#6116=VERTEX_POINT('',#19748);
#6117=VERTEX_POINT('',#19751);
#6118=VERTEX_POINT('',#19754);
#6119=VERTEX_POINT('',#19757);
#6120=VERTEX_POINT('',#19760);
#6121=VERTEX_POINT('',#19763);
#6122=VERTEX_POINT('',#19766);
#6123=VERTEX_POINT('',#19777);
#6124=VERTEX_POINT('',#19780);
#6125=VERTEX_POINT('',#19783);
#6126=VERTEX_POINT('',#19786);
#6127=VERTEX_POINT('',#19789);
#6128=VERTEX_POINT('',#19796);
#6129=VERTEX_POINT('',#19797);
#6130=VERTEX_POINT('',#19803);
#6131=VERTEX_POINT('',#19809);
#6132=VERTEX_POINT('',#19815);
#6133=VERTEX_POINT('',#19821);
#6134=VERTEX_POINT('',#19829);
#6135=VERTEX_POINT('',#19831);
#6136=VERTEX_POINT('',#19833);
#6137=VERTEX_POINT('',#19837);
#6138=VERTEX_POINT('',#19839);
#6139=VERTEX_POINT('',#19843);
#6140=VERTEX_POINT('',#19845);
#6141=VERTEX_POINT('',#19849);
#6142=VERTEX_POINT('',#19851);
#6143=VERTEX_POINT('',#19855);
#6144=VERTEX_POINT('',#19857);
#6145=VERTEX_POINT('',#19861);
#6146=VERTEX_POINT('',#19876);
#6147=VERTEX_POINT('',#19884);
#6148=VERTEX_POINT('',#19885);
#6149=VERTEX_POINT('',#19892);
#6150=VERTEX_POINT('',#19899);
#6151=VERTEX_POINT('',#19906);
#6152=VERTEX_POINT('',#19913);
#6153=VERTEX_POINT('',#19923);
#6154=VERTEX_POINT('',#19926);
#6155=VERTEX_POINT('',#19929);
#6156=VERTEX_POINT('',#19932);
#6157=VERTEX_POINT('',#19936);
#6158=VERTEX_POINT('',#19938);
#6159=VERTEX_POINT('',#19942);
#6160=VERTEX_POINT('',#19946);
#6161=VERTEX_POINT('',#19950);
#6162=VERTEX_POINT('',#19954);
#6163=VERTEX_POINT('',#19962);
#6164=VERTEX_POINT('',#19963);
#6165=VERTEX_POINT('',#19965);
#6166=VERTEX_POINT('',#19967);
#6167=VERTEX_POINT('',#19969);
#6168=VERTEX_POINT('',#19971);
#6169=VERTEX_POINT('',#19974);
#6170=VERTEX_POINT('',#19977);
#6171=VERTEX_POINT('',#19980);
#6172=VERTEX_POINT('',#19983);
#6173=VERTEX_POINT('',#19986);
#6174=VERTEX_POINT('',#19989);
#6175=VERTEX_POINT('',#19992);
#6176=VERTEX_POINT('',#19995);
#6177=VERTEX_POINT('',#19998);
#6178=VERTEX_POINT('',#20002);
#6179=VERTEX_POINT('',#20003);
#6180=VERTEX_POINT('',#20005);
#6181=VERTEX_POINT('',#20007);
#6182=VERTEX_POINT('',#20009);
#6183=VERTEX_POINT('',#20011);
#6184=VERTEX_POINT('',#20014);
#6185=VERTEX_POINT('',#20028);
#6186=VERTEX_POINT('',#20032);
#6187=VERTEX_POINT('',#20034);
#6188=VERTEX_POINT('',#20037);
#6189=VERTEX_POINT('',#20040);
#6190=VERTEX_POINT('',#20044);
#6191=VERTEX_POINT('',#20047);
#6192=VERTEX_POINT('',#20058);
#6193=VERTEX_POINT('',#20059);
#6194=VERTEX_POINT('',#20066);
#6195=VERTEX_POINT('',#20073);
#6196=VERTEX_POINT('',#20080);
#6197=VERTEX_POINT('',#20087);
#6198=VERTEX_POINT('',#20097);
#6199=VERTEX_POINT('',#20100);
#6200=VERTEX_POINT('',#20103);
#6201=VERTEX_POINT('',#20106);
#6202=VERTEX_POINT('',#20110);
#6203=VERTEX_POINT('',#20112);
#6204=VERTEX_POINT('',#20116);
#6205=VERTEX_POINT('',#20120);
#6206=VERTEX_POINT('',#20124);
#6207=VERTEX_POINT('',#20128);
#6208=VERTEX_POINT('',#20136);
#6209=VERTEX_POINT('',#20137);
#6210=VERTEX_POINT('',#20139);
#6211=VERTEX_POINT('',#20141);
#6212=VERTEX_POINT('',#20143);
#6213=VERTEX_POINT('',#20145);
#6214=VERTEX_POINT('',#20147);
#6215=VERTEX_POINT('',#20149);
#6216=VERTEX_POINT('',#20151);
#6217=VERTEX_POINT('',#20153);
#6218=VERTEX_POINT('',#20155);
#6219=VERTEX_POINT('',#20157);
#6220=VERTEX_POINT('',#20161);
#6221=VERTEX_POINT('',#20162);
#6222=VERTEX_POINT('',#20164);
#6223=VERTEX_POINT('',#20166);
#6224=VERTEX_POINT('',#20168);
#6225=VERTEX_POINT('',#20170);
#6226=VERTEX_POINT('',#20172);
#6227=VERTEX_POINT('',#20174);
#6228=VERTEX_POINT('',#20178);
#6229=VERTEX_POINT('',#20180);
#6230=VERTEX_POINT('',#20182);
#6231=VERTEX_POINT('',#20185);
#6232=VERTEX_POINT('',#20189);
#6233=VERTEX_POINT('',#20191);
#6234=VERTEX_POINT('',#20195);
#6235=VERTEX_POINT('',#20197);
#6236=VERTEX_POINT('',#20201);
#6237=VERTEX_POINT('',#20203);
#6238=VERTEX_POINT('',#20206);
#6239=VERTEX_POINT('',#20208);
#6240=VERTEX_POINT('',#20212);
#6241=VERTEX_POINT('',#20214);
#6242=VERTEX_POINT('',#20216);
#6243=VERTEX_POINT('',#20219);
#6244=VERTEX_POINT('',#20225);
#6245=VERTEX_POINT('',#20232);
#6246=VERTEX_POINT('',#20234);
#6247=VERTEX_POINT('',#20237);
#6248=VERTEX_POINT('',#20240);
#6249=VERTEX_POINT('',#20243);
#6250=VERTEX_POINT('',#20249);
#6251=VERTEX_POINT('',#20251);
#6252=VERTEX_POINT('',#20272);
#6253=VERTEX_POINT('',#20273);
#6254=VERTEX_POINT('',#20279);
#6255=VERTEX_POINT('',#20285);
#6256=VERTEX_POINT('',#20291);
#6257=VERTEX_POINT('',#20297);
#6258=VERTEX_POINT('',#20304);
#6259=VERTEX_POINT('',#20307);
#6260=VERTEX_POINT('',#20311);
#6261=VERTEX_POINT('',#20314);
#6262=VERTEX_POINT('',#20318);
#6263=VERTEX_POINT('',#20320);
#6264=VERTEX_POINT('',#20324);
#6265=VERTEX_POINT('',#20328);
#6266=VERTEX_POINT('',#20332);
#6267=VERTEX_POINT('',#20336);
#6268=VERTEX_POINT('',#20346);
#6269=VERTEX_POINT('',#20348);
#6270=VERTEX_POINT('',#20350);
#6271=VERTEX_POINT('',#20353);
#6272=VERTEX_POINT('',#20356);
#6273=VERTEX_POINT('',#20359);
#6274=VERTEX_POINT('',#20362);
#6275=VERTEX_POINT('',#20365);
#6276=VERTEX_POINT('',#20368);
#6277=VERTEX_POINT('',#20370);
#6278=VERTEX_POINT('',#20372);
#6279=VERTEX_POINT('',#20374);
#6280=VERTEX_POINT('',#20376);
#6281=VERTEX_POINT('',#20378);
#6282=VERTEX_POINT('',#20381);
#6283=VERTEX_POINT('',#20384);
#6284=VERTEX_POINT('',#20387);
#6285=VERTEX_POINT('',#20390);
#6286=VERTEX_POINT('',#20393);
#6287=VERTEX_POINT('',#20396);
#6288=VERTEX_POINT('',#20399);
#6289=VERTEX_POINT('',#20401);
#6290=VERTEX_POINT('',#20403);
#6291=VERTEX_POINT('',#20405);
#6292=VERTEX_POINT('',#20407);
#6293=VERTEX_POINT('',#20409);
#6294=VERTEX_POINT('',#20412);
#6295=VERTEX_POINT('',#20416);
#6296=VERTEX_POINT('',#20420);
#6297=VERTEX_POINT('',#20424);
#6298=VERTEX_POINT('',#20428);
#6299=VERTEX_POINT('',#20432);
#6300=VERTEX_POINT('',#20436);
#6301=VERTEX_POINT('',#20437);
#6302=VERTEX_POINT('',#20441);
#6303=VERTEX_POINT('',#20442);
#6304=CIRCLE('',#12836,37.5);
#6305=CIRCLE('',#12837,37.5);
#6306=CIRCLE('',#12838,37.5);
#6307=CIRCLE('',#12839,37.5);
#6308=CIRCLE('',#12840,37.5);
#6309=CIRCLE('',#12843,37.5);
#6310=CIRCLE('',#12844,37.5);
#6311=CIRCLE('',#12846,2.067);
#6312=CIRCLE('',#12847,2.067);
#6313=CIRCLE('',#12849,3.);
#6314=CIRCLE('',#12851,3.);
#6315=CIRCLE('',#12852,3.);
#6316=CIRCLE('',#12855,2.067);
#6317=CIRCLE('',#12856,2.067);
#6318=CIRCLE('',#12858,3.);
#6319=CIRCLE('',#12860,3.);
#6320=CIRCLE('',#12861,3.);
#6321=CIRCLE('',#12864,5.5);
#6322=CIRCLE('',#12865,5.5);
#6323=CIRCLE('',#12867,5.5);
#6324=CIRCLE('',#12868,5.50000000000001);
#6325=CIRCLE('',#12870,3.3235);
#6326=CIRCLE('',#12871,3.3235);
#6327=CIRCLE('',#12873,3.3235);
#6328=CIRCLE('',#12874,3.3235);
#6329=CIRCLE('',#12876,4.43301270189222);
#6330=CIRCLE('',#12877,4.43301270189221);
#6331=CIRCLE('',#12878,5.43301270189222);
#6332=CIRCLE('',#12879,5.43301270189222);
#6333=CIRCLE('',#12880,3.25);
#6334=CIRCLE('',#12881,7.70000000000003);
#6335=CIRCLE('',#12882,3.25);
#6336=CIRCLE('',#12883,3.24999999999999);
#6337=CIRCLE('',#12884,7.70000000000006);
#6338=CIRCLE('',#12885,3.25);
#6339=CIRCLE('',#12886,3.25);
#6340=CIRCLE('',#12887,7.70000000000003);
#6341=CIRCLE('',#12888,3.25000000000001);
#6342=CIRCLE('',#12889,3.25);
#6343=CIRCLE('',#12890,7.69999999999998);
#6344=CIRCLE('',#12891,3.24999999999999);
#6345=CIRCLE('',#12892,4.50000000000004);
#6346=CIRCLE('',#12893,4.6);
#6347=CIRCLE('',#12894,33.8);
#6348=CIRCLE('',#12895,28.9732050807569);
#6349=CIRCLE('',#12896,3.);
#6350=CIRCLE('',#12897,5.7);
#6351=CIRCLE('',#12898,2.00000000000003);
#6352=CIRCLE('',#12899,29.0267949192431);
#6353=CIRCLE('',#12900,1.99999999999998);
#6354=CIRCLE('',#12901,5.7);
#6355=CIRCLE('',#12902,2.99999999999999);
#6356=CIRCLE('',#12903,29.0267949192431);
#6357=CIRCLE('',#12904,2.00000000000001);
#6358=CIRCLE('',#12905,5.7);
#6359=CIRCLE('',#12906,3.);
#6360=CIRCLE('',#12907,28.9732050807569);
#6361=CIRCLE('',#12908,2.99999999999999);
#6362=CIRCLE('',#12909,5.7);
#6363=CIRCLE('',#12910,2.00000000000004);
#6364=CIRCLE('',#12912,29.);
#6365=CIRCLE('',#12913,29.);
#6366=CIRCLE('',#12915,29.);
#6367=CIRCLE('',#12916,29.);
#6368=CIRCLE('',#12918,3.19999999999998);
#6369=CIRCLE('',#12919,2.99999999999999);
#6370=CIRCLE('',#12920,29.);
#6371=CIRCLE('',#12921,2.00000000000004);
#6372=CIRCLE('',#12922,5.7);
#6373=CIRCLE('',#12924,3.19999999999998);
#6374=CIRCLE('',#12925,5.7);
#6375=CIRCLE('',#12926,1.99999999999998);
#6376=CIRCLE('',#12927,2.99999999999999);
#6377=CIRCLE('',#12929,3.19999999999998);
#6378=CIRCLE('',#12930,3.);
#6379=CIRCLE('',#12931,29.);
#6380=CIRCLE('',#12932,2.00000000000003);
#6381=CIRCLE('',#12933,5.7);
#6382=CIRCLE('',#12935,2.);
#6383=CIRCLE('',#12936,2.);
#6384=CIRCLE('',#12938,2.);
#6385=CIRCLE('',#12939,2.);
#6386=CIRCLE('',#12941,2.);
#6387=CIRCLE('',#12943,30.5000000000002);
#6388=CIRCLE('',#12944,30.5);
#6389=CIRCLE('',#12946,2.00000000000002);
#6390=CIRCLE('',#12948,1.99999999999999);
#6391=CIRCLE('',#12949,1.99999999999999);
#6392=CIRCLE('',#12951,1.99999999999999);
#6393=CIRCLE('',#12952,1.99999999999999);
#6394=CIRCLE('',#12954,1.99999999999999);
#6395=CIRCLE('',#12956,30.5000000000002);
#6396=CIRCLE('',#12957,30.5);
#6397=CIRCLE('',#12959,2.);
#6398=CIRCLE('',#12961,0.5);
#6399=CIRCLE('',#12963,33.8);
#6400=CIRCLE('',#12964,0.5);
#6401=CIRCLE('',#12965,34.25);
#6402=CIRCLE('',#12968,0.5);
#6403=CIRCLE('',#12970,33.8);
#6404=CIRCLE('',#12971,34.25);
#6405=CIRCLE('',#12972,0.5);
#6406=CIRCLE('',#12975,11.4);
#6407=CIRCLE('',#12977,11.5);
#6408=CIRCLE('',#12979,11.6);
#6409=CIRCLE('',#12981,15.25);
#6410=CIRCLE('',#12983,15.75);
#6411=CIRCLE('',#12985,15.75);
#6412=CIRCLE('',#12987,3.5);
#6413=CIRCLE('',#12988,3.42350000000001);
#6414=CIRCLE('',#12989,3.42350000000001);
#6415=CIRCLE('',#12990,2.167);
#6416=CIRCLE('',#12991,2.167);
#6417=CIRCLE('',#12992,3.7);
#6418=CIRCLE('',#12993,3.7);
#6419=CIRCLE('',#12994,3.7);
#6420=CIRCLE('',#12995,3.7);
#6421=CIRCLE('',#12996,37.);
#6422=CIRCLE('',#12999,37.);
#6423=CIRCLE('',#13001,2.49999999999999);
#6424=CIRCLE('',#13002,34.75);
#6425=CIRCLE('',#13003,2.49999999999999);
#6426=CIRCLE('',#13004,1.50000000000002);
#6427=CIRCLE('',#13005,31.0000000000002);
#6428=CIRCLE('',#13006,1.5);
#6429=CIRCLE('',#13007,2.5);
#6430=CIRCLE('',#13008,34.75);
#6431=CIRCLE('',#13009,2.5);
#6432=CIRCLE('',#13010,1.5);
#6433=CIRCLE('',#13011,31.0000000000002);
#6434=CIRCLE('',#13012,1.49999999999999);
#6435=CIRCLE('',#13014,34.25);
#6436=CIRCLE('',#13016,34.25);
#6437=CIRCLE('',#13018,33.8);
#6438=CIRCLE('',#13019,33.4294095225513);
#6439=CIRCLE('',#13021,33.4294095225513);
#6440=CIRCLE('',#13022,33.8);
#6441=CIRCLE('',#13024,31.3135832737575);
#6442=CIRCLE('',#13026,31.3135832737575);
#6443=CIRCLE('',#13028,31.1929927963088);
#6444=CIRCLE('',#13030,30.625);
#6445=CIRCLE('',#13034,31.1929927963088);
#6446=CIRCLE('',#13036,30.625);
#6447=CIRCLE('',#13053,29.);
#6448=CIRCLE('',#13057,5.7);
#6449=CIRCLE('',#13059,2.00000000000001);
#6450=CIRCLE('',#13061,29.);
#6451=CIRCLE('',#13065,3.19999999999998);
#6452=CIRCLE('',#13066,3.);
#6453=CIRCLE('',#13076,29.);
#6454=CIRCLE('',#13079,29.);
#6455=CIRCLE('',#13082,4.5);
#6456=CIRCLE('',#13084,4.40000000000006);
#6457=CIRCLE('',#13086,4.5);
#6458=CIRCLE('',#13088,3.71309061427019);
#6459=CIRCLE('',#13090,2.90192378864668);
#6460=CIRCLE('',#13092,2.5);
#6461=CIRCLE('',#13094,2.5);
#6462=CIRCLE('',#13096,3.);
#6463=CIRCLE('',#13099,4.40000000000004);
#6464=CIRCLE('',#13101,3.72150957215177);
#6465=CIRCLE('',#13103,2.40192378864668);
#6466=CIRCLE('',#13105,2.);
#6467=CIRCLE('',#13107,2.);
#6468=CIRCLE('',#13109,2.5);
#6469=CIRCLE('',#13112,3.19999999999999);
#6470=CIRCLE('',#13115,3.19999999999999);
#6471=CIRCLE('',#13118,3.19999999999999);
#6472=CIRCLE('',#13121,3.19999999999999);
#6473=CIRCLE('',#13125,3.24999999999999);
#6474=CIRCLE('',#13127,7.69999999999998);
#6475=CIRCLE('',#13129,3.25);
#6476=CIRCLE('',#13132,3.25000000000001);
#6477=CIRCLE('',#13134,7.70000000000003);
#6478=CIRCLE('',#13136,3.25);
#6479=CIRCLE('',#13139,3.25);
#6480=CIRCLE('',#13141,7.70000000000006);
#6481=CIRCLE('',#13143,3.24999999999999);
#6482=CIRCLE('',#13146,3.25);
#6483=CIRCLE('',#13148,7.70000000000003);
#6484=CIRCLE('',#13150,3.25);
#6485=CIRCLE('',#13152,3.21750000000001);
#6486=CIRCLE('',#13153,7.62299999999997);
#6487=CIRCLE('',#13154,3.2175);
#6488=CIRCLE('',#13155,3.2175);
#6489=CIRCLE('',#13156,7.62299999999997);
#6490=CIRCLE('',#13157,3.21749999999999);
#6491=CIRCLE('',#13158,3.21750000000001);
#6492=CIRCLE('',#13159,7.62299999999994);
#6493=CIRCLE('',#13160,3.2175);
#6494=CIRCLE('',#13161,3.2175);
#6495=CIRCLE('',#13162,7.62300000000006);
#6496=CIRCLE('',#13163,3.2175);
#6497=CIRCLE('',#13166,3.2175);
#6498=CIRCLE('',#13168,7.62300000000006);
#6499=CIRCLE('',#13170,3.2175);
#6500=CIRCLE('',#13173,3.2175);
#6501=CIRCLE('',#13175,7.62299999999994);
#6502=CIRCLE('',#13177,3.21750000000001);
#6503=CIRCLE('',#13180,3.21749999999999);
#6504=CIRCLE('',#13182,7.62299999999997);
#6505=CIRCLE('',#13184,3.2175);
#6506=CIRCLE('',#13187,3.2175);
#6507=CIRCLE('',#13189,7.62299999999997);
#6508=CIRCLE('',#13191,1.);
#6509=CIRCLE('',#13192,1.);
#6510=CIRCLE('',#13195,0.999999999999999);
#6511=CIRCLE('',#13196,0.999999999999999);
#6512=CIRCLE('',#13199,1.);
#6513=CIRCLE('',#13200,1.);
#6514=CIRCLE('',#13203,1.);
#6515=CIRCLE('',#13204,1.);
#6516=CIRCLE('',#13207,3.21750000000001);
#6517=CIRCLE('',#13270,0.95);
#6518=CIRCLE('',#13271,0.95);
#6519=CIRCLE('',#13273,0.95);
#6520=CIRCLE('',#13274,0.95);
#6521=CIRCLE('',#13276,0.95);
#6522=CIRCLE('',#13277,0.95);
#6523=CIRCLE('',#13279,0.95);
#6524=CIRCLE('',#13280,0.95);
#6525=CIRCLE('',#13282,0.95);
#6526=CIRCLE('',#13283,0.95);
#6527=CIRCLE('',#13285,0.95);
#6528=CIRCLE('',#13286,0.95);
#6529=CIRCLE('',#13288,0.95);
#6530=CIRCLE('',#13289,0.95);
#6531=CIRCLE('',#13291,0.95);
#6532=CIRCLE('',#13292,0.95);
#6533=CIRCLE('',#13294,0.95);
#6534=CIRCLE('',#13295,0.95);
#6535=CIRCLE('',#13297,0.95);
#6536=CIRCLE('',#13298,0.95);
#6537=CIRCLE('',#13300,0.95);
#6538=CIRCLE('',#13301,0.95);
#6539=CIRCLE('',#13303,0.95);
#6540=CIRCLE('',#13304,0.95);
#6541=CIRCLE('',#13306,0.95);
#6542=CIRCLE('',#13307,0.95);
#6543=CIRCLE('',#13309,0.95);
#6544=CIRCLE('',#13310,0.95);
#6545=CIRCLE('',#13314,0.885);
#6546=CIRCLE('',#13316,0.885);
#6547=CIRCLE('',#13318,0.885);
#6548=CIRCLE('',#13320,0.885);
#6549=CIRCLE('',#13322,0.885);
#6550=CIRCLE('',#13324,0.885);
#6551=CIRCLE('',#13326,0.885);
#6552=CIRCLE('',#13328,0.885);
#6553=CIRCLE('',#13330,0.885);
#6554=CIRCLE('',#13332,0.885);
#6555=CIRCLE('',#13334,0.885);
#6556=CIRCLE('',#13336,0.885);
#6557=CIRCLE('',#13338,0.885);
#6558=CIRCLE('',#13340,0.885);
#6559=CIRCLE('',#13342,0.885);
#6560=CIRCLE('',#13345,0.885);
#6561=CIRCLE('',#13348,0.885);
#6562=CIRCLE('',#13351,0.885);
#6563=CIRCLE('',#13354,0.885);
#6564=CIRCLE('',#13357,0.885);
#6565=CIRCLE('',#13360,0.885);
#6566=CIRCLE('',#13363,0.885);
#6567=CIRCLE('',#13366,0.885);
#6568=CIRCLE('',#13369,0.885);
#6569=CIRCLE('',#13372,0.885);
#6570=CIRCLE('',#13375,0.885);
#6571=CIRCLE('',#13378,0.885);
#6572=CIRCLE('',#13381,0.885);
#6573=CIRCLE('',#13384,2.167);
#6574=CIRCLE('',#13387,2.167);
#6575=CIRCLE('',#13390,4.);
#6576=CIRCLE('',#13392,3.42350000000001);
#6577=CIRCLE('',#13395,4.);
#6578=CIRCLE('',#13397,3.42350000000001);
#6579=CIRCLE('',#13400,5.);
#6580=CIRCLE('',#13402,5.);
#6581=CIRCLE('',#13404,5.125);
#6582=CIRCLE('',#13406,5.5);
#6583=CIRCLE('',#13408,5.5);
#6584=CIRCLE('',#13410,5.125);
#6585=CIRCLE('',#13412,4.3);
#6586=CIRCLE('',#13414,4.);
#6587=CIRCLE('',#13416,4.);
#6588=CIRCLE('',#13419,5.);
#6589=CIRCLE('',#13421,5.);
#6590=CIRCLE('',#13423,5.125);
#6591=CIRCLE('',#13425,5.5);
#6592=CIRCLE('',#13427,5.5);
#6593=CIRCLE('',#13429,5.125);
#6594=CIRCLE('',#13431,4.3);
#6595=CIRCLE('',#13433,4.);
#6596=CIRCLE('',#13435,4.);
#6597=CIRCLE('',#13438,4.00000000000001);
#6598=CIRCLE('',#13440,4.00000000000001);
#6599=CIRCLE('',#13442,3.3);
#6600=CIRCLE('',#13443,3.75);
#6601=CIRCLE('',#13446,4.);
#6602=CIRCLE('',#13448,4.);
#6603=CIRCLE('',#13450,3.3);
#6604=CIRCLE('',#13451,3.75);
#6605=CIRCLE('',#13454,4.00000000000001);
#6606=CIRCLE('',#13456,4.00000000000001);
#6607=CIRCLE('',#13459,4.);
#6608=CIRCLE('',#13461,4.);
#6609=CIRCLE('',#13464,3.);
#6610=CIRCLE('',#13466,3.);
#6611=CIRCLE('',#13469,3.);
#6612=CIRCLE('',#13471,3.);
#6613=CIRCLE('',#13474,3.);
#6614=CIRCLE('',#13476,3.);
#6615=CIRCLE('',#13479,5.4585);
#6616=CIRCLE('',#13481,5.4585);
#6617=CIRCLE('',#13483,3.1);
#6618=CIRCLE('',#13485,3.1);
#6619=CIRCLE('',#13488,6.25);
#6620=CIRCLE('',#13490,2.9585);
#6621=CIRCLE('',#13492,3.5);
#6622=CIRCLE('',#13494,2.9585);
#6623=CIRCLE('',#13496,2.9585);
#6624=CIRCLE('',#13499,6.25);
#6625=CIRCLE('',#13501,2.9585);
#6626=CIRCLE('',#13503,3.5);
#6627=CIRCLE('',#13505,2.9585);
#6628=CIRCLE('',#13507,2.9585);
#6629=CIRCLE('',#13510,3.25);
#6630=CIRCLE('',#13512,1.2295);
#6631=CIRCLE('',#13514,1.2295);
#6632=CIRCLE('',#13517,3.50000000000001);
#6633=CIRCLE('',#13519,3.00000000000001);
#6634=CIRCLE('',#13521,2.72763633939716);
#6635=CIRCLE('',#13523,2.44051672472378);
#6636=CIRCLE('',#13527,0.299999999999998);
#6637=CIRCLE('',#13530,0.300000000000001);
#6638=CIRCLE('',#13533,37.5);
#6639=CIRCLE('',#13539,0.300000000000001);
#6640=CIRCLE('',#13544,1.721);
#6641=CIRCLE('',#13547,1.721);
#6642=CIRCLE('',#13549,1.621);
#6643=CIRCLE('',#13551,1.621);
#6644=CIRCLE('',#13555,1.721);
#6645=CIRCLE('',#13558,1.621);
#6646=CIRCLE('',#13560,1.621);
#6647=CIRCLE('',#13562,1.721);
#6648=CIRCLE('',#13566,4.5);
#6649=CIRCLE('',#13567,5.);
#6650=CIRCLE('',#13569,2.55000000000001);
#6651=CIRCLE('',#13571,2.54999999999999);
#6652=CIRCLE('',#13573,3.04999999999999);
#6653=CIRCLE('',#13575,0.8);
#6654=CIRCLE('',#13576,0.8);
#6655=CIRCLE('',#13577,0.8);
#6656=CIRCLE('',#13578,0.8);
#6657=CIRCLE('',#13579,5.35);
#6658=CIRCLE('',#13581,6.);
#6659=CIRCLE('',#13583,6.);
#6660=CIRCLE('',#13585,5.35);
#6661=CIRCLE('',#13587,5.);
#6662=CIRCLE('',#13590,0.8);
#6663=CIRCLE('',#13593,0.8);
#6664=CIRCLE('',#13596,0.8);
#6665=CIRCLE('',#13599,0.8);
#6666=CIRCLE('',#13603,2.94999999999998);
#6667=CIRCLE('',#13604,4.8);
#6668=CIRCLE('',#13605,4.8);
#6669=CIRCLE('',#13606,4.8);
#6670=CIRCLE('',#13607,4.8);
#6671=CIRCLE('',#13608,4.8);
#6672=CIRCLE('',#13609,4.8);
#6673=CIRCLE('',#13611,4.8);
#6674=CIRCLE('',#13612,4.8);
#6675=CIRCLE('',#13613,4.8);
#6676=CIRCLE('',#13614,4.8);
#6677=CIRCLE('',#13615,4.8);
#6678=CIRCLE('',#13616,4.8);
#6679=CIRCLE('',#13617,4.8);
#6680=CIRCLE('',#13619,3.25);
#6681=CIRCLE('',#13620,4.09992916666666);
#6682=CIRCLE('',#13622,2.25);
#6683=CIRCLE('',#13624,2.25);
#6684=CIRCLE('',#13626,4.75000000000003);
#6685=CIRCLE('',#13628,4.75000000000002);
#6686=CIRCLE('',#13630,4.);
#6687=CIRCLE('',#13631,4.);
#6688=CIRCLE('',#13633,2.90000000000001);
#6689=CIRCLE('',#13634,4.70000000000001);
#6690=CIRCLE('',#13635,4.70000000000001);
#6691=CIRCLE('',#13636,4.70000000000001);
#6692=CIRCLE('',#13637,4.70000000000001);
#6693=CIRCLE('',#13638,4.70000000000001);
#6694=CIRCLE('',#13639,4.70000000000001);
#6695=CIRCLE('',#13641,4.90000000000002);
#6696=CIRCLE('',#13643,4.90000000000002);
#6697=CIRCLE('',#13645,4.90000000000002);
#6698=CIRCLE('',#13647,4.90000000000002);
#6699=CIRCLE('',#13649,4.90000000000002);
#6700=CIRCLE('',#13651,4.90000000000002);
#6701=CIRCLE('',#13653,4.90000000000002);
#6702=CIRCLE('',#13655,4.90000000000002);
#6703=CIRCLE('',#13657,4.90000000000002);
#6704=CIRCLE('',#13659,4.90000000000002);
#6705=CIRCLE('',#13661,4.90000000000002);
#6706=CIRCLE('',#13663,4.90000000000002);
#6707=CIRCLE('',#13665,2.25);
#6708=CIRCLE('',#13667,2.25);
#6709=CIRCLE('',#13671,2.25);
#6710=CIRCLE('',#13674,2.25);
#6711=CIRCLE('',#13676,2.25);
#6712=CIRCLE('',#13681,3.35000000000002);
#6713=CIRCLE('',#13683,3.85000000000002);
#6714=CIRCLE('',#13685,3.35000000000002);
#6715=CIRCLE('',#13687,3.35000000000002);
#6716=CIRCLE('',#13689,3.36676853301958);
#6717=CIRCLE('',#13691,4.58231466980441);
#6718=CIRCLE('',#13694,4.75);
#6719=CIRCLE('',#13695,4.75);
#6720=CIRCLE('',#13697,2.90000000000001);
#6721=CIRCLE('',#13700,4.95000000000001);
#6722=CIRCLE('',#13702,5.);
#6723=CIRCLE('',#13704,5.);
#6724=CIRCLE('',#13706,4.70000000000001);
#6725=CIRCLE('',#13708,4.);
#6726=CIRCLE('',#13710,4.);
#6727=CIRCLE('',#13712,3.40000000000001);
#6728=CIRCLE('',#13714,3.40000000000001);
#6729=CIRCLE('',#13716,2.90000000000001);
#6730=CIRCLE('',#13718,2.90000000000001);
#6731=CIRCLE('',#13720,0.5);
#6732=CIRCLE('',#13721,0.5);
#6733=CIRCLE('',#13722,0.5);
#6734=CIRCLE('',#13739,3.24999999999999);
#6735=CIRCLE('',#13741,3.24999999999999);
#6736=CIRCLE('',#13743,3.24999999999999);
#6737=CIRCLE('',#13745,3.24999999999998);
#6738=CIRCLE('',#13747,3.24999999999998);
#6739=CIRCLE('',#13749,3.24999999999998);
#6740=CIRCLE('',#13751,3.24999999999998);
#6741=CIRCLE('',#13753,3.04999999999998);
#6742=CIRCLE('',#13759,4.50000000000001);
#6743=CIRCLE('',#13760,4.50000000000001);
#6744=CIRCLE('',#13762,2.94999999999998);
#6745=CIRCLE('',#13766,4.64931157974151);
#6746=CIRCLE('',#13768,4.4);
#6747=CIRCLE('',#13770,4.4);
#6748=CIRCLE('',#13772,4.);
#6749=CIRCLE('',#13774,4.);
#6750=CIRCLE('',#13776,3.70000000000001);
#6751=CIRCLE('',#13778,3.25);
#6752=CIRCLE('',#13780,3.25);
#6753=CIRCLE('',#13782,3.35000000000001);
#6754=CIRCLE('',#13784,3.45000000000001);
#6755=CIRCLE('',#13786,3.45000000000001);
#6756=CIRCLE('',#13788,3.27874098062067);
#6757=CIRCLE('',#13790,3.08120331250164);
#6758=CIRCLE('',#13792,2.9);
#6759=CIRCLE('',#13794,2.9);
#6760=CIRCLE('',#13796,0.5);
#6761=CIRCLE('',#13797,0.5);
#6762=CIRCLE('',#13798,0.5);
#6763=CIRCLE('',#13799,0.5);
#6764=CIRCLE('',#13813,0.5);
#6765=CIRCLE('',#13815,0.05);
#6766=CIRCLE('',#13817,0.5);
#6767=CIRCLE('',#13819,0.05);
#6768=CIRCLE('',#13821,0.5);
#6769=CIRCLE('',#13823,0.05);
#6770=CIRCLE('',#13825,0.5);
#6771=CIRCLE('',#13827,0.05);
#6772=CIRCLE('',#13829,0.5);
#6773=CIRCLE('',#13831,0.05);
#6774=CIRCLE('',#13833,0.5);
#6775=CIRCLE('',#13835,0.05);
#6776=CIRCLE('',#13837,0.5);
#6777=CIRCLE('',#13839,0.05);
#6778=CIRCLE('',#13849,2.79999999999999);
#6779=CIRCLE('',#13851,3.49999999999999);
#6780=CIRCLE('',#13853,3.5);
#6781=CIRCLE('',#13855,2.8);
#6782=CIRCLE('',#13857,2.);
#6783=CIRCLE('',#13866,1.5);
#6784=CIRCLE('',#13868,1.5);
#6785=CIRCLE('',#13870,1.5);
#6786=CIRCLE('',#13872,1.5);
#6787=CIRCLE('',#13874,1.5);
#6788=CIRCLE('',#13876,1.5);
#6789=CIRCLE('',#13881,0.866025403784439);
#6790=CIRCLE('',#13883,0.866025403784439);
#6791=CIRCLE('',#13885,0.866025403784439);
#6792=CIRCLE('',#13887,0.866025403784439);
#6793=CIRCLE('',#13889,0.866025403784439);
#6794=CIRCLE('',#13891,0.866025403784439);
#6795=CIRCLE('',#13893,1.);
#6796=CIRCLE('',#13895,1.5);
#6797=CIRCLE('',#13897,1.5);
#6798=CIRCLE('',#13899,1.1935);
#6799=CIRCLE('',#13910,4.40000000000001);
#6800=CIRCLE('',#13912,5.);
#6801=CIRCLE('',#13914,5.);
#6802=CIRCLE('',#13916,3.4);
#6803=CIRCLE('',#13918,3.16394995463856);
#6804=CIRCLE('',#13920,3.01394995463856);
#6805=CIRCLE('',#13922,3.);
#6806=CIRCLE('',#13924,3.);
#6807=CIRCLE('',#13926,2.3865);
#6808=CIRCLE('',#13929,2.2);
#6809=CIRCLE('',#13939,2.59807621135332);
#6810=CIRCLE('',#13940,1.09087121146358);
#6811=CIRCLE('',#13942,3.);
#6812=CIRCLE('',#13944,3.);
#6813=CIRCLE('',#13947,0.0999999999999545);
#6814=CIRCLE('',#13949,0.0999999999999091);
#6815=CIRCLE('',#13956,1.15470053837925);
#6816=CIRCLE('',#13958,1.15470053837925);
#6817=CIRCLE('',#13960,1.15470053837925);
#6818=CIRCLE('',#13962,1.15470053837925);
#6819=CIRCLE('',#13964,1.15470053837925);
#6820=CIRCLE('',#13966,1.15470053837925);
#6821=CIRCLE('',#13968,1.25);
#6822=CIRCLE('',#13970,2.);
#6823=CIRCLE('',#13972,2.);
#6824=CIRCLE('',#13974,1.5705);
#6825=CIRCLE('',#13992,5.);
#6826=CIRCLE('',#13993,2.);
#6827=CIRCLE('',#13996,5.);
#6828=CIRCLE('',#13998,4.15);
#6829=CIRCLE('',#14000,4.15);
#6830=CIRCLE('',#14002,3.76500000000004);
#6831=CIRCLE('',#14013,1.535);
#6832=CIRCLE('',#14015,3.76500000000004);
#6833=CIRCLE('',#14018,1.5705);
#6834=CIRCLE('',#14020,2.);
#6835=CIRCLE('',#14033,1.05000000000001);
#6836=CIRCLE('',#14034,1.05000000000001);
#6837=CIRCLE('',#14035,11.4);
#6838=CIRCLE('',#14037,11.5);
#6839=CIRCLE('',#14039,11.6);
#6840=CIRCLE('',#14041,15.25);
#6841=CIRCLE('',#14043,15.75);
#6842=CIRCLE('',#14045,15.75);
#6843=CIRCLE('',#14047,3.5);
#6844=CIRCLE('',#14048,3.75);
#6845=CIRCLE('',#14049,3.75);
#6846=CIRCLE('',#14050,3.75);
#6847=CIRCLE('',#14051,3.75);
#6848=CIRCLE('',#14052,37.);
#6849=CIRCLE('',#14054,37.5);
#6850=CIRCLE('',#14056,37.5);
#6851=CIRCLE('',#14058,37.4);
#6852=CIRCLE('',#14060,37.5);
#6853=CIRCLE('',#14062,37.5);
#6854=CIRCLE('',#14064,37.);
#6855=CIRCLE('',#14066,3.);
#6856=CIRCLE('',#14067,3.25);
#6857=CIRCLE('',#14068,3.25);
#6858=CIRCLE('',#14069,3.25);
#6859=CIRCLE('',#14070,3.25);
#6860=CIRCLE('',#14071,15.75);
#6861=CIRCLE('',#14073,15.75);
#6862=CIRCLE('',#14076,3.25);
#6863=CIRCLE('',#14079,3.25);
#6864=CIRCLE('',#14082,3.25);
#6865=CIRCLE('',#14085,3.25);
#6866=CIRCLE('',#14088,3.);
#6867=CIRCLE('',#14091,1.05);
#6868=CIRCLE('',#14094,1.05);
#6869=EDGE_LOOP('',(#1748,#1749,#1750,#1751));
#6870=EDGE_LOOP('',(#1752));
#6871=EDGE_LOOP('',(#1753));
#6872=EDGE_LOOP('',(#1754));
#6873=EDGE_LOOP('',(#1755));
#6874=EDGE_LOOP('',(#1756));
#6875=EDGE_LOOP('',(#1757));
#6876=EDGE_LOOP('',(#1758));
#6877=EDGE_LOOP('',(#1759,#1760,#1761,#1762,#1763,#1764));
#6878=EDGE_LOOP('',(#1765,#1766,#1767,#1768));
#6879=EDGE_LOOP('',(#1769));
#6880=EDGE_LOOP('',(#1770,#1771,#1772,#1773,#1774,#1775));
#6881=EDGE_LOOP('',(#1776,#1777,#1778));
#6882=EDGE_LOOP('',(#1779));
#6883=EDGE_LOOP('',(#1780,#1781,#1782,#1783,#1784));
#6884=EDGE_LOOP('',(#1785,#1786,#1787,#1788));
#6885=EDGE_LOOP('',(#1789));
#6886=EDGE_LOOP('',(#1790,#1791,#1792,#1793,#1794,#1795));
#6887=EDGE_LOOP('',(#1796,#1797,#1798));
#6888=EDGE_LOOP('',(#1799));
#6889=EDGE_LOOP('',(#1800,#1801,#1802,#1803,#1804));
#6890=EDGE_LOOP('',(#1805,#1806,#1807,#1808));
#6891=EDGE_LOOP('',(#1809));
#6892=EDGE_LOOP('',(#1810));
#6893=EDGE_LOOP('',(#1811));
#6894=EDGE_LOOP('',(#1812));
#6895=EDGE_LOOP('',(#1813));
#6896=EDGE_LOOP('',(#1814,#1815,#1816,#1817));
#6897=EDGE_LOOP('',(#1818));
#6898=EDGE_LOOP('',(#1819,#1820,#1821,#1822));
#6899=EDGE_LOOP('',(#1823));
#6900=EDGE_LOOP('',(#1824));
#6901=EDGE_LOOP('',(#1825));
#6902=EDGE_LOOP('',(#1826));
#6903=EDGE_LOOP('',(#1827,#1828,#1829,#1830,#1831,#1832,#1833,#1834,#1835,
#1836,#1837,#1838,#1839,#1840,#1841,#1842));
#6904=EDGE_LOOP('',(#1843));
#6905=EDGE_LOOP('',(#1844));
#6906=EDGE_LOOP('',(#1845));
#6907=EDGE_LOOP('',(#1846,#1847,#1848,#1849,#1850,#1851,#1852,#1853,#1854,
#1855));
#6908=EDGE_LOOP('',(#1856,#1857,#1858,#1859,#1860,#1861,#1862,#1863,#1864,
#1865));
#6909=EDGE_LOOP('',(#1866,#1867,#1868,#1869));
#6910=EDGE_LOOP('',(#1870,#1871,#1872,#1873));
#6911=EDGE_LOOP('',(#1874));
#6912=EDGE_LOOP('',(#1875,#1876,#1877,#1878,#1879));
#6913=EDGE_LOOP('',(#1880));
#6914=EDGE_LOOP('',(#1881,#1882,#1883,#1884,#1885));
#6915=EDGE_LOOP('',(#1886));
#6916=EDGE_LOOP('',(#1887,#1888,#1889,#1890,#1891));
#6917=EDGE_LOOP('',(#1892,#1893,#1894,#1895,#1896,#1897,#1898));
#6918=EDGE_LOOP('',(#1899,#1900,#1901,#1902,#1903,#1904,#1905));
#6919=EDGE_LOOP('',(#1906,#1907,#1908,#1909,#1910,#1911,#1912));
#6920=EDGE_LOOP('',(#1913,#1914,#1915,#1916));
#6921=EDGE_LOOP('',(#1917,#1918,#1919,#1920,#1921,#1922,#1923));
#6922=EDGE_LOOP('',(#1924,#1925,#1926,#1927,#1928,#1929,#1930));
#6923=EDGE_LOOP('',(#1931,#1932,#1933,#1934,#1935,#1936,#1937));
#6924=EDGE_LOOP('',(#1938,#1939,#1940,#1941,#1942,#1943,#1944));
#6925=EDGE_LOOP('',(#1945,#1946,#1947,#1948));
#6926=EDGE_LOOP('',(#1949,#1950,#1951,#1952,#1953,#1954,#1955));
#6927=EDGE_LOOP('',(#1956,#1957,#1958));
#6928=EDGE_LOOP('',(#1959,#1960,#1961,#1962));
#6929=EDGE_LOOP('',(#1963,#1964,#1965));
#6930=EDGE_LOOP('',(#1966,#1967,#1968));
#6931=EDGE_LOOP('',(#1969,#1970,#1971,#1972));
#6932=EDGE_LOOP('',(#1973,#1974,#1975));
#6933=EDGE_LOOP('',(#1976));
#6934=EDGE_LOOP('',(#1977));
#6935=EDGE_LOOP('',(#1978));
#6936=EDGE_LOOP('',(#1979));
#6937=EDGE_LOOP('',(#1980));
#6938=EDGE_LOOP('',(#1981));
#6939=EDGE_LOOP('',(#1982));
#6940=EDGE_LOOP('',(#1983));
#6941=EDGE_LOOP('',(#1984));
#6942=EDGE_LOOP('',(#1985));
#6943=EDGE_LOOP('',(#1986));
#6944=EDGE_LOOP('',(#1987));
#6945=EDGE_LOOP('',(#1988));
#6946=EDGE_LOOP('',(#1989));
#6947=EDGE_LOOP('',(#1990));
#6948=EDGE_LOOP('',(#1991));
#6949=EDGE_LOOP('',(#1992));
#6950=EDGE_LOOP('',(#1993));
#6951=EDGE_LOOP('',(#1994));
#6952=EDGE_LOOP('',(#1995));
#6953=EDGE_LOOP('',(#1996));
#6954=EDGE_LOOP('',(#1997));
#6955=EDGE_LOOP('',(#1998));
#6956=EDGE_LOOP('',(#1999));
#6957=EDGE_LOOP('',(#2000));
#6958=EDGE_LOOP('',(#2001));
#6959=EDGE_LOOP('',(#2002,#2003,#2004,#2005,#2006,#2007,#2008,#2009,#2010,
#2011,#2012,#2013));
#6960=EDGE_LOOP('',(#2014));
#6961=EDGE_LOOP('',(#2015,#2016,#2017,#2018));
#6962=EDGE_LOOP('',(#2019,#2020,#2021,#2022));
#6963=EDGE_LOOP('',(#2023,#2024,#2025,#2026));
#6964=EDGE_LOOP('',(#2027,#2028,#2029,#2030));
#6965=EDGE_LOOP('',(#2031,#2032,#2033,#2034,#2035,#2036));
#6966=EDGE_LOOP('',(#2037,#2038,#2039,#2040,#2041,#2042));
#6967=EDGE_LOOP('',(#2043,#2044,#2045,#2046));
#6968=EDGE_LOOP('',(#2047,#2048,#2049,#2050));
#6969=EDGE_LOOP('',(#2051,#2052,#2053,#2054));
#6970=EDGE_LOOP('',(#2055));
#6971=EDGE_LOOP('',(#2056,#2057,#2058,#2059,#2060,#2061,#2062,#2063,#2064,
#2065,#2066,#2067));
#6972=EDGE_LOOP('',(#2068,#2069,#2070,#2071));
#6973=EDGE_LOOP('',(#2072,#2073,#2074,#2075));
#6974=EDGE_LOOP('',(#2076,#2077,#2078,#2079));
#6975=EDGE_LOOP('',(#2080,#2081,#2082,#2083));
#6976=EDGE_LOOP('',(#2084,#2085,#2086,#2087));
#6977=EDGE_LOOP('',(#2088,#2089,#2090,#2091));
#6978=EDGE_LOOP('',(#2092,#2093,#2094,#2095));
#6979=EDGE_LOOP('',(#2096,#2097,#2098,#2099));
#6980=EDGE_LOOP('',(#2100,#2101,#2102,#2103));
#6981=EDGE_LOOP('',(#2104,#2105,#2106,#2107));
#6982=EDGE_LOOP('',(#2108,#2109,#2110,#2111));
#6983=EDGE_LOOP('',(#2112,#2113,#2114,#2115));
#6984=EDGE_LOOP('',(#2116,#2117,#2118,#2119));
#6985=EDGE_LOOP('',(#2120,#2121,#2122,#2123));
#6986=EDGE_LOOP('',(#2124,#2125,#2126,#2127));
#6987=EDGE_LOOP('',(#2128,#2129,#2130,#2131));
#6988=EDGE_LOOP('',(#2132,#2133,#2134,#2135,#2136));
#6989=EDGE_LOOP('',(#2137,#2138,#2139,#2140));
#6990=EDGE_LOOP('',(#2141,#2142,#2143,#2144,#2145));
#6991=EDGE_LOOP('',(#2146,#2147,#2148,#2149));
#6992=EDGE_LOOP('',(#2150,#2151,#2152,#2153));
#6993=EDGE_LOOP('',(#2154,#2155,#2156,#2157,#2158));
#6994=EDGE_LOOP('',(#2159,#2160,#2161,#2162));
#6995=EDGE_LOOP('',(#2163,#2164,#2165,#2166,#2167));
#6996=EDGE_LOOP('',(#2168,#2169,#2170,#2171));
#6997=EDGE_LOOP('',(#2172));
#6998=EDGE_LOOP('',(#2173,#2174,#2175,#2176,#2177));
#6999=EDGE_LOOP('',(#2178,#2179,#2180,#2181));
#7000=EDGE_LOOP('',(#2182,#2183,#2184,#2185));
#7001=EDGE_LOOP('',(#2186,#2187,#2188,#2189,#2190));
#7002=EDGE_LOOP('',(#2191,#2192,#2193,#2194));
#7003=EDGE_LOOP('',(#2195,#2196,#2197,#2198,#2199));
#7004=EDGE_LOOP('',(#2200,#2201,#2202,#2203,#2204));
#7005=EDGE_LOOP('',(#2205,#2206,#2207,#2208));
#7006=EDGE_LOOP('',(#2209,#2210,#2211,#2212,#2213));
#7007=EDGE_LOOP('',(#2214,#2215,#2216,#2217));
#7008=EDGE_LOOP('',(#2218,#2219,#2220,#2221,#2222,#2223));
#7009=EDGE_LOOP('',(#2224,#2225,#2226,#2227,#2228,#2229));
#7010=EDGE_LOOP('',(#2230,#2231,#2232,#2233));
#7011=EDGE_LOOP('',(#2234));
#7012=EDGE_LOOP('',(#2235));
#7013=EDGE_LOOP('',(#2236));
#7014=EDGE_LOOP('',(#2237));
#7015=EDGE_LOOP('',(#2238));
#7016=EDGE_LOOP('',(#2239));
#7017=EDGE_LOOP('',(#2240));
#7018=EDGE_LOOP('',(#2241));
#7019=EDGE_LOOP('',(#2242));
#7020=EDGE_LOOP('',(#2243));
#7021=EDGE_LOOP('',(#2244));
#7022=EDGE_LOOP('',(#2245));
#7023=EDGE_LOOP('',(#2246));
#7024=EDGE_LOOP('',(#2247));
#7025=EDGE_LOOP('',(#2248));
#7026=EDGE_LOOP('',(#2249));
#7027=EDGE_LOOP('',(#2250));
#7028=EDGE_LOOP('',(#2251));
#7029=EDGE_LOOP('',(#2252));
#7030=EDGE_LOOP('',(#2253));
#7031=EDGE_LOOP('',(#2254));
#7032=EDGE_LOOP('',(#2255));
#7033=EDGE_LOOP('',(#2256));
#7034=EDGE_LOOP('',(#2257));
#7035=EDGE_LOOP('',(#2258));
#7036=EDGE_LOOP('',(#2259));
#7037=EDGE_LOOP('',(#2260));
#7038=EDGE_LOOP('',(#2261));
#7039=EDGE_LOOP('',(#2262));
#7040=EDGE_LOOP('',(#2263));
#7041=EDGE_LOOP('',(#2264));
#7042=EDGE_LOOP('',(#2265));
#7043=EDGE_LOOP('',(#2266));
#7044=EDGE_LOOP('',(#2267));
#7045=EDGE_LOOP('',(#2268));
#7046=EDGE_LOOP('',(#2269));
#7047=EDGE_LOOP('',(#2270));
#7048=EDGE_LOOP('',(#2271));
#7049=EDGE_LOOP('',(#2272));
#7050=EDGE_LOOP('',(#2273));
#7051=EDGE_LOOP('',(#2274));
#7052=EDGE_LOOP('',(#2275));
#7053=EDGE_LOOP('',(#2276));
#7054=EDGE_LOOP('',(#2277));
#7055=EDGE_LOOP('',(#2278));
#7056=EDGE_LOOP('',(#2279));
#7057=EDGE_LOOP('',(#2280,#2281,#2282,#2283));
#7058=EDGE_LOOP('',(#2284,#2285,#2286,#2287));
#7059=EDGE_LOOP('',(#2288,#2289,#2290,#2291));
#7060=EDGE_LOOP('',(#2292,#2293,#2294,#2295));
#7061=EDGE_LOOP('',(#2296,#2297,#2298,#2299));
#7062=EDGE_LOOP('',(#2300,#2301,#2302,#2303));
#7063=EDGE_LOOP('',(#2304,#2305,#2306,#2307));
#7064=EDGE_LOOP('',(#2308,#2309,#2310,#2311));
#7065=EDGE_LOOP('',(#2312,#2313,#2314,#2315));
#7066=EDGE_LOOP('',(#2316,#2317,#2318,#2319));
#7067=EDGE_LOOP('',(#2320,#2321,#2322,#2323));
#7068=EDGE_LOOP('',(#2324,#2325,#2326,#2327));
#7069=EDGE_LOOP('',(#2328,#2329,#2330,#2331));
#7070=EDGE_LOOP('',(#2332,#2333,#2334,#2335));
#7071=EDGE_LOOP('',(#2336,#2337,#2338,#2339));
#7072=EDGE_LOOP('',(#2340,#2341,#2342,#2343));
#7073=EDGE_LOOP('',(#2344,#2345,#2346,#2347,#2348,#2349,#2350,#2351,#2352,
#2353,#2354,#2355,#2356,#2357,#2358,#2359));
#7074=EDGE_LOOP('',(#2360,#2361,#2362,#2363,#2364,#2365,#2366,#2367,#2368,
#2369,#2370,#2371,#2372,#2373,#2374,#2375));
#7075=EDGE_LOOP('',(#2376,#2377,#2378,#2379));
#7076=EDGE_LOOP('',(#2380,#2381,#2382,#2383));
#7077=EDGE_LOOP('',(#2384,#2385,#2386,#2387));
#7078=EDGE_LOOP('',(#2388,#2389,#2390,#2391));
#7079=EDGE_LOOP('',(#2392,#2393,#2394,#2395));
#7080=EDGE_LOOP('',(#2396,#2397,#2398,#2399));
#7081=EDGE_LOOP('',(#2400,#2401,#2402,#2403));
#7082=EDGE_LOOP('',(#2404,#2405,#2406,#2407));
#7083=EDGE_LOOP('',(#2408,#2409,#2410,#2411));
#7084=EDGE_LOOP('',(#2412,#2413,#2414,#2415));
#7085=EDGE_LOOP('',(#2416,#2417,#2418,#2419));
#7086=EDGE_LOOP('',(#2420,#2421,#2422,#2423));
#7087=EDGE_LOOP('',(#2424,#2425,#2426,#2427));
#7088=EDGE_LOOP('',(#2428,#2429,#2430,#2431));
#7089=EDGE_LOOP('',(#2432,#2433,#2434,#2435));
#7090=EDGE_LOOP('',(#2436,#2437,#2438,#2439));
#7091=EDGE_LOOP('',(#2440,#2441,#2442,#2443));
#7092=EDGE_LOOP('',(#2444,#2445,#2446,#2447));
#7093=EDGE_LOOP('',(#2448,#2449,#2450,#2451));
#7094=EDGE_LOOP('',(#2452,#2453,#2454,#2455));
#7095=EDGE_LOOP('',(#2456,#2457,#2458,#2459));
#7096=EDGE_LOOP('',(#2460,#2461,#2462,#2463));
#7097=EDGE_LOOP('',(#2464,#2465,#2466,#2467));
#7098=EDGE_LOOP('',(#2468,#2469,#2470,#2471));
#7099=EDGE_LOOP('',(#2472,#2473,#2474,#2475,#2476,#2477,#2478,#2479));
#7100=EDGE_LOOP('',(#2480,#2481,#2482,#2483,#2484,#2485,#2486,#2487,#2488,
#2489,#2490,#2491,#2492,#2493,#2494,#2495));
#7101=EDGE_LOOP('',(#2496,#2497,#2498,#2499,#2500,#2501,#2502,#2503,#2504,
#2505,#2506,#2507,#2508,#2509,#2510,#2511,#2512,#2513,#2514,#2515,#2516,
#2517,#2518,#2519,#2520,#2521,#2522,#2523,#2524,#2525,#2526,#2527,#2528,
#2529,#2530,#2531,#2532,#2533,#2534,#2535,#2536,#2537,#2538,#2539,#2540,
#2541,#2542,#2543,#2544,#2545,#2546,#2547,#2548,#2549,#2550,#2551,#2552,
#2553,#2554,#2555));
#7102=EDGE_LOOP('',(#2556,#2557,#2558,#2559,#2560,#2561,#2562,#2563));
#7103=EDGE_LOOP('',(#2564,#2565,#2566,#2567));
#7104=EDGE_LOOP('',(#2568,#2569,#2570,#2571));
#7105=EDGE_LOOP('',(#2572,#2573,#2574,#2575));
#7106=EDGE_LOOP('',(#2576,#2577,#2578,#2579));
#7107=EDGE_LOOP('',(#2580,#2581,#2582,#2583));
#7108=EDGE_LOOP('',(#2584,#2585,#2586,#2587));
#7109=EDGE_LOOP('',(#2588,#2589,#2590,#2591));
#7110=EDGE_LOOP('',(#2592,#2593,#2594,#2595));
#7111=EDGE_LOOP('',(#2596,#2597,#2598,#2599));
#7112=EDGE_LOOP('',(#2600,#2601,#2602,#2603));
#7113=EDGE_LOOP('',(#2604,#2605,#2606,#2607));
#7114=EDGE_LOOP('',(#2608,#2609,#2610,#2611));
#7115=EDGE_LOOP('',(#2612,#2613,#2614,#2615));
#7116=EDGE_LOOP('',(#2616,#2617,#2618,#2619));
#7117=EDGE_LOOP('',(#2620,#2621,#2622,#2623));
#7118=EDGE_LOOP('',(#2624,#2625,#2626,#2627));
#7119=EDGE_LOOP('',(#2628,#2629,#2630,#2631));
#7120=EDGE_LOOP('',(#2632,#2633,#2634,#2635));
#7121=EDGE_LOOP('',(#2636,#2637,#2638,#2639));
#7122=EDGE_LOOP('',(#2640,#2641,#2642,#2643));
#7123=EDGE_LOOP('',(#2644,#2645,#2646,#2647));
#7124=EDGE_LOOP('',(#2648,#2649,#2650,#2651));
#7125=EDGE_LOOP('',(#2652,#2653,#2654,#2655));
#7126=EDGE_LOOP('',(#2656,#2657,#2658,#2659));
#7127=EDGE_LOOP('',(#2660,#2661,#2662,#2663));
#7128=EDGE_LOOP('',(#2664,#2665,#2666,#2667));
#7129=EDGE_LOOP('',(#2668,#2669,#2670,#2671));
#7130=EDGE_LOOP('',(#2672,#2673,#2674,#2675));
#7131=EDGE_LOOP('',(#2676,#2677,#2678,#2679));
#7132=EDGE_LOOP('',(#2680,#2681,#2682,#2683));
#7133=EDGE_LOOP('',(#2684,#2685,#2686,#2687));
#7134=EDGE_LOOP('',(#2688,#2689,#2690,#2691));
#7135=EDGE_LOOP('',(#2692,#2693,#2694,#2695));
#7136=EDGE_LOOP('',(#2696,#2697,#2698,#2699));
#7137=EDGE_LOOP('',(#2700,#2701,#2702,#2703));
#7138=EDGE_LOOP('',(#2704,#2705,#2706,#2707));
#7139=EDGE_LOOP('',(#2708,#2709,#2710,#2711));
#7140=EDGE_LOOP('',(#2712,#2713,#2714,#2715));
#7141=EDGE_LOOP('',(#2716,#2717,#2718,#2719));
#7142=EDGE_LOOP('',(#2720,#2721,#2722,#2723));
#7143=EDGE_LOOP('',(#2724,#2725,#2726,#2727));
#7144=EDGE_LOOP('',(#2728,#2729,#2730,#2731));
#7145=EDGE_LOOP('',(#2732,#2733,#2734,#2735));
#7146=EDGE_LOOP('',(#2736,#2737,#2738,#2739));
#7147=EDGE_LOOP('',(#2740,#2741,#2742,#2743));
#7148=EDGE_LOOP('',(#2744,#2745,#2746,#2747));
#7149=EDGE_LOOP('',(#2748,#2749,#2750,#2751));
#7150=EDGE_LOOP('',(#2752,#2753,#2754,#2755));
#7151=EDGE_LOOP('',(#2756,#2757,#2758,#2759));
#7152=EDGE_LOOP('',(#2760,#2761,#2762,#2763));
#7153=EDGE_LOOP('',(#2764,#2765,#2766,#2767));
#7154=EDGE_LOOP('',(#2768,#2769,#2770,#2771));
#7155=EDGE_LOOP('',(#2772,#2773,#2774,#2775));
#7156=EDGE_LOOP('',(#2776,#2777,#2778,#2779));
#7157=EDGE_LOOP('',(#2780,#2781,#2782,#2783));
#7158=EDGE_LOOP('',(#2784,#2785,#2786,#2787));
#7159=EDGE_LOOP('',(#2788,#2789,#2790,#2791));
#7160=EDGE_LOOP('',(#2792,#2793,#2794,#2795));
#7161=EDGE_LOOP('',(#2796,#2797,#2798,#2799));
#7162=EDGE_LOOP('',(#2800));
#7163=EDGE_LOOP('',(#2801));
#7164=EDGE_LOOP('',(#2802));
#7165=EDGE_LOOP('',(#2803));
#7166=EDGE_LOOP('',(#2804));
#7167=EDGE_LOOP('',(#2805));
#7168=EDGE_LOOP('',(#2806));
#7169=EDGE_LOOP('',(#2807));
#7170=EDGE_LOOP('',(#2808));
#7171=EDGE_LOOP('',(#2809));
#7172=EDGE_LOOP('',(#2810));
#7173=EDGE_LOOP('',(#2811));
#7174=EDGE_LOOP('',(#2812));
#7175=EDGE_LOOP('',(#2813));
#7176=EDGE_LOOP('',(#2814));
#7177=EDGE_LOOP('',(#2815));
#7178=EDGE_LOOP('',(#2816));
#7179=EDGE_LOOP('',(#2817));
#7180=EDGE_LOOP('',(#2818));
#7181=EDGE_LOOP('',(#2819));
#7182=EDGE_LOOP('',(#2820));
#7183=EDGE_LOOP('',(#2821));
#7184=EDGE_LOOP('',(#2822));
#7185=EDGE_LOOP('',(#2823));
#7186=EDGE_LOOP('',(#2824));
#7187=EDGE_LOOP('',(#2825));
#7188=EDGE_LOOP('',(#2826));
#7189=EDGE_LOOP('',(#2827));
#7190=EDGE_LOOP('',(#2828,#2829,#2830,#2831));
#7191=EDGE_LOOP('',(#2832));
#7192=EDGE_LOOP('',(#2833));
#7193=EDGE_LOOP('',(#2834));
#7194=EDGE_LOOP('',(#2835));
#7195=EDGE_LOOP('',(#2836));
#7196=EDGE_LOOP('',(#2837));
#7197=EDGE_LOOP('',(#2838));
#7198=EDGE_LOOP('',(#2839));
#7199=EDGE_LOOP('',(#2840));
#7200=EDGE_LOOP('',(#2841));
#7201=EDGE_LOOP('',(#2842));
#7202=EDGE_LOOP('',(#2843));
#7203=EDGE_LOOP('',(#2844));
#7204=EDGE_LOOP('',(#2845));
#7205=EDGE_LOOP('',(#2846,#2847,#2848,#2849,#2850,#2851,#2852,#2853,#2854,
#2855,#2856,#2857,#2858,#2859,#2860,#2861,#2862,#2863,#2864,#2865,#2866,
#2867,#2868,#2869,#2870,#2871,#2872,#2873,#2874,#2875,#2876,#2877,#2878,
#2879,#2880,#2881,#2882,#2883,#2884,#2885,#2886,#2887,#2888,#2889,#2890,
#2891,#2892,#2893,#2894,#2895,#2896,#2897,#2898,#2899,#2900,#2901,#2902,
#2903,#2904,#2905));
#7206=EDGE_LOOP('',(#2906));
#7207=EDGE_LOOP('',(#2907));
#7208=EDGE_LOOP('',(#2908));
#7209=EDGE_LOOP('',(#2909));
#7210=EDGE_LOOP('',(#2910));
#7211=EDGE_LOOP('',(#2911));
#7212=EDGE_LOOP('',(#2912));
#7213=EDGE_LOOP('',(#2913));
#7214=EDGE_LOOP('',(#2914));
#7215=EDGE_LOOP('',(#2915));
#7216=EDGE_LOOP('',(#2916));
#7217=EDGE_LOOP('',(#2917));
#7218=EDGE_LOOP('',(#2918));
#7219=EDGE_LOOP('',(#2919));
#7220=EDGE_LOOP('',(#2920));
#7221=EDGE_LOOP('',(#2921));
#7222=EDGE_LOOP('',(#2922));
#7223=EDGE_LOOP('',(#2923));
#7224=EDGE_LOOP('',(#2924));
#7225=EDGE_LOOP('',(#2925));
#7226=EDGE_LOOP('',(#2926));
#7227=EDGE_LOOP('',(#2927));
#7228=EDGE_LOOP('',(#2928));
#7229=EDGE_LOOP('',(#2929));
#7230=EDGE_LOOP('',(#2930));
#7231=EDGE_LOOP('',(#2931));
#7232=EDGE_LOOP('',(#2932));
#7233=EDGE_LOOP('',(#2933));
#7234=EDGE_LOOP('',(#2934));
#7235=EDGE_LOOP('',(#2935));
#7236=EDGE_LOOP('',(#2936));
#7237=EDGE_LOOP('',(#2937));
#7238=EDGE_LOOP('',(#2938));
#7239=EDGE_LOOP('',(#2939));
#7240=EDGE_LOOP('',(#2940));
#7241=EDGE_LOOP('',(#2941));
#7242=EDGE_LOOP('',(#2942));
#7243=EDGE_LOOP('',(#2943));
#7244=EDGE_LOOP('',(#2944));
#7245=EDGE_LOOP('',(#2945));
#7246=EDGE_LOOP('',(#2946));
#7247=EDGE_LOOP('',(#2947));
#7248=EDGE_LOOP('',(#2948));
#7249=EDGE_LOOP('',(#2949));
#7250=EDGE_LOOP('',(#2950));
#7251=EDGE_LOOP('',(#2951));
#7252=EDGE_LOOP('',(#2952));
#7253=EDGE_LOOP('',(#2953));
#7254=EDGE_LOOP('',(#2954));
#7255=EDGE_LOOP('',(#2955));
#7256=EDGE_LOOP('',(#2956));
#7257=EDGE_LOOP('',(#2957));
#7258=EDGE_LOOP('',(#2958));
#7259=EDGE_LOOP('',(#2959));
#7260=EDGE_LOOP('',(#2960));
#7261=EDGE_LOOP('',(#2961));
#7262=EDGE_LOOP('',(#2962));
#7263=EDGE_LOOP('',(#2963));
#7264=EDGE_LOOP('',(#2964));
#7265=EDGE_LOOP('',(#2965));
#7266=EDGE_LOOP('',(#2966));
#7267=EDGE_LOOP('',(#2967));
#7268=EDGE_LOOP('',(#2968));
#7269=EDGE_LOOP('',(#2969));
#7270=EDGE_LOOP('',(#2970));
#7271=EDGE_LOOP('',(#2971));
#7272=EDGE_LOOP('',(#2972));
#7273=EDGE_LOOP('',(#2973));
#7274=EDGE_LOOP('',(#2974));
#7275=EDGE_LOOP('',(#2975));
#7276=EDGE_LOOP('',(#2976));
#7277=EDGE_LOOP('',(#2977));
#7278=EDGE_LOOP('',(#2978));
#7279=EDGE_LOOP('',(#2979));
#7280=EDGE_LOOP('',(#2980));
#7281=EDGE_LOOP('',(#2981));
#7282=EDGE_LOOP('',(#2982));
#7283=EDGE_LOOP('',(#2983));
#7284=EDGE_LOOP('',(#2984,#2985));
#7285=EDGE_LOOP('',(#2986));
#7286=EDGE_LOOP('',(#2987));
#7287=EDGE_LOOP('',(#2988));
#7288=EDGE_LOOP('',(#2989));
#7289=EDGE_LOOP('',(#2990,#2991));
#7290=EDGE_LOOP('',(#2992));
#7291=EDGE_LOOP('',(#2993));
#7292=EDGE_LOOP('',(#2994));
#7293=EDGE_LOOP('',(#2995));
#7294=EDGE_LOOP('',(#2996));
#7295=EDGE_LOOP('',(#2997));
#7296=EDGE_LOOP('',(#2998));
#7297=EDGE_LOOP('',(#2999));
#7298=EDGE_LOOP('',(#3000));
#7299=EDGE_LOOP('',(#3001));
#7300=EDGE_LOOP('',(#3002));
#7301=EDGE_LOOP('',(#3003));
#7302=EDGE_LOOP('',(#3004));
#7303=EDGE_LOOP('',(#3005));
#7304=EDGE_LOOP('',(#3006));
#7305=EDGE_LOOP('',(#3007));
#7306=EDGE_LOOP('',(#3008));
#7307=EDGE_LOOP('',(#3009));
#7308=EDGE_LOOP('',(#3010));
#7309=EDGE_LOOP('',(#3011));
#7310=EDGE_LOOP('',(#3012,#3013,#3014,#3015));
#7311=EDGE_LOOP('',(#3016));
#7312=EDGE_LOOP('',(#3017,#3018));
#7313=EDGE_LOOP('',(#3019));
#7314=EDGE_LOOP('',(#3020));
#7315=EDGE_LOOP('',(#3021));
#7316=EDGE_LOOP('',(#3022));
#7317=EDGE_LOOP('',(#3023));
#7318=EDGE_LOOP('',(#3024));
#7319=EDGE_LOOP('',(#3025));
#7320=EDGE_LOOP('',(#3026));
#7321=EDGE_LOOP('',(#3027));
#7322=EDGE_LOOP('',(#3028));
#7323=EDGE_LOOP('',(#3029));
#7324=EDGE_LOOP('',(#3030));
#7325=EDGE_LOOP('',(#3031));
#7326=EDGE_LOOP('',(#3032));
#7327=EDGE_LOOP('',(#3033));
#7328=EDGE_LOOP('',(#3034));
#7329=EDGE_LOOP('',(#3035,#3036,#3037,#3038));
#7330=EDGE_LOOP('',(#3039));
#7331=EDGE_LOOP('',(#3040,#3041));
#7332=EDGE_LOOP('',(#3042));
#7333=EDGE_LOOP('',(#3043));
#7334=EDGE_LOOP('',(#3044));
#7335=EDGE_LOOP('',(#3045));
#7336=EDGE_LOOP('',(#3046));
#7337=EDGE_LOOP('',(#3047));
#7338=EDGE_LOOP('',(#3048));
#7339=EDGE_LOOP('',(#3049));
#7340=EDGE_LOOP('',(#3050));
#7341=EDGE_LOOP('',(#3051));
#7342=EDGE_LOOP('',(#3052));
#7343=EDGE_LOOP('',(#3053));
#7344=EDGE_LOOP('',(#3054));
#7345=EDGE_LOOP('',(#3055));
#7346=EDGE_LOOP('',(#3056));
#7347=EDGE_LOOP('',(#3057));
#7348=EDGE_LOOP('',(#3058));
#7349=EDGE_LOOP('',(#3059));
#7350=EDGE_LOOP('',(#3060));
#7351=EDGE_LOOP('',(#3061));
#7352=EDGE_LOOP('',(#3062));
#7353=EDGE_LOOP('',(#3063));
#7354=EDGE_LOOP('',(#3064));
#7355=EDGE_LOOP('',(#3065));
#7356=EDGE_LOOP('',(#3066));
#7357=EDGE_LOOP('',(#3067));
#7358=EDGE_LOOP('',(#3068));
#7359=EDGE_LOOP('',(#3069));
#7360=EDGE_LOOP('',(#3070));
#7361=EDGE_LOOP('',(#3071));
#7362=EDGE_LOOP('',(#3072));
#7363=EDGE_LOOP('',(#3073));
#7364=EDGE_LOOP('',(#3074));
#7365=EDGE_LOOP('',(#3075));
#7366=EDGE_LOOP('',(#3076));
#7367=EDGE_LOOP('',(#3077));
#7368=EDGE_LOOP('',(#3078));
#7369=EDGE_LOOP('',(#3079));
#7370=EDGE_LOOP('',(#3080));
#7371=EDGE_LOOP('',(#3081));
#7372=EDGE_LOOP('',(#3082));
#7373=EDGE_LOOP('',(#3083));
#7374=EDGE_LOOP('',(#3084));
#7375=EDGE_LOOP('',(#3085));
#7376=EDGE_LOOP('',(#3086));
#7377=EDGE_LOOP('',(#3087));
#7378=EDGE_LOOP('',(#3088));
#7379=EDGE_LOOP('',(#3089));
#7380=EDGE_LOOP('',(#3090));
#7381=EDGE_LOOP('',(#3091));
#7382=EDGE_LOOP('',(#3092));
#7383=EDGE_LOOP('',(#3093));
#7384=EDGE_LOOP('',(#3094));
#7385=EDGE_LOOP('',(#3095));
#7386=EDGE_LOOP('',(#3096));
#7387=EDGE_LOOP('',(#3097));
#7388=EDGE_LOOP('',(#3098,#3099,#3100,#3101));
#7389=EDGE_LOOP('',(#3102));
#7390=EDGE_LOOP('',(#3103));
#7391=EDGE_LOOP('',(#3104));
#7392=EDGE_LOOP('',(#3105));
#7393=EDGE_LOOP('',(#3106,#3107,#3108,#3109,#3110));
#7394=EDGE_LOOP('',(#3111));
#7395=EDGE_LOOP('',(#3112,#3113,#3114));
#7396=EDGE_LOOP('',(#3115));
#7397=EDGE_LOOP('',(#3116));
#7398=EDGE_LOOP('',(#3117,#3118,#3119,#3120));
#7399=EDGE_LOOP('',(#3121));
#7400=EDGE_LOOP('',(#3122));
#7401=EDGE_LOOP('',(#3123));
#7402=EDGE_LOOP('',(#3124));
#7403=EDGE_LOOP('',(#3125,#3126,#3127,#3128,#3129));
#7404=EDGE_LOOP('',(#3130));
#7405=EDGE_LOOP('',(#3131,#3132,#3133));
#7406=EDGE_LOOP('',(#3134));
#7407=EDGE_LOOP('',(#3135));
#7408=EDGE_LOOP('',(#3136));
#7409=EDGE_LOOP('',(#3137));
#7410=EDGE_LOOP('',(#3138));
#7411=EDGE_LOOP('',(#3139));
#7412=EDGE_LOOP('',(#3140));
#7413=EDGE_LOOP('',(#3141));
#7414=EDGE_LOOP('',(#3142));
#7415=EDGE_LOOP('',(#3143));
#7416=EDGE_LOOP('',(#3144));
#7417=EDGE_LOOP('',(#3145));
#7418=EDGE_LOOP('',(#3146));
#7419=EDGE_LOOP('',(#3147));
#7420=EDGE_LOOP('',(#3148));
#7421=EDGE_LOOP('',(#3149));
#7422=EDGE_LOOP('',(#3150,#3151,#3152,#3153));
#7423=EDGE_LOOP('',(#3154,#3155,#3156,#3157));
#7424=EDGE_LOOP('',(#3158,#3159,#3160,#3161));
#7425=EDGE_LOOP('',(#3162,#3163,#3164,#3165));
#7426=EDGE_LOOP('',(#3166,#3167,#3168,#3169));
#7427=EDGE_LOOP('',(#3170,#3171,#3172,#3173));
#7428=EDGE_LOOP('',(#3174,#3175,#3176,#3177));
#7429=EDGE_LOOP('',(#3178,#3179,#3180,#3181));
#7430=EDGE_LOOP('',(#3182,#3183,#3184,#3185));
#7431=EDGE_LOOP('',(#3186,#3187,#3188));
#7432=EDGE_LOOP('',(#3189,#3190,#3191,#3192,#3193,#3194));
#7433=EDGE_LOOP('',(#3195,#3196,#3197));
#7434=EDGE_LOOP('',(#3198,#3199));
#7435=EDGE_LOOP('',(#3200));
#7436=EDGE_LOOP('',(#3201,#3202,#3203,#3204));
#7437=EDGE_LOOP('',(#3205,#3206));
#7438=EDGE_LOOP('',(#3207));
#7439=EDGE_LOOP('',(#3208));
#7440=EDGE_LOOP('',(#3209));
#7441=EDGE_LOOP('',(#3210));
#7442=EDGE_LOOP('',(#3211));
#7443=EDGE_LOOP('',(#3212));
#7444=EDGE_LOOP('',(#3213));
#7445=EDGE_LOOP('',(#3214,#3215));
#7446=EDGE_LOOP('',(#3216));
#7447=EDGE_LOOP('',(#3217,#3218,#3219,#3220));
#7448=EDGE_LOOP('',(#3221,#3222));
#7449=EDGE_LOOP('',(#3223));
#7450=EDGE_LOOP('',(#3224));
#7451=EDGE_LOOP('',(#3225));
#7452=EDGE_LOOP('',(#3226));
#7453=EDGE_LOOP('',(#3227));
#7454=EDGE_LOOP('',(#3228));
#7455=EDGE_LOOP('',(#3229));
#7456=EDGE_LOOP('',(#3230));
#7457=EDGE_LOOP('',(#3231));
#7458=EDGE_LOOP('',(#3232));
#7459=EDGE_LOOP('',(#3233));
#7460=EDGE_LOOP('',(#3234));
#7461=EDGE_LOOP('',(#3235));
#7462=EDGE_LOOP('',(#3236));
#7463=EDGE_LOOP('',(#3237));
#7464=EDGE_LOOP('',(#3238));
#7465=EDGE_LOOP('',(#3239));
#7466=EDGE_LOOP('',(#3240));
#7467=EDGE_LOOP('',(#3241));
#7468=EDGE_LOOP('',(#3242));
#7469=EDGE_LOOP('',(#3243));
#7470=EDGE_LOOP('',(#3244));
#7471=EDGE_LOOP('',(#3245));
#7472=EDGE_LOOP('',(#3246));
#7473=EDGE_LOOP('',(#3247));
#7474=EDGE_LOOP('',(#3248));
#7475=EDGE_LOOP('',(#3249));
#7476=EDGE_LOOP('',(#3250));
#7477=EDGE_LOOP('',(#3251));
#7478=EDGE_LOOP('',(#3252));
#7479=EDGE_LOOP('',(#3253));
#7480=EDGE_LOOP('',(#3254));
#7481=EDGE_LOOP('',(#3255));
#7482=EDGE_LOOP('',(#3256));
#7483=EDGE_LOOP('',(#3257));
#7484=EDGE_LOOP('',(#3258));
#7485=EDGE_LOOP('',(#3259));
#7486=EDGE_LOOP('',(#3260));
#7487=EDGE_LOOP('',(#3261));
#7488=EDGE_LOOP('',(#3262));
#7489=EDGE_LOOP('',(#3263));
#7490=EDGE_LOOP('',(#3264));
#7491=EDGE_LOOP('',(#3265));
#7492=EDGE_LOOP('',(#3266));
#7493=EDGE_LOOP('',(#3267,#3268,#3269,#3270,#3271,#3272,#3273,#3274,#3275,
#3276,#3277,#3278));
#7494=EDGE_LOOP('',(#3279));
#7495=EDGE_LOOP('',(#3280,#3281,#3282,#3283,#3284,#3285,#3286,#3287,#3288,
#3289,#3290,#3291,#3292,#3293,#3294,#3295,#3296,#3297,#3298,#3299,#3300,
#3301,#3302,#3303));
#7496=EDGE_LOOP('',(#3304));
#7497=EDGE_LOOP('',(#3305));
#7498=EDGE_LOOP('',(#3306,#3307));
#7499=EDGE_LOOP('',(#3308));
#7500=EDGE_LOOP('',(#3309,#3310,#3311,#3312));
#7501=EDGE_LOOP('',(#3313));
#7502=EDGE_LOOP('',(#3314,#3315));
#7503=EDGE_LOOP('',(#3316,#3317,#3318,#3319));
#7504=EDGE_LOOP('',(#3320,#3321,#3322,#3323));
#7505=EDGE_LOOP('',(#3324));
#7506=EDGE_LOOP('',(#3325,#3326,#3327,#3328,#3329,#3330,#3331,#3332,#3333,
#3334,#3335,#3336));
#7507=EDGE_LOOP('',(#3337,#3338,#3339,#3340));
#7508=EDGE_LOOP('',(#3341,#3342,#3343,#3344));
#7509=EDGE_LOOP('',(#3345,#3346,#3347,#3348));
#7510=EDGE_LOOP('',(#3349,#3350,#3351,#3352));
#7511=EDGE_LOOP('',(#3353,#3354,#3355,#3356));
#7512=EDGE_LOOP('',(#3357,#3358,#3359,#3360));
#7513=EDGE_LOOP('',(#3361,#3362,#3363,#3364));
#7514=EDGE_LOOP('',(#3365,#3366,#3367,#3368));
#7515=EDGE_LOOP('',(#3369,#3370,#3371,#3372));
#7516=EDGE_LOOP('',(#3373,#3374,#3375,#3376));
#7517=EDGE_LOOP('',(#3377,#3378,#3379,#3380));
#7518=EDGE_LOOP('',(#3381,#3382,#3383,#3384));
#7519=EDGE_LOOP('',(#3385,#3386));
#7520=EDGE_LOOP('',(#3387));
#7521=EDGE_LOOP('',(#3388,#3389));
#7522=EDGE_LOOP('',(#3390,#3391));
#7523=EDGE_LOOP('',(#3392,#3393));
#7524=EDGE_LOOP('',(#3394,#3395));
#7525=EDGE_LOOP('',(#3396));
#7526=EDGE_LOOP('',(#3397,#3398));
#7527=EDGE_LOOP('',(#3399));
#7528=EDGE_LOOP('',(#3400,#3401));
#7529=EDGE_LOOP('',(#3402,#3403));
#7530=EDGE_LOOP('',(#3404));
#7531=EDGE_LOOP('',(#3405));
#7532=EDGE_LOOP('',(#3406));
#7533=EDGE_LOOP('',(#3407));
#7534=EDGE_LOOP('',(#3408));
#7535=EDGE_LOOP('',(#3409));
#7536=EDGE_LOOP('',(#3410));
#7537=EDGE_LOOP('',(#3411));
#7538=EDGE_LOOP('',(#3412));
#7539=EDGE_LOOP('',(#3413));
#7540=EDGE_LOOP('',(#3414));
#7541=EDGE_LOOP('',(#3415));
#7542=EDGE_LOOP('',(#3416));
#7543=EDGE_LOOP('',(#3417));
#7544=EDGE_LOOP('',(#3418));
#7545=EDGE_LOOP('',(#3419,#3420));
#7546=EDGE_LOOP('',(#3421));
#7547=EDGE_LOOP('',(#3422));
#7548=EDGE_LOOP('',(#3423));
#7549=EDGE_LOOP('',(#3424));
#7550=EDGE_LOOP('',(#3425,#3426,#3427,#3428,#3429,#3430,#3431,#3432,#3433,
#3434,#3435,#3436));
#7551=EDGE_LOOP('',(#3437));
#7552=EDGE_LOOP('',(#3438));
#7553=EDGE_LOOP('',(#3439));
#7554=EDGE_LOOP('',(#3440));
#7555=EDGE_LOOP('',(#3441));
#7556=EDGE_LOOP('',(#3442));
#7557=EDGE_LOOP('',(#3443));
#7558=EDGE_LOOP('',(#3444,#3445,#3446,#3447));
#7559=EDGE_LOOP('',(#3448));
#7560=EDGE_LOOP('',(#3449,#3450,#3451,#3452));
#7561=EDGE_LOOP('',(#3453));
#7562=EDGE_LOOP('',(#3454,#3455,#3456,#3457));
#7563=EDGE_LOOP('',(#3458));
#7564=EDGE_LOOP('',(#3459));
#7565=EDGE_LOOP('',(#3460));
#7566=EDGE_LOOP('',(#3461));
#7567=EDGE_LOOP('',(#3462));
#7568=EDGE_LOOP('',(#3463));
#7569=EDGE_LOOP('',(#3464));
#7570=EDGE_LOOP('',(#3465));
#7571=EDGE_LOOP('',(#3466));
#7572=EDGE_LOOP('',(#3467));
#7573=EDGE_LOOP('',(#3468,#3469));
#7574=EDGE_LOOP('',(#3470,#3471,#3472,#3473,#3474,#3475));
#7575=EDGE_LOOP('',(#3476,#3477,#3478,#3479,#3480,#3481));
#7576=EDGE_LOOP('',(#3482,#3483,#3484,#3485,#3486,#3487));
#7577=EDGE_LOOP('',(#3488,#3489,#3490,#3491,#3492,#3493));
#7578=EDGE_LOOP('',(#3494,#3495,#3496,#3497,#3498,#3499));
#7579=EDGE_LOOP('',(#3500,#3501,#3502,#3503,#3504,#3505));
#7580=EDGE_LOOP('',(#3506,#3507,#3508,#3509));
#7581=EDGE_LOOP('',(#3510,#3511,#3512,#3513));
#7582=EDGE_LOOP('',(#3514,#3515));
#7583=EDGE_LOOP('',(#3516,#3517));
#7584=EDGE_LOOP('',(#3518,#3519,#3520,#3521));
#7585=EDGE_LOOP('',(#3522,#3523));
#7586=EDGE_LOOP('',(#3524,#3525,#3526,#3527));
#7587=EDGE_LOOP('',(#3528,#3529));
#7588=EDGE_LOOP('',(#3530));
#7589=EDGE_LOOP('',(#3531));
#7590=EDGE_LOOP('',(#3532));
#7591=EDGE_LOOP('',(#3533));
#7592=EDGE_LOOP('',(#3534));
#7593=EDGE_LOOP('',(#3535));
#7594=EDGE_LOOP('',(#3536));
#7595=EDGE_LOOP('',(#3537));
#7596=EDGE_LOOP('',(#3538));
#7597=EDGE_LOOP('',(#3539));
#7598=EDGE_LOOP('',(#3540));
#7599=EDGE_LOOP('',(#3541));
#7600=EDGE_LOOP('',(#3542));
#7601=EDGE_LOOP('',(#3543));
#7602=EDGE_LOOP('',(#3544));
#7603=EDGE_LOOP('',(#3545));
#7604=EDGE_LOOP('',(#3546));
#7605=EDGE_LOOP('',(#3547));
#7606=EDGE_LOOP('',(#3548,#3549,#3550,#3551));
#7607=EDGE_LOOP('',(#3552));
#7608=EDGE_LOOP('',(#3553,#3554,#3555,#3556));
#7609=EDGE_LOOP('',(#3557,#3558,#3559,#3560));
#7610=EDGE_LOOP('',(#3561,#3562,#3563,#3564));
#7611=EDGE_LOOP('',(#3565));
#7612=EDGE_LOOP('',(#3566,#3567,#3568,#3569));
#7613=EDGE_LOOP('',(#3570,#3571,#3572,#3573));
#7614=EDGE_LOOP('',(#3574));
#7615=EDGE_LOOP('',(#3575));
#7616=EDGE_LOOP('',(#3576));
#7617=EDGE_LOOP('',(#3577));
#7618=EDGE_LOOP('',(#3578));
#7619=EDGE_LOOP('',(#3579));
#7620=EDGE_LOOP('',(#3580));
#7621=EDGE_LOOP('',(#3581));
#7622=EDGE_LOOP('',(#3582));
#7623=EDGE_LOOP('',(#3583));
#7624=EDGE_LOOP('',(#3584));
#7625=EDGE_LOOP('',(#3585));
#7626=EDGE_LOOP('',(#3586));
#7627=EDGE_LOOP('',(#3587));
#7628=EDGE_LOOP('',(#3588));
#7629=EDGE_LOOP('',(#3589));
#7630=EDGE_LOOP('',(#3590));
#7631=EDGE_LOOP('',(#3591));
#7632=EDGE_LOOP('',(#3592));
#7633=EDGE_LOOP('',(#3593));
#7634=EDGE_LOOP('',(#3594));
#7635=EDGE_LOOP('',(#3595));
#7636=EDGE_LOOP('',(#3596));
#7637=EDGE_LOOP('',(#3597));
#7638=EDGE_LOOP('',(#3598));
#7639=EDGE_LOOP('',(#3599));
#7640=EDGE_LOOP('',(#3600));
#7641=EDGE_LOOP('',(#3601));
#7642=EDGE_LOOP('',(#3602));
#7643=EDGE_LOOP('',(#3603));
#7644=EDGE_LOOP('',(#3604));
#7645=EDGE_LOOP('',(#3605));
#7646=EDGE_LOOP('',(#3606));
#7647=EDGE_LOOP('',(#3607));
#7648=EDGE_LOOP('',(#3608));
#7649=EDGE_LOOP('',(#3609));
#7650=EDGE_LOOP('',(#3610));
#7651=EDGE_LOOP('',(#3611,#3612));
#7652=EDGE_LOOP('',(#3613,#3614,#3615,#3616));
#7653=EDGE_LOOP('',(#3617,#3618));
#7654=EDGE_LOOP('',(#3619,#3620,#3621,#3622));
#7655=EDGE_LOOP('',(#3623,#3624));
#7656=EDGE_LOOP('',(#3625,#3626,#3627,#3628));
#7657=EDGE_LOOP('',(#3629,#3630));
#7658=EDGE_LOOP('',(#3631,#3632,#3633,#3634));
#7659=EDGE_LOOP('',(#3635,#3636));
#7660=EDGE_LOOP('',(#3637,#3638,#3639,#3640));
#7661=EDGE_LOOP('',(#3641,#3642,#3643,#3644));
#7662=EDGE_LOOP('',(#3645,#3646));
#7663=EDGE_LOOP('',(#3647));
#7664=EDGE_LOOP('',(#3648));
#7665=EDGE_LOOP('',(#3649));
#7666=EDGE_LOOP('',(#3650));
#7667=EDGE_LOOP('',(#3651));
#7668=EDGE_LOOP('',(#3652));
#7669=EDGE_LOOP('',(#3653));
#7670=EDGE_LOOP('',(#3654));
#7671=EDGE_LOOP('',(#3655));
#7672=EDGE_LOOP('',(#3656));
#7673=EDGE_LOOP('',(#3657));
#7674=EDGE_LOOP('',(#3658));
#7675=EDGE_LOOP('',(#3659));
#7676=EDGE_LOOP('',(#3660));
#7677=EDGE_LOOP('',(#3661));
#7678=EDGE_LOOP('',(#3662));
#7679=EDGE_LOOP('',(#3663));
#7680=EDGE_LOOP('',(#3664));
#7681=EDGE_LOOP('',(#3665));
#7682=EDGE_LOOP('',(#3666));
#7683=EDGE_LOOP('',(#3667));
#7684=EDGE_LOOP('',(#3668));
#7685=EDGE_LOOP('',(#3669));
#7686=EDGE_LOOP('',(#3670));
#7687=EDGE_LOOP('',(#3671));
#7688=EDGE_LOOP('',(#3672));
#7689=EDGE_LOOP('',(#3673));
#7690=EDGE_LOOP('',(#3674));
#7691=EDGE_LOOP('',(#3675));
#7692=EDGE_LOOP('',(#3676));
#7693=EDGE_LOOP('',(#3677));
#7694=EDGE_LOOP('',(#3678));
#7695=EDGE_LOOP('',(#3679));
#7696=EDGE_LOOP('',(#3680));
#7697=EDGE_LOOP('',(#3681));
#7698=EDGE_LOOP('',(#3682));
#7699=EDGE_LOOP('',(#3683));
#7700=EDGE_LOOP('',(#3684));
#7701=EDGE_LOOP('',(#3685));
#7702=EDGE_LOOP('',(#3686));
#7703=EDGE_LOOP('',(#3687));
#7704=EDGE_LOOP('',(#3688));
#7705=EDGE_LOOP('',(#3689));
#7706=EDGE_LOOP('',(#3690));
#7707=EDGE_LOOP('',(#3691,#3692,#3693,#3694,#3695,#3696));
#7708=EDGE_LOOP('',(#3697));
#7709=EDGE_LOOP('',(#3698,#3699,#3700,#3701,#3702));
#7710=EDGE_LOOP('',(#3703,#3704,#3705,#3706,#3707));
#7711=EDGE_LOOP('',(#3708,#3709,#3710,#3711,#3712));
#7712=EDGE_LOOP('',(#3713,#3714,#3715,#3716,#3717));
#7713=EDGE_LOOP('',(#3718,#3719,#3720,#3721,#3722));
#7714=EDGE_LOOP('',(#3723,#3724,#3725,#3726,#3727));
#7715=EDGE_LOOP('',(#3728,#3729,#3730));
#7716=EDGE_LOOP('',(#3731,#3732,#3733));
#7717=EDGE_LOOP('',(#3734,#3735,#3736));
#7718=EDGE_LOOP('',(#3737,#3738,#3739));
#7719=EDGE_LOOP('',(#3740,#3741,#3742));
#7720=EDGE_LOOP('',(#3743,#3744,#3745));
#7721=EDGE_LOOP('',(#3746,#3747,#3748,#3749,#3750,#3751));
#7722=EDGE_LOOP('',(#3752,#3753));
#7723=EDGE_LOOP('',(#3754,#3755));
#7724=EDGE_LOOP('',(#3756,#3757));
#7725=EDGE_LOOP('',(#3758,#3759));
#7726=EDGE_LOOP('',(#3760,#3761));
#7727=EDGE_LOOP('',(#3762,#3763));
#7728=EDGE_LOOP('',(#3764));
#7729=EDGE_LOOP('',(#3765));
#7730=EDGE_LOOP('',(#3766));
#7731=EDGE_LOOP('',(#3767));
#7732=EDGE_LOOP('',(#3768));
#7733=EDGE_LOOP('',(#3769));
#7734=EDGE_LOOP('',(#3770));
#7735=EDGE_LOOP('',(#3771,#3772,#3773,#3774,#3775,#3776));
#7736=EDGE_LOOP('',(#3777));
#7737=EDGE_LOOP('',(#3778,#3779,#3780,#3781));
#7738=EDGE_LOOP('',(#3782,#3783,#3784,#3785));
#7739=EDGE_LOOP('',(#3786,#3787,#3788,#3789));
#7740=EDGE_LOOP('',(#3790,#3791,#3792,#3793));
#7741=EDGE_LOOP('',(#3794,#3795,#3796,#3797));
#7742=EDGE_LOOP('',(#3798,#3799,#3800,#3801));
#7743=EDGE_LOOP('',(#3802,#3803,#3804,#3805,#3806,#3807));
#7744=EDGE_LOOP('',(#3808,#3809,#3810,#3811,#3812,#3813));
#7745=EDGE_LOOP('',(#3814));
#7746=EDGE_LOOP('',(#3815));
#7747=EDGE_LOOP('',(#3816));
#7748=EDGE_LOOP('',(#3817));
#7749=EDGE_LOOP('',(#3818));
#7750=EDGE_LOOP('',(#3819));
#7751=EDGE_LOOP('',(#3820));
#7752=EDGE_LOOP('',(#3821));
#7753=EDGE_LOOP('',(#3822));
#7754=EDGE_LOOP('',(#3823));
#7755=EDGE_LOOP('',(#3824));
#7756=EDGE_LOOP('',(#3825));
#7757=EDGE_LOOP('',(#3826));
#7758=EDGE_LOOP('',(#3827));
#7759=EDGE_LOOP('',(#3828));
#7760=EDGE_LOOP('',(#3829));
#7761=EDGE_LOOP('',(#3830));
#7762=EDGE_LOOP('',(#3831));
#7763=EDGE_LOOP('',(#3832,#3833,#3834,#3835,#3836,#3837));
#7764=EDGE_LOOP('',(#3838));
#7765=EDGE_LOOP('',(#3839,#3840,#3841,#3842));
#7766=EDGE_LOOP('',(#3843,#3844,#3845,#3846));
#7767=EDGE_LOOP('',(#3847,#3848,#3849,#3850));
#7768=EDGE_LOOP('',(#3851,#3852,#3853,#3854));
#7769=EDGE_LOOP('',(#3855,#3856,#3857,#3858));
#7770=EDGE_LOOP('',(#3859,#3860,#3861,#3862));
#7771=EDGE_LOOP('',(#3863));
#7772=EDGE_LOOP('',(#3864));
#7773=EDGE_LOOP('',(#3865));
#7774=EDGE_LOOP('',(#3866));
#7775=EDGE_LOOP('',(#3867));
#7776=EDGE_LOOP('',(#3868));
#7777=EDGE_LOOP('',(#3869));
#7778=EDGE_LOOP('',(#3870));
#7779=EDGE_LOOP('',(#3871));
#7780=EDGE_LOOP('',(#3872));
#7781=EDGE_LOOP('',(#3873));
#7782=EDGE_LOOP('',(#3874));
#7783=EDGE_LOOP('',(#3875));
#7784=EDGE_LOOP('',(#3876,#3877));
#7785=EDGE_LOOP('',(#3878,#3879));
#7786=EDGE_LOOP('',(#3880,#3881));
#7787=EDGE_LOOP('',(#3882,#3883));
#7788=EDGE_LOOP('',(#3884,#3885));
#7789=EDGE_LOOP('',(#3886,#3887));
#7790=EDGE_LOOP('',(#3888));
#7791=EDGE_LOOP('',(#3889));
#7792=EDGE_LOOP('',(#3890));
#7793=EDGE_LOOP('',(#3891));
#7794=EDGE_LOOP('',(#3892));
#7795=EDGE_LOOP('',(#3893));
#7796=EDGE_LOOP('',(#3894));
#7797=EDGE_LOOP('',(#3895,#3896,#3897,#3898,#3899,#3900));
#7798=EDGE_LOOP('',(#3901));
#7799=EDGE_LOOP('',(#3902,#3903,#3904,#3905));
#7800=EDGE_LOOP('',(#3906,#3907,#3908,#3909));
#7801=EDGE_LOOP('',(#3910,#3911,#3912,#3913));
#7802=EDGE_LOOP('',(#3914,#3915,#3916,#3917));
#7803=EDGE_LOOP('',(#3918,#3919,#3920,#3921));
#7804=EDGE_LOOP('',(#3922,#3923,#3924,#3925));
#7805=EDGE_LOOP('',(#3926,#3927,#3928,#3929,#3930,#3931));
#7806=EDGE_LOOP('',(#3932,#3933,#3934,#3935,#3936,#3937,#3938,#3939,#3940,
#3941,#3942,#3943));
#7807=EDGE_LOOP('',(#3944,#3945,#3946,#3947,#3948,#3949,#3950,#3951));
#7808=EDGE_LOOP('',(#3952,#3953,#3954,#3955,#3956,#3957,#3958,#3959));
#7809=EDGE_LOOP('',(#3960,#3961,#3962,#3963));
#7810=EDGE_LOOP('',(#3964,#3965,#3966,#3967));
#7811=EDGE_LOOP('',(#3968,#3969,#3970,#3971,#3972,#3973,#3974,#3975,#3976,
#3977));
#7812=EDGE_LOOP('',(#3978,#3979,#3980,#3981,#3982,#3983,#3984,#3985,#3986,
#3987));
#7813=EDGE_LOOP('',(#3988,#3989,#3990,#3991));
#7814=EDGE_LOOP('',(#3992));
#7815=EDGE_LOOP('',(#3993,#3994,#3995,#3996));
#7816=EDGE_LOOP('',(#3997,#3998,#3999,#4000));
#7817=EDGE_LOOP('',(#4001,#4002,#4003,#4004,#4005,#4006,#4007,#4008));
#7818=EDGE_LOOP('',(#4009));
#7819=EDGE_LOOP('',(#4010));
#7820=EDGE_LOOP('',(#4011));
#7821=EDGE_LOOP('',(#4012));
#7822=EDGE_LOOP('',(#4013));
#7823=EDGE_LOOP('',(#4014,#4015,#4016,#4017,#4018,#4019,#4020,#4021));
#7824=EDGE_LOOP('',(#4022,#4023,#4024,#4025,#4026,#4027,#4028,#4029));
#7825=EDGE_LOOP('',(#4030,#4031,#4032,#4033));
#7826=EDGE_LOOP('',(#4034,#4035,#4036,#4037,#4038));
#7827=EDGE_LOOP('',(#4039,#4040,#4041,#4042,#4043));
#7828=EDGE_LOOP('',(#4044,#4045,#4046,#4047,#4048));
#7829=EDGE_LOOP('',(#4049,#4050,#4051,#4052,#4053));
#7830=EDGE_LOOP('',(#4054,#4055,#4056,#4057));
#7831=EDGE_LOOP('',(#4058,#4059,#4060,#4061));
#7832=EDGE_LOOP('',(#4062,#4063,#4064,#4065,#4066,#4067));
#7833=EDGE_LOOP('',(#4068));
#7834=EDGE_LOOP('',(#4069));
#7835=EDGE_LOOP('',(#4070));
#7836=EDGE_LOOP('',(#4071));
#7837=EDGE_LOOP('',(#4072));
#7838=EDGE_LOOP('',(#4073));
#7839=EDGE_LOOP('',(#4074));
#7840=EDGE_LOOP('',(#4075));
#7841=EDGE_LOOP('',(#4076));
#7842=EDGE_LOOP('',(#4077));
#7843=EDGE_LOOP('',(#4078,#4079,#4080,#4081));
#7844=EDGE_LOOP('',(#4082,#4083,#4084,#4085));
#7845=EDGE_LOOP('',(#4086,#4087,#4088,#4089));
#7846=EDGE_LOOP('',(#4090,#4091,#4092,#4093));
#7847=EDGE_LOOP('',(#4094,#4095,#4096,#4097));
#7848=EDGE_LOOP('',(#4098,#4099,#4100,#4101));
#7849=EDGE_LOOP('',(#4102,#4103,#4104,#4105,#4106,#4107));
#7850=EDGE_LOOP('',(#4108));
#7851=EDGE_LOOP('',(#4109));
#7852=EDGE_LOOP('',(#4110));
#7853=EDGE_LOOP('',(#4111));
#7854=EDGE_LOOP('',(#4112));
#7855=EDGE_LOOP('',(#4113));
#7856=EDGE_LOOP('',(#4114));
#7857=EDGE_LOOP('',(#4115));
#7858=EDGE_LOOP('',(#4116));
#7859=EDGE_LOOP('',(#4117));
#7860=EDGE_LOOP('',(#4118));
#7861=EDGE_LOOP('',(#4119));
#7862=EDGE_LOOP('',(#4120));
#7863=EDGE_LOOP('',(#4121));
#7864=EDGE_LOOP('',(#4122));
#7865=EDGE_LOOP('',(#4123));
#7866=EDGE_LOOP('',(#4124));
#7867=EDGE_LOOP('',(#4125));
#7868=EDGE_LOOP('',(#4126));
#7869=EDGE_LOOP('',(#4127));
#7870=EDGE_LOOP('',(#4128));
#7871=EDGE_LOOP('',(#4129));
#7872=EDGE_LOOP('',(#4130));
#7873=EDGE_LOOP('',(#4131));
#7874=EDGE_LOOP('',(#4132));
#7875=EDGE_LOOP('',(#4133));
#7876=EDGE_LOOP('',(#4134));
#7877=EDGE_LOOP('',(#4135));
#7878=EDGE_LOOP('',(#4136));
#7879=EDGE_LOOP('',(#4137));
#7880=EDGE_LOOP('',(#4138));
#7881=EDGE_LOOP('',(#4139));
#7882=EDGE_LOOP('',(#4140));
#7883=EDGE_LOOP('',(#4141));
#7884=EDGE_LOOP('',(#4142));
#7885=EDGE_LOOP('',(#4143));
#7886=EDGE_LOOP('',(#4144));
#7887=EDGE_LOOP('',(#4145));
#7888=EDGE_LOOP('',(#4146));
#7889=EDGE_LOOP('',(#4147));
#7890=EDGE_LOOP('',(#4148));
#7891=EDGE_LOOP('',(#4149));
#7892=EDGE_LOOP('',(#4150));
#7893=EDGE_LOOP('',(#4151));
#7894=EDGE_LOOP('',(#4152));
#7895=EDGE_LOOP('',(#4153));
#7896=EDGE_LOOP('',(#4154));
#7897=EDGE_LOOP('',(#4155));
#7898=EDGE_LOOP('',(#4156));
#7899=EDGE_LOOP('',(#4157));
#7900=EDGE_LOOP('',(#4158));
#7901=EDGE_LOOP('',(#4159));
#7902=EDGE_LOOP('',(#4160));
#7903=EDGE_LOOP('',(#4161));
#7904=EDGE_LOOP('',(#4162));
#7905=EDGE_LOOP('',(#4163));
#7906=EDGE_LOOP('',(#4164));
#7907=EDGE_LOOP('',(#4165));
#7908=EDGE_LOOP('',(#4166));
#7909=EDGE_LOOP('',(#4167));
#7910=EDGE_LOOP('',(#4168));
#7911=EDGE_LOOP('',(#4169));
#7912=EDGE_LOOP('',(#4170));
#7913=EDGE_LOOP('',(#4171));
#7914=EDGE_LOOP('',(#4172));
#7915=EDGE_LOOP('',(#4173));
#7916=EDGE_LOOP('',(#4174));
#7917=EDGE_LOOP('',(#4175));
#7918=FACE_BOUND('',#6869,.T.);
#7919=FACE_BOUND('',#6870,.T.);
#7920=FACE_BOUND('',#6871,.T.);
#7921=FACE_BOUND('',#6872,.T.);
#7922=FACE_BOUND('',#6873,.T.);
#7923=FACE_BOUND('',#6874,.T.);
#7924=FACE_BOUND('',#6875,.T.);
#7925=FACE_BOUND('',#6876,.T.);
#7926=FACE_BOUND('',#6877,.T.);
#7927=FACE_BOUND('',#6878,.T.);
#7928=FACE_BOUND('',#6879,.T.);
#7929=FACE_BOUND('',#6880,.T.);
#7930=FACE_BOUND('',#6881,.T.);
#7931=FACE_BOUND('',#6882,.T.);
#7932=FACE_BOUND('',#6883,.T.);
#7933=FACE_BOUND('',#151,.T.);
#7934=FACE_BOUND('',#6884,.T.);
#7935=FACE_BOUND('',#6885,.T.);
#7936=FACE_BOUND('',#6886,.T.);
#7937=FACE_BOUND('',#6887,.T.);
#7938=FACE_BOUND('',#6888,.T.);
#7939=FACE_BOUND('',#6889,.T.);
#7940=FACE_BOUND('',#152,.T.);
#7941=FACE_BOUND('',#6890,.T.);
#7942=FACE_BOUND('',#6891,.T.);
#7943=FACE_BOUND('',#6892,.T.);
#7944=FACE_BOUND('',#6893,.T.);
#7945=FACE_BOUND('',#6894,.T.);
#7946=FACE_BOUND('',#6895,.T.);
#7947=FACE_BOUND('',#6896,.T.);
#7948=FACE_BOUND('',#6897,.T.);
#7949=FACE_BOUND('',#6898,.T.);
#7950=FACE_BOUND('',#6899,.T.);
#7951=FACE_BOUND('',#6900,.T.);
#7952=FACE_BOUND('',#6901,.T.);
#7953=FACE_BOUND('',#6902,.T.);
#7954=FACE_BOUND('',#6903,.T.);
#7955=FACE_BOUND('',#6904,.T.);
#7956=FACE_BOUND('',#6905,.T.);
#7957=FACE_BOUND('',#6906,.T.);
#7958=FACE_BOUND('',#6907,.T.);
#7959=FACE_BOUND('',#6908,.T.);
#7960=FACE_BOUND('',#6909,.T.);
#7961=FACE_BOUND('',#6910,.T.);
#7962=FACE_BOUND('',#6911,.T.);
#7963=FACE_BOUND('',#6912,.T.);
#7964=FACE_BOUND('',#6913,.T.);
#7965=FACE_BOUND('',#6914,.T.);
#7966=FACE_BOUND('',#6915,.T.);
#7967=FACE_BOUND('',#6916,.T.);
#7968=FACE_BOUND('',#6917,.T.);
#7969=FACE_BOUND('',#6918,.T.);
#7970=FACE_BOUND('',#6919,.T.);
#7971=FACE_BOUND('',#6920,.T.);
#7972=FACE_BOUND('',#6921,.T.);
#7973=FACE_BOUND('',#6922,.T.);
#7974=FACE_BOUND('',#6923,.T.);
#7975=FACE_BOUND('',#6924,.T.);
#7976=FACE_BOUND('',#6925,.T.);
#7977=FACE_BOUND('',#6926,.T.);
#7978=FACE_BOUND('',#6927,.T.);
#7979=FACE_BOUND('',#6928,.T.);
#7980=FACE_BOUND('',#6929,.T.);
#7981=FACE_BOUND('',#6930,.T.);
#7982=FACE_BOUND('',#6931,.T.);
#7983=FACE_BOUND('',#6932,.T.);
#7984=FACE_BOUND('',#6933,.T.);
#7985=FACE_BOUND('',#6934,.T.);
#7986=FACE_BOUND('',#6935,.T.);
#7987=FACE_BOUND('',#6936,.T.);
#7988=FACE_BOUND('',#6937,.T.);
#7989=FACE_BOUND('',#6938,.T.);
#7990=FACE_BOUND('',#6939,.T.);
#7991=FACE_BOUND('',#6940,.T.);
#7992=FACE_BOUND('',#6941,.T.);
#7993=FACE_BOUND('',#6942,.T.);
#7994=FACE_BOUND('',#6943,.T.);
#7995=FACE_BOUND('',#6944,.T.);
#7996=FACE_BOUND('',#6945,.T.);
#7997=FACE_BOUND('',#6946,.T.);
#7998=FACE_BOUND('',#6947,.T.);
#7999=FACE_BOUND('',#6948,.T.);
#8000=FACE_BOUND('',#6949,.T.);
#8001=FACE_BOUND('',#6950,.T.);
#8002=FACE_BOUND('',#6951,.T.);
#8003=FACE_BOUND('',#6952,.T.);
#8004=FACE_BOUND('',#6953,.T.);
#8005=FACE_BOUND('',#6954,.T.);
#8006=FACE_BOUND('',#6955,.T.);
#8007=FACE_BOUND('',#6956,.T.);
#8008=FACE_BOUND('',#6957,.T.);
#8009=FACE_BOUND('',#6958,.T.);
#8010=FACE_BOUND('',#6959,.T.);
#8011=FACE_BOUND('',#6960,.T.);
#8012=FACE_BOUND('',#6961,.T.);
#8013=FACE_BOUND('',#6962,.T.);
#8014=FACE_BOUND('',#6963,.T.);
#8015=FACE_BOUND('',#6964,.T.);
#8016=FACE_BOUND('',#6965,.T.);
#8017=FACE_BOUND('',#6966,.T.);
#8018=FACE_BOUND('',#6967,.T.);
#8019=FACE_BOUND('',#6968,.T.);
#8020=FACE_BOUND('',#6969,.T.);
#8021=FACE_BOUND('',#6970,.T.);
#8022=FACE_BOUND('',#6971,.T.);
#8023=FACE_BOUND('',#6972,.T.);
#8024=FACE_BOUND('',#6973,.T.);
#8025=FACE_BOUND('',#6974,.T.);
#8026=FACE_BOUND('',#6975,.T.);
#8027=FACE_BOUND('',#6976,.T.);
#8028=FACE_BOUND('',#6977,.T.);
#8029=FACE_BOUND('',#6978,.T.);
#8030=FACE_BOUND('',#6979,.T.);
#8031=FACE_BOUND('',#6980,.T.);
#8032=FACE_BOUND('',#6981,.T.);
#8033=FACE_BOUND('',#6982,.T.);
#8034=FACE_BOUND('',#6983,.T.);
#8035=FACE_BOUND('',#6984,.T.);
#8036=FACE_BOUND('',#6985,.T.);
#8037=FACE_BOUND('',#6986,.T.);
#8038=FACE_BOUND('',#6987,.T.);
#8039=FACE_BOUND('',#6988,.T.);
#8040=FACE_BOUND('',#6989,.T.);
#8041=FACE_BOUND('',#6990,.T.);
#8042=FACE_BOUND('',#6991,.T.);
#8043=FACE_BOUND('',#6992,.T.);
#8044=FACE_BOUND('',#6993,.T.);
#8045=FACE_BOUND('',#6994,.T.);
#8046=FACE_BOUND('',#6995,.T.);
#8047=FACE_BOUND('',#6996,.T.);
#8048=FACE_BOUND('',#6997,.T.);
#8049=FACE_BOUND('',#6998,.T.);
#8050=FACE_BOUND('',#6999,.T.);
#8051=FACE_BOUND('',#7000,.T.);
#8052=FACE_BOUND('',#7001,.T.);
#8053=FACE_BOUND('',#7002,.T.);
#8054=FACE_BOUND('',#7003,.T.);
#8055=FACE_BOUND('',#7004,.T.);
#8056=FACE_BOUND('',#7005,.T.);
#8057=FACE_BOUND('',#7006,.T.);
#8058=FACE_BOUND('',#7007,.T.);
#8059=FACE_BOUND('',#7008,.T.);
#8060=FACE_BOUND('',#7009,.T.);
#8061=FACE_BOUND('',#7010,.T.);
#8062=FACE_BOUND('',#7011,.T.);
#8063=FACE_BOUND('',#7012,.T.);
#8064=FACE_BOUND('',#7013,.T.);
#8065=FACE_BOUND('',#7014,.T.);
#8066=FACE_BOUND('',#7015,.T.);
#8067=FACE_BOUND('',#7016,.T.);
#8068=FACE_BOUND('',#7017,.T.);
#8069=FACE_BOUND('',#7018,.T.);
#8070=FACE_BOUND('',#7019,.T.);
#8071=FACE_BOUND('',#7020,.T.);
#8072=FACE_BOUND('',#7021,.T.);
#8073=FACE_BOUND('',#7022,.T.);
#8074=FACE_BOUND('',#7023,.T.);
#8075=FACE_BOUND('',#7024,.T.);
#8076=FACE_BOUND('',#7025,.T.);
#8077=FACE_BOUND('',#7026,.T.);
#8078=FACE_BOUND('',#7027,.T.);
#8079=FACE_BOUND('',#7028,.T.);
#8080=FACE_BOUND('',#7029,.T.);
#8081=FACE_BOUND('',#7030,.T.);
#8082=FACE_BOUND('',#7031,.T.);
#8083=FACE_BOUND('',#7032,.T.);
#8084=FACE_BOUND('',#7033,.T.);
#8085=FACE_BOUND('',#7034,.T.);
#8086=FACE_BOUND('',#7035,.T.);
#8087=FACE_BOUND('',#7036,.T.);
#8088=FACE_BOUND('',#7037,.T.);
#8089=FACE_BOUND('',#7038,.T.);
#8090=FACE_BOUND('',#7039,.T.);
#8091=FACE_BOUND('',#7040,.T.);
#8092=FACE_BOUND('',#7041,.T.);
#8093=FACE_BOUND('',#7042,.T.);
#8094=FACE_BOUND('',#7043,.T.);
#8095=FACE_BOUND('',#7044,.T.);
#8096=FACE_BOUND('',#7045,.T.);
#8097=FACE_BOUND('',#7046,.T.);
#8098=FACE_BOUND('',#7047,.T.);
#8099=FACE_BOUND('',#7048,.T.);
#8100=FACE_BOUND('',#7049,.T.);
#8101=FACE_BOUND('',#7050,.T.);
#8102=FACE_BOUND('',#7051,.T.);
#8103=FACE_BOUND('',#7052,.T.);
#8104=FACE_BOUND('',#7053,.T.);
#8105=FACE_BOUND('',#7054,.T.);
#8106=FACE_BOUND('',#7055,.T.);
#8107=FACE_BOUND('',#7056,.T.);
#8108=FACE_BOUND('',#7057,.T.);
#8109=FACE_BOUND('',#7058,.T.);
#8110=FACE_BOUND('',#7059,.T.);
#8111=FACE_BOUND('',#7060,.T.);
#8112=FACE_BOUND('',#7061,.T.);
#8113=FACE_BOUND('',#7062,.T.);
#8114=FACE_BOUND('',#7063,.T.);
#8115=FACE_BOUND('',#7064,.T.);
#8116=FACE_BOUND('',#7065,.T.);
#8117=FACE_BOUND('',#7066,.T.);
#8118=FACE_BOUND('',#7067,.T.);
#8119=FACE_BOUND('',#7068,.T.);
#8120=FACE_BOUND('',#7069,.T.);
#8121=FACE_BOUND('',#7070,.T.);
#8122=FACE_BOUND('',#7071,.T.);
#8123=FACE_BOUND('',#7072,.T.);
#8124=FACE_BOUND('',#7073,.T.);
#8125=FACE_BOUND('',#7074,.T.);
#8126=FACE_BOUND('',#7075,.T.);
#8127=FACE_BOUND('',#7076,.T.);
#8128=FACE_BOUND('',#7077,.T.);
#8129=FACE_BOUND('',#7078,.T.);
#8130=FACE_BOUND('',#7079,.T.);
#8131=FACE_BOUND('',#7080,.T.);
#8132=FACE_BOUND('',#7081,.T.);
#8133=FACE_BOUND('',#7082,.T.);
#8134=FACE_BOUND('',#7083,.T.);
#8135=FACE_BOUND('',#7084,.T.);
#8136=FACE_BOUND('',#7085,.T.);
#8137=FACE_BOUND('',#7086,.T.);
#8138=FACE_BOUND('',#7087,.T.);
#8139=FACE_BOUND('',#7088,.T.);
#8140=FACE_BOUND('',#7089,.T.);
#8141=FACE_BOUND('',#7090,.T.);
#8142=FACE_BOUND('',#7091,.T.);
#8143=FACE_BOUND('',#7092,.T.);
#8144=FACE_BOUND('',#7093,.T.);
#8145=FACE_BOUND('',#7094,.T.);
#8146=FACE_BOUND('',#7095,.T.);
#8147=FACE_BOUND('',#7096,.T.);
#8148=FACE_BOUND('',#7097,.T.);
#8149=FACE_BOUND('',#7098,.T.);
#8150=FACE_BOUND('',#7099,.T.);
#8151=FACE_BOUND('',#7100,.T.);
#8152=FACE_BOUND('',#7101,.T.);
#8153=FACE_BOUND('',#7102,.T.);
#8154=FACE_BOUND('',#7103,.T.);
#8155=FACE_BOUND('',#7104,.T.);
#8156=FACE_BOUND('',#7105,.T.);
#8157=FACE_BOUND('',#7106,.T.);
#8158=FACE_BOUND('',#7107,.T.);
#8159=FACE_BOUND('',#7108,.T.);
#8160=FACE_BOUND('',#7109,.T.);
#8161=FACE_BOUND('',#7110,.T.);
#8162=FACE_BOUND('',#7111,.T.);
#8163=FACE_BOUND('',#7112,.T.);
#8164=FACE_BOUND('',#7113,.T.);
#8165=FACE_BOUND('',#7114,.T.);
#8166=FACE_BOUND('',#7115,.T.);
#8167=FACE_BOUND('',#7116,.T.);
#8168=FACE_BOUND('',#7117,.T.);
#8169=FACE_BOUND('',#7118,.T.);
#8170=FACE_BOUND('',#7119,.T.);
#8171=FACE_BOUND('',#7120,.T.);
#8172=FACE_BOUND('',#7121,.T.);
#8173=FACE_BOUND('',#7122,.T.);
#8174=FACE_BOUND('',#7123,.T.);
#8175=FACE_BOUND('',#7124,.T.);
#8176=FACE_BOUND('',#7125,.T.);
#8177=FACE_BOUND('',#7126,.T.);
#8178=FACE_BOUND('',#7127,.T.);
#8179=FACE_BOUND('',#7128,.T.);
#8180=FACE_BOUND('',#7129,.T.);
#8181=FACE_BOUND('',#7130,.T.);
#8182=FACE_BOUND('',#7131,.T.);
#8183=FACE_BOUND('',#7132,.T.);
#8184=FACE_BOUND('',#7133,.T.);
#8185=FACE_BOUND('',#7134,.T.);
#8186=FACE_BOUND('',#7135,.T.);
#8187=FACE_BOUND('',#7136,.T.);
#8188=FACE_BOUND('',#7137,.T.);
#8189=FACE_BOUND('',#7138,.T.);
#8190=FACE_BOUND('',#7139,.T.);
#8191=FACE_BOUND('',#7140,.T.);
#8192=FACE_BOUND('',#7141,.T.);
#8193=FACE_BOUND('',#7142,.T.);
#8194=FACE_BOUND('',#7143,.T.);
#8195=FACE_BOUND('',#7144,.T.);
#8196=FACE_BOUND('',#7145,.T.);
#8197=FACE_BOUND('',#7146,.T.);
#8198=FACE_BOUND('',#7147,.T.);
#8199=FACE_BOUND('',#7148,.T.);
#8200=FACE_BOUND('',#7149,.T.);
#8201=FACE_BOUND('',#7150,.T.);
#8202=FACE_BOUND('',#7151,.T.);
#8203=FACE_BOUND('',#7152,.T.);
#8204=FACE_BOUND('',#7153,.T.);
#8205=FACE_BOUND('',#7154,.T.);
#8206=FACE_BOUND('',#7155,.T.);
#8207=FACE_BOUND('',#7156,.T.);
#8208=FACE_BOUND('',#7157,.T.);
#8209=FACE_BOUND('',#7158,.T.);
#8210=FACE_BOUND('',#7159,.T.);
#8211=FACE_BOUND('',#7160,.T.);
#8212=FACE_BOUND('',#7161,.T.);
#8213=FACE_BOUND('',#7162,.T.);
#8214=FACE_BOUND('',#7163,.T.);
#8215=FACE_BOUND('',#7164,.T.);
#8216=FACE_BOUND('',#7165,.T.);
#8217=FACE_BOUND('',#7166,.T.);
#8218=FACE_BOUND('',#7167,.T.);
#8219=FACE_BOUND('',#7168,.T.);
#8220=FACE_BOUND('',#7169,.T.);
#8221=FACE_BOUND('',#7170,.T.);
#8222=FACE_BOUND('',#7171,.T.);
#8223=FACE_BOUND('',#7172,.T.);
#8224=FACE_BOUND('',#7173,.T.);
#8225=FACE_BOUND('',#7174,.T.);
#8226=FACE_BOUND('',#7175,.T.);
#8227=FACE_BOUND('',#7176,.T.);
#8228=FACE_BOUND('',#7177,.T.);
#8229=FACE_BOUND('',#7178,.T.);
#8230=FACE_BOUND('',#7179,.T.);
#8231=FACE_BOUND('',#7180,.T.);
#8232=FACE_BOUND('',#7181,.T.);
#8233=FACE_BOUND('',#7182,.T.);
#8234=FACE_BOUND('',#7183,.T.);
#8235=FACE_BOUND('',#7184,.T.);
#8236=FACE_BOUND('',#7185,.T.);
#8237=FACE_BOUND('',#7186,.T.);
#8238=FACE_BOUND('',#7187,.T.);
#8239=FACE_BOUND('',#7188,.T.);
#8240=FACE_BOUND('',#7189,.T.);
#8241=FACE_BOUND('',#7190,.T.);
#8242=FACE_BOUND('',#7191,.T.);
#8243=FACE_BOUND('',#7192,.T.);
#8244=FACE_BOUND('',#7193,.T.);
#8245=FACE_BOUND('',#7194,.T.);
#8246=FACE_BOUND('',#7195,.T.);
#8247=FACE_BOUND('',#7196,.T.);
#8248=FACE_BOUND('',#7197,.T.);
#8249=FACE_BOUND('',#7198,.T.);
#8250=FACE_BOUND('',#7199,.T.);
#8251=FACE_BOUND('',#7200,.T.);
#8252=FACE_BOUND('',#7201,.T.);
#8253=FACE_BOUND('',#7202,.T.);
#8254=FACE_BOUND('',#7203,.T.);
#8255=FACE_BOUND('',#7204,.T.);
#8256=FACE_BOUND('',#7205,.T.);
#8257=FACE_BOUND('',#7206,.T.);
#8258=FACE_BOUND('',#7207,.T.);
#8259=FACE_BOUND('',#7208,.T.);
#8260=FACE_BOUND('',#7209,.T.);
#8261=FACE_BOUND('',#7210,.T.);
#8262=FACE_BOUND('',#7211,.T.);
#8263=FACE_BOUND('',#7212,.T.);
#8264=FACE_BOUND('',#7213,.T.);
#8265=FACE_BOUND('',#7214,.T.);
#8266=FACE_BOUND('',#7215,.T.);
#8267=FACE_BOUND('',#7216,.T.);
#8268=FACE_BOUND('',#7217,.T.);
#8269=FACE_BOUND('',#7218,.T.);
#8270=FACE_BOUND('',#7219,.T.);
#8271=FACE_BOUND('',#7220,.T.);
#8272=FACE_BOUND('',#7221,.T.);
#8273=FACE_BOUND('',#7222,.T.);
#8274=FACE_BOUND('',#7223,.T.);
#8275=FACE_BOUND('',#7224,.T.);
#8276=FACE_BOUND('',#7225,.T.);
#8277=FACE_BOUND('',#7226,.T.);
#8278=FACE_BOUND('',#7227,.T.);
#8279=FACE_BOUND('',#7228,.T.);
#8280=FACE_BOUND('',#7229,.T.);
#8281=FACE_BOUND('',#7230,.T.);
#8282=FACE_BOUND('',#7231,.T.);
#8283=FACE_BOUND('',#7232,.T.);
#8284=FACE_BOUND('',#7233,.T.);
#8285=FACE_BOUND('',#7234,.T.);
#8286=FACE_BOUND('',#7235,.T.);
#8287=FACE_BOUND('',#7236,.T.);
#8288=FACE_BOUND('',#7237,.T.);
#8289=FACE_BOUND('',#7238,.T.);
#8290=FACE_BOUND('',#7239,.T.);
#8291=FACE_BOUND('',#7240,.T.);
#8292=FACE_BOUND('',#7241,.T.);
#8293=FACE_BOUND('',#7242,.T.);
#8294=FACE_BOUND('',#7243,.T.);
#8295=FACE_BOUND('',#7244,.T.);
#8296=FACE_BOUND('',#7245,.T.);
#8297=FACE_BOUND('',#7246,.T.);
#8298=FACE_BOUND('',#7247,.T.);
#8299=FACE_BOUND('',#7248,.T.);
#8300=FACE_BOUND('',#7249,.T.);
#8301=FACE_BOUND('',#7250,.T.);
#8302=FACE_BOUND('',#7251,.T.);
#8303=FACE_BOUND('',#7252,.T.);
#8304=FACE_BOUND('',#7253,.T.);
#8305=FACE_BOUND('',#7254,.T.);
#8306=FACE_BOUND('',#7255,.T.);
#8307=FACE_BOUND('',#7256,.T.);
#8308=FACE_BOUND('',#7257,.T.);
#8309=FACE_BOUND('',#7258,.T.);
#8310=FACE_BOUND('',#7259,.T.);
#8311=FACE_BOUND('',#7260,.T.);
#8312=FACE_BOUND('',#7261,.T.);
#8313=FACE_BOUND('',#7262,.T.);
#8314=FACE_BOUND('',#7263,.T.);
#8315=FACE_BOUND('',#7264,.T.);
#8316=FACE_BOUND('',#7265,.T.);
#8317=FACE_BOUND('',#7266,.T.);
#8318=FACE_BOUND('',#7267,.T.);
#8319=FACE_BOUND('',#7268,.T.);
#8320=FACE_BOUND('',#7269,.T.);
#8321=FACE_BOUND('',#7270,.T.);
#8322=FACE_BOUND('',#7271,.T.);
#8323=FACE_BOUND('',#7272,.T.);
#8324=FACE_BOUND('',#7273,.T.);
#8325=FACE_BOUND('',#7274,.T.);
#8326=FACE_BOUND('',#7275,.T.);
#8327=FACE_BOUND('',#7276,.T.);
#8328=FACE_BOUND('',#7277,.T.);
#8329=FACE_BOUND('',#7278,.T.);
#8330=FACE_BOUND('',#7279,.T.);
#8331=FACE_BOUND('',#7280,.T.);
#8332=FACE_BOUND('',#7281,.T.);
#8333=FACE_BOUND('',#7282,.T.);
#8334=FACE_BOUND('',#7283,.T.);
#8335=FACE_BOUND('',#7284,.T.);
#8336=FACE_BOUND('',#7285,.T.);
#8337=FACE_BOUND('',#7286,.T.);
#8338=FACE_BOUND('',#7287,.T.);
#8339=FACE_BOUND('',#7288,.T.);
#8340=FACE_BOUND('',#7289,.T.);
#8341=FACE_BOUND('',#7290,.T.);
#8342=FACE_BOUND('',#7291,.T.);
#8343=FACE_BOUND('',#7292,.T.);
#8344=FACE_BOUND('',#7293,.T.);
#8345=FACE_BOUND('',#7294,.T.);
#8346=FACE_BOUND('',#7295,.T.);
#8347=FACE_BOUND('',#7296,.T.);
#8348=FACE_BOUND('',#7297,.T.);
#8349=FACE_BOUND('',#7298,.T.);
#8350=FACE_BOUND('',#7299,.T.);
#8351=FACE_BOUND('',#7300,.T.);
#8352=FACE_BOUND('',#7301,.T.);
#8353=FACE_BOUND('',#7302,.T.);
#8354=FACE_BOUND('',#7303,.T.);
#8355=FACE_BOUND('',#7304,.T.);
#8356=FACE_BOUND('',#7305,.T.);
#8357=FACE_BOUND('',#7306,.T.);
#8358=FACE_BOUND('',#7307,.T.);
#8359=FACE_BOUND('',#7308,.T.);
#8360=FACE_BOUND('',#7309,.T.);
#8361=FACE_BOUND('',#7310,.T.);
#8362=FACE_BOUND('',#7311,.T.);
#8363=FACE_BOUND('',#7312,.T.);
#8364=FACE_BOUND('',#7313,.T.);
#8365=FACE_BOUND('',#7314,.T.);
#8366=FACE_BOUND('',#7315,.T.);
#8367=FACE_BOUND('',#7316,.T.);
#8368=FACE_BOUND('',#7317,.T.);
#8369=FACE_BOUND('',#7318,.T.);
#8370=FACE_BOUND('',#7319,.T.);
#8371=FACE_BOUND('',#7320,.T.);
#8372=FACE_BOUND('',#7321,.T.);
#8373=FACE_BOUND('',#7322,.T.);
#8374=FACE_BOUND('',#7323,.T.);
#8375=FACE_BOUND('',#7324,.T.);
#8376=FACE_BOUND('',#7325,.T.);
#8377=FACE_BOUND('',#7326,.T.);
#8378=FACE_BOUND('',#7327,.T.);
#8379=FACE_BOUND('',#7328,.T.);
#8380=FACE_BOUND('',#7329,.T.);
#8381=FACE_BOUND('',#7330,.T.);
#8382=FACE_BOUND('',#7331,.T.);
#8383=FACE_BOUND('',#7332,.T.);
#8384=FACE_BOUND('',#7333,.T.);
#8385=FACE_BOUND('',#7334,.T.);
#8386=FACE_BOUND('',#7335,.T.);
#8387=FACE_BOUND('',#7336,.T.);
#8388=FACE_BOUND('',#7337,.T.);
#8389=FACE_BOUND('',#7338,.T.);
#8390=FACE_BOUND('',#7339,.T.);
#8391=FACE_BOUND('',#7340,.T.);
#8392=FACE_BOUND('',#7341,.T.);
#8393=FACE_BOUND('',#7342,.T.);
#8394=FACE_BOUND('',#7343,.T.);
#8395=FACE_BOUND('',#7344,.T.);
#8396=FACE_BOUND('',#7345,.T.);
#8397=FACE_BOUND('',#7346,.T.);
#8398=FACE_BOUND('',#7347,.T.);
#8399=FACE_BOUND('',#7348,.T.);
#8400=FACE_BOUND('',#7349,.T.);
#8401=FACE_BOUND('',#7350,.T.);
#8402=FACE_BOUND('',#7351,.T.);
#8403=FACE_BOUND('',#7352,.T.);
#8404=FACE_BOUND('',#7353,.T.);
#8405=FACE_BOUND('',#7354,.T.);
#8406=FACE_BOUND('',#7355,.T.);
#8407=FACE_BOUND('',#7356,.T.);
#8408=FACE_BOUND('',#7357,.T.);
#8409=FACE_BOUND('',#7358,.T.);
#8410=FACE_BOUND('',#7359,.T.);
#8411=FACE_BOUND('',#7360,.T.);
#8412=FACE_BOUND('',#7361,.T.);
#8413=FACE_BOUND('',#7362,.T.);
#8414=FACE_BOUND('',#7363,.T.);
#8415=FACE_BOUND('',#7364,.T.);
#8416=FACE_BOUND('',#7365,.T.);
#8417=FACE_BOUND('',#7366,.T.);
#8418=FACE_BOUND('',#7367,.T.);
#8419=FACE_BOUND('',#7368,.T.);
#8420=FACE_BOUND('',#7369,.T.);
#8421=FACE_BOUND('',#7370,.T.);
#8422=FACE_BOUND('',#7371,.T.);
#8423=FACE_BOUND('',#7372,.T.);
#8424=FACE_BOUND('',#7373,.T.);
#8425=FACE_BOUND('',#7374,.T.);
#8426=FACE_BOUND('',#7375,.T.);
#8427=FACE_BOUND('',#7376,.T.);
#8428=FACE_BOUND('',#7377,.T.);
#8429=FACE_BOUND('',#7378,.T.);
#8430=FACE_BOUND('',#7379,.T.);
#8431=FACE_BOUND('',#7380,.T.);
#8432=FACE_BOUND('',#7381,.T.);
#8433=FACE_BOUND('',#7382,.T.);
#8434=FACE_BOUND('',#7383,.T.);
#8435=FACE_BOUND('',#7384,.T.);
#8436=FACE_BOUND('',#7385,.T.);
#8437=FACE_BOUND('',#7386,.T.);
#8438=FACE_BOUND('',#7387,.T.);
#8439=FACE_BOUND('',#7388,.T.);
#8440=FACE_BOUND('',#7389,.T.);
#8441=FACE_BOUND('',#7390,.T.);
#8442=FACE_BOUND('',#7391,.T.);
#8443=FACE_BOUND('',#7392,.T.);
#8444=FACE_BOUND('',#7393,.T.);
#8445=FACE_BOUND('',#7394,.T.);
#8446=FACE_BOUND('',#7395,.T.);
#8447=FACE_BOUND('',#7396,.T.);
#8448=FACE_BOUND('',#7397,.T.);
#8449=FACE_BOUND('',#7398,.T.);
#8450=FACE_BOUND('',#7399,.T.);
#8451=FACE_BOUND('',#7400,.T.);
#8452=FACE_BOUND('',#7401,.T.);
#8453=FACE_BOUND('',#7402,.T.);
#8454=FACE_BOUND('',#7403,.T.);
#8455=FACE_BOUND('',#7404,.T.);
#8456=FACE_BOUND('',#7405,.T.);
#8457=FACE_BOUND('',#7406,.T.);
#8458=FACE_BOUND('',#7407,.T.);
#8459=FACE_BOUND('',#7408,.T.);
#8460=FACE_BOUND('',#7409,.T.);
#8461=FACE_BOUND('',#7410,.T.);
#8462=FACE_BOUND('',#7411,.T.);
#8463=FACE_BOUND('',#153,.T.);
#8464=FACE_BOUND('',#7412,.T.);
#8465=FACE_BOUND('',#7413,.T.);
#8466=FACE_BOUND('',#7414,.T.);
#8467=FACE_BOUND('',#7415,.T.);
#8468=FACE_BOUND('',#7416,.T.);
#8469=FACE_BOUND('',#7417,.T.);
#8470=FACE_BOUND('',#7418,.T.);
#8471=FACE_BOUND('',#7419,.T.);
#8472=FACE_BOUND('',#7420,.T.);
#8473=FACE_BOUND('',#7421,.T.);
#8474=FACE_BOUND('',#7422,.T.);
#8475=FACE_BOUND('',#7423,.T.);
#8476=FACE_BOUND('',#7424,.T.);
#8477=FACE_BOUND('',#7425,.T.);
#8478=FACE_BOUND('',#7426,.T.);
#8479=FACE_BOUND('',#7427,.T.);
#8480=FACE_BOUND('',#7428,.T.);
#8481=FACE_BOUND('',#7429,.T.);
#8482=FACE_BOUND('',#7430,.T.);
#8483=FACE_BOUND('',#7431,.T.);
#8484=FACE_BOUND('',#7432,.T.);
#8485=FACE_BOUND('',#7433,.T.);
#8486=FACE_BOUND('',#7434,.T.);
#8487=FACE_BOUND('',#7435,.T.);
#8488=FACE_BOUND('',#7436,.T.);
#8489=FACE_BOUND('',#7437,.T.);
#8490=FACE_BOUND('',#7438,.T.);
#8491=FACE_BOUND('',#7439,.T.);
#8492=FACE_BOUND('',#7440,.T.);
#8493=FACE_BOUND('',#7441,.T.);
#8494=FACE_BOUND('',#7442,.T.);
#8495=FACE_BOUND('',#7443,.T.);
#8496=FACE_BOUND('',#154,.T.);
#8497=FACE_BOUND('',#7444,.T.);
#8498=FACE_BOUND('',#7445,.T.);
#8499=FACE_BOUND('',#7446,.T.);
#8500=FACE_BOUND('',#7447,.T.);
#8501=FACE_BOUND('',#7448,.T.);
#8502=FACE_BOUND('',#7449,.T.);
#8503=FACE_BOUND('',#155,.T.);
#8504=FACE_BOUND('',#7450,.T.);
#8505=FACE_BOUND('',#7451,.T.);
#8506=FACE_BOUND('',#7452,.T.);
#8507=FACE_BOUND('',#7453,.T.);
#8508=FACE_BOUND('',#7454,.T.);
#8509=FACE_BOUND('',#7455,.T.);
#8510=FACE_BOUND('',#7456,.T.);
#8511=FACE_BOUND('',#7457,.T.);
#8512=FACE_BOUND('',#7458,.T.);
#8513=FACE_BOUND('',#7459,.T.);
#8514=FACE_BOUND('',#7460,.T.);
#8515=FACE_BOUND('',#7461,.T.);
#8516=FACE_BOUND('',#7462,.T.);
#8517=FACE_BOUND('',#7463,.T.);
#8518=FACE_BOUND('',#7464,.T.);
#8519=FACE_BOUND('',#7465,.T.);
#8520=FACE_BOUND('',#7466,.T.);
#8521=FACE_BOUND('',#7467,.T.);
#8522=FACE_BOUND('',#7468,.T.);
#8523=FACE_BOUND('',#7469,.T.);
#8524=FACE_BOUND('',#7470,.T.);
#8525=FACE_BOUND('',#7471,.T.);
#8526=FACE_BOUND('',#7472,.T.);
#8527=FACE_BOUND('',#7473,.T.);
#8528=FACE_BOUND('',#7474,.T.);
#8529=FACE_BOUND('',#7475,.T.);
#8530=FACE_BOUND('',#7476,.T.);
#8531=FACE_BOUND('',#7477,.T.);
#8532=FACE_BOUND('',#7478,.T.);
#8533=FACE_BOUND('',#7479,.T.);
#8534=FACE_BOUND('',#7480,.T.);
#8535=FACE_BOUND('',#7481,.T.);
#8536=FACE_BOUND('',#7482,.T.);
#8537=FACE_BOUND('',#7483,.T.);
#8538=FACE_BOUND('',#7484,.T.);
#8539=FACE_BOUND('',#7485,.T.);
#8540=FACE_BOUND('',#7486,.T.);
#8541=FACE_BOUND('',#7487,.T.);
#8542=FACE_BOUND('',#7488,.T.);
#8543=FACE_BOUND('',#7489,.T.);
#8544=FACE_BOUND('',#7490,.T.);
#8545=FACE_BOUND('',#7491,.T.);
#8546=FACE_BOUND('',#7492,.T.);
#8547=FACE_BOUND('',#7493,.T.);
#8548=FACE_BOUND('',#7494,.T.);
#8549=FACE_BOUND('',#7495,.T.);
#8550=FACE_BOUND('',#7496,.T.);
#8551=FACE_BOUND('',#7497,.T.);
#8552=FACE_BOUND('',#7498,.T.);
#8553=FACE_BOUND('',#7499,.T.);
#8554=FACE_BOUND('',#7500,.T.);
#8555=FACE_BOUND('',#7501,.T.);
#8556=FACE_BOUND('',#7502,.T.);
#8557=FACE_BOUND('',#7503,.T.);
#8558=FACE_BOUND('',#7504,.T.);
#8559=FACE_BOUND('',#7505,.T.);
#8560=FACE_BOUND('',#7506,.T.);
#8561=FACE_BOUND('',#7507,.T.);
#8562=FACE_BOUND('',#7508,.T.);
#8563=FACE_BOUND('',#7509,.T.);
#8564=FACE_BOUND('',#7510,.T.);
#8565=FACE_BOUND('',#7511,.T.);
#8566=FACE_BOUND('',#7512,.T.);
#8567=FACE_BOUND('',#7513,.T.);
#8568=FACE_BOUND('',#7514,.T.);
#8569=FACE_BOUND('',#7515,.T.);
#8570=FACE_BOUND('',#7516,.T.);
#8571=FACE_BOUND('',#7517,.T.);
#8572=FACE_BOUND('',#7518,.T.);
#8573=FACE_BOUND('',#7519,.T.);
#8574=FACE_BOUND('',#7520,.T.);
#8575=FACE_BOUND('',#7521,.T.);
#8576=FACE_BOUND('',#7522,.T.);
#8577=FACE_BOUND('',#7523,.T.);
#8578=FACE_BOUND('',#7524,.T.);
#8579=FACE_BOUND('',#7525,.T.);
#8580=FACE_BOUND('',#7526,.T.);
#8581=FACE_BOUND('',#7527,.T.);
#8582=FACE_BOUND('',#7528,.T.);
#8583=FACE_BOUND('',#7529,.T.);
#8584=FACE_BOUND('',#7530,.T.);
#8585=FACE_BOUND('',#7531,.T.);
#8586=FACE_BOUND('',#7532,.T.);
#8587=FACE_BOUND('',#7533,.T.);
#8588=FACE_BOUND('',#7534,.T.);
#8589=FACE_BOUND('',#7535,.T.);
#8590=FACE_BOUND('',#7536,.T.);
#8591=FACE_BOUND('',#7537,.T.);
#8592=FACE_BOUND('',#7538,.T.);
#8593=FACE_BOUND('',#7539,.T.);
#8594=FACE_BOUND('',#7540,.T.);
#8595=FACE_BOUND('',#7541,.T.);
#8596=FACE_BOUND('',#7542,.T.);
#8597=FACE_BOUND('',#7543,.T.);
#8598=FACE_BOUND('',#7544,.T.);
#8599=FACE_BOUND('',#7545,.T.);
#8600=FACE_BOUND('',#7546,.T.);
#8601=FACE_BOUND('',#7547,.T.);
#8602=FACE_BOUND('',#7548,.T.);
#8603=FACE_BOUND('',#7549,.T.);
#8604=FACE_BOUND('',#7550,.T.);
#8605=FACE_BOUND('',#7551,.T.);
#8606=FACE_BOUND('',#7552,.T.);
#8607=FACE_BOUND('',#7553,.T.);
#8608=FACE_BOUND('',#7554,.T.);
#8609=FACE_BOUND('',#7555,.T.);
#8610=FACE_BOUND('',#7556,.T.);
#8611=FACE_BOUND('',#7557,.T.);
#8612=FACE_BOUND('',#7558,.T.);
#8613=FACE_BOUND('',#7559,.T.);
#8614=FACE_BOUND('',#7560,.T.);
#8615=FACE_BOUND('',#7561,.T.);
#8616=FACE_BOUND('',#7562,.T.);
#8617=FACE_BOUND('',#7563,.T.);
#8618=FACE_BOUND('',#7564,.T.);
#8619=FACE_BOUND('',#7565,.T.);
#8620=FACE_BOUND('',#7566,.T.);
#8621=FACE_BOUND('',#7567,.T.);
#8622=FACE_BOUND('',#7568,.T.);
#8623=FACE_BOUND('',#7569,.T.);
#8624=FACE_BOUND('',#7570,.T.);
#8625=FACE_BOUND('',#7571,.T.);
#8626=FACE_BOUND('',#7572,.T.);
#8627=FACE_BOUND('',#7573,.T.);
#8628=FACE_BOUND('',#7574,.T.);
#8629=FACE_BOUND('',#7575,.T.);
#8630=FACE_BOUND('',#7576,.T.);
#8631=FACE_BOUND('',#7577,.T.);
#8632=FACE_BOUND('',#7578,.T.);
#8633=FACE_BOUND('',#7579,.T.);
#8634=FACE_BOUND('',#7580,.T.);
#8635=FACE_BOUND('',#7581,.T.);
#8636=FACE_BOUND('',#7582,.T.);
#8637=FACE_BOUND('',#7583,.T.);
#8638=FACE_BOUND('',#7584,.T.);
#8639=FACE_BOUND('',#7585,.T.);
#8640=FACE_BOUND('',#7586,.T.);
#8641=FACE_BOUND('',#7587,.T.);
#8642=FACE_BOUND('',#7588,.T.);
#8643=FACE_BOUND('',#7589,.T.);
#8644=FACE_BOUND('',#7590,.T.);
#8645=FACE_BOUND('',#7591,.T.);
#8646=FACE_BOUND('',#7592,.T.);
#8647=FACE_BOUND('',#7593,.T.);
#8648=FACE_BOUND('',#7594,.T.);
#8649=FACE_BOUND('',#7595,.T.);
#8650=FACE_BOUND('',#7596,.T.);
#8651=FACE_BOUND('',#7597,.T.);
#8652=FACE_BOUND('',#7598,.T.);
#8653=FACE_BOUND('',#7599,.T.);
#8654=FACE_BOUND('',#7600,.T.);
#8655=FACE_BOUND('',#7601,.T.);
#8656=FACE_BOUND('',#7602,.T.);
#8657=FACE_BOUND('',#7603,.T.);
#8658=FACE_BOUND('',#7604,.T.);
#8659=FACE_BOUND('',#7605,.T.);
#8660=FACE_BOUND('',#7606,.T.);
#8661=FACE_BOUND('',#7607,.T.);
#8662=FACE_BOUND('',#7608,.T.);
#8663=FACE_BOUND('',#7609,.T.);
#8664=FACE_BOUND('',#7610,.T.);
#8665=FACE_BOUND('',#7611,.T.);
#8666=FACE_BOUND('',#7612,.T.);
#8667=FACE_BOUND('',#7613,.T.);
#8668=FACE_BOUND('',#7614,.T.);
#8669=FACE_BOUND('',#7615,.T.);
#8670=FACE_BOUND('',#7616,.T.);
#8671=FACE_BOUND('',#7617,.T.);
#8672=FACE_BOUND('',#7618,.T.);
#8673=FACE_BOUND('',#7619,.T.);
#8674=FACE_BOUND('',#7620,.T.);
#8675=FACE_BOUND('',#7621,.T.);
#8676=FACE_BOUND('',#7622,.T.);
#8677=FACE_BOUND('',#7623,.T.);
#8678=FACE_BOUND('',#7624,.T.);
#8679=FACE_BOUND('',#7625,.T.);
#8680=FACE_BOUND('',#7626,.T.);
#8681=FACE_BOUND('',#7627,.T.);
#8682=FACE_BOUND('',#7628,.T.);
#8683=FACE_BOUND('',#7629,.T.);
#8684=FACE_BOUND('',#7630,.T.);
#8685=FACE_BOUND('',#7631,.T.);
#8686=FACE_BOUND('',#7632,.T.);
#8687=FACE_BOUND('',#7633,.T.);
#8688=FACE_BOUND('',#7634,.T.);
#8689=FACE_BOUND('',#7635,.T.);
#8690=FACE_BOUND('',#7636,.T.);
#8691=FACE_BOUND('',#7637,.T.);
#8692=FACE_BOUND('',#7638,.T.);
#8693=FACE_BOUND('',#7639,.T.);
#8694=FACE_BOUND('',#7640,.T.);
#8695=FACE_BOUND('',#7641,.T.);
#8696=FACE_BOUND('',#7642,.T.);
#8697=FACE_BOUND('',#7643,.T.);
#8698=FACE_BOUND('',#7644,.T.);
#8699=FACE_BOUND('',#7645,.T.);
#8700=FACE_BOUND('',#7646,.T.);
#8701=FACE_BOUND('',#7647,.T.);
#8702=FACE_BOUND('',#7648,.T.);
#8703=FACE_BOUND('',#7649,.T.);
#8704=FACE_BOUND('',#7650,.T.);
#8705=FACE_BOUND('',#7651,.T.);
#8706=FACE_BOUND('',#7652,.T.);
#8707=FACE_BOUND('',#7653,.T.);
#8708=FACE_BOUND('',#7654,.T.);
#8709=FACE_BOUND('',#7655,.T.);
#8710=FACE_BOUND('',#7656,.T.);
#8711=FACE_BOUND('',#7657,.T.);
#8712=FACE_BOUND('',#7658,.T.);
#8713=FACE_BOUND('',#7659,.T.);
#8714=FACE_BOUND('',#7660,.T.);
#8715=FACE_BOUND('',#7661,.T.);
#8716=FACE_BOUND('',#7662,.T.);
#8717=FACE_BOUND('',#7663,.T.);
#8718=FACE_BOUND('',#7664,.T.);
#8719=FACE_BOUND('',#7665,.T.);
#8720=FACE_BOUND('',#7666,.T.);
#8721=FACE_BOUND('',#7667,.T.);
#8722=FACE_BOUND('',#7668,.T.);
#8723=FACE_BOUND('',#7669,.T.);
#8724=FACE_BOUND('',#7670,.T.);
#8725=FACE_BOUND('',#7671,.T.);
#8726=FACE_BOUND('',#7672,.T.);
#8727=FACE_BOUND('',#7673,.T.);
#8728=FACE_BOUND('',#7674,.T.);
#8729=FACE_BOUND('',#7675,.T.);
#8730=FACE_BOUND('',#7676,.T.);
#8731=FACE_BOUND('',#7677,.T.);
#8732=FACE_BOUND('',#7678,.T.);
#8733=FACE_BOUND('',#7679,.T.);
#8734=FACE_BOUND('',#7680,.T.);
#8735=FACE_BOUND('',#7681,.T.);
#8736=FACE_BOUND('',#7682,.T.);
#8737=FACE_BOUND('',#7683,.T.);
#8738=FACE_BOUND('',#7684,.T.);
#8739=FACE_BOUND('',#7685,.T.);
#8740=FACE_BOUND('',#7686,.T.);
#8741=FACE_BOUND('',#7687,.T.);
#8742=FACE_BOUND('',#7688,.T.);
#8743=FACE_BOUND('',#7689,.T.);
#8744=FACE_BOUND('',#7690,.T.);
#8745=FACE_BOUND('',#7691,.T.);
#8746=FACE_BOUND('',#7692,.T.);
#8747=FACE_BOUND('',#7693,.T.);
#8748=FACE_BOUND('',#7694,.T.);
#8749=FACE_BOUND('',#7695,.T.);
#8750=FACE_BOUND('',#7696,.T.);
#8751=FACE_BOUND('',#7697,.T.);
#8752=FACE_BOUND('',#7698,.T.);
#8753=FACE_BOUND('',#7699,.T.);
#8754=FACE_BOUND('',#7700,.T.);
#8755=FACE_BOUND('',#7701,.T.);
#8756=FACE_BOUND('',#7702,.T.);
#8757=FACE_BOUND('',#7703,.T.);
#8758=FACE_BOUND('',#7704,.T.);
#8759=FACE_BOUND('',#7705,.T.);
#8760=FACE_BOUND('',#7706,.T.);
#8761=FACE_BOUND('',#7707,.T.);
#8762=FACE_BOUND('',#7708,.T.);
#8763=FACE_BOUND('',#7709,.T.);
#8764=FACE_BOUND('',#7710,.T.);
#8765=FACE_BOUND('',#7711,.T.);
#8766=FACE_BOUND('',#7712,.T.);
#8767=FACE_BOUND('',#7713,.T.);
#8768=FACE_BOUND('',#7714,.T.);
#8769=FACE_BOUND('',#7715,.T.);
#8770=FACE_BOUND('',#7716,.T.);
#8771=FACE_BOUND('',#7717,.T.);
#8772=FACE_BOUND('',#7718,.T.);
#8773=FACE_BOUND('',#7719,.T.);
#8774=FACE_BOUND('',#7720,.T.);
#8775=FACE_BOUND('',#156,.T.);
#8776=FACE_BOUND('',#7721,.T.);
#8777=FACE_BOUND('',#7722,.T.);
#8778=FACE_BOUND('',#7723,.T.);
#8779=FACE_BOUND('',#7724,.T.);
#8780=FACE_BOUND('',#7725,.T.);
#8781=FACE_BOUND('',#7726,.T.);
#8782=FACE_BOUND('',#7727,.T.);
#8783=FACE_BOUND('',#7728,.T.);
#8784=FACE_BOUND('',#7729,.T.);
#8785=FACE_BOUND('',#7730,.T.);
#8786=FACE_BOUND('',#7731,.T.);
#8787=FACE_BOUND('',#7732,.T.);
#8788=FACE_BOUND('',#7733,.T.);
#8789=FACE_BOUND('',#7734,.T.);
#8790=FACE_BOUND('',#7735,.T.);
#8791=FACE_BOUND('',#7736,.T.);
#8792=FACE_BOUND('',#7737,.T.);
#8793=FACE_BOUND('',#7738,.T.);
#8794=FACE_BOUND('',#7739,.T.);
#8795=FACE_BOUND('',#7740,.T.);
#8796=FACE_BOUND('',#7741,.T.);
#8797=FACE_BOUND('',#7742,.T.);
#8798=FACE_BOUND('',#7743,.T.);
#8799=FACE_BOUND('',#7744,.T.);
#8800=FACE_BOUND('',#7745,.T.);
#8801=FACE_BOUND('',#7746,.T.);
#8802=FACE_BOUND('',#7747,.T.);
#8803=FACE_BOUND('',#7748,.T.);
#8804=FACE_BOUND('',#7749,.T.);
#8805=FACE_BOUND('',#7750,.T.);
#8806=FACE_BOUND('',#7751,.T.);
#8807=FACE_BOUND('',#7752,.T.);
#8808=FACE_BOUND('',#7753,.T.);
#8809=FACE_BOUND('',#7754,.T.);
#8810=FACE_BOUND('',#7755,.T.);
#8811=FACE_BOUND('',#7756,.T.);
#8812=FACE_BOUND('',#7757,.T.);
#8813=FACE_BOUND('',#7758,.T.);
#8814=FACE_BOUND('',#7759,.T.);
#8815=FACE_BOUND('',#7760,.T.);
#8816=FACE_BOUND('',#7761,.T.);
#8817=FACE_BOUND('',#7762,.T.);
#8818=FACE_BOUND('',#7763,.T.);
#8819=FACE_BOUND('',#7764,.T.);
#8820=FACE_BOUND('',#7765,.T.);
#8821=FACE_BOUND('',#7766,.T.);
#8822=FACE_BOUND('',#7767,.T.);
#8823=FACE_BOUND('',#7768,.T.);
#8824=FACE_BOUND('',#7769,.T.);
#8825=FACE_BOUND('',#7770,.T.);
#8826=FACE_BOUND('',#7771,.T.);
#8827=FACE_BOUND('',#157,.T.);
#8828=FACE_BOUND('',#7772,.T.);
#8829=FACE_BOUND('',#7773,.T.);
#8830=FACE_BOUND('',#7774,.T.);
#8831=FACE_BOUND('',#7775,.T.);
#8832=FACE_BOUND('',#7776,.T.);
#8833=FACE_BOUND('',#7777,.T.);
#8834=FACE_BOUND('',#7778,.T.);
#8835=FACE_BOUND('',#7779,.T.);
#8836=FACE_BOUND('',#7780,.T.);
#8837=FACE_BOUND('',#7781,.T.);
#8838=FACE_BOUND('',#7782,.T.);
#8839=FACE_BOUND('',#7783,.T.);
#8840=FACE_BOUND('',#7784,.T.);
#8841=FACE_BOUND('',#7785,.T.);
#8842=FACE_BOUND('',#7786,.T.);
#8843=FACE_BOUND('',#7787,.T.);
#8844=FACE_BOUND('',#7788,.T.);
#8845=FACE_BOUND('',#7789,.T.);
#8846=FACE_BOUND('',#7790,.T.);
#8847=FACE_BOUND('',#7791,.T.);
#8848=FACE_BOUND('',#7792,.T.);
#8849=FACE_BOUND('',#7793,.T.);
#8850=FACE_BOUND('',#7794,.T.);
#8851=FACE_BOUND('',#7795,.T.);
#8852=FACE_BOUND('',#7796,.T.);
#8853=FACE_BOUND('',#7797,.T.);
#8854=FACE_BOUND('',#7798,.T.);
#8855=FACE_BOUND('',#7799,.T.);
#8856=FACE_BOUND('',#7800,.T.);
#8857=FACE_BOUND('',#7801,.T.);
#8858=FACE_BOUND('',#7802,.T.);
#8859=FACE_BOUND('',#7803,.T.);
#8860=FACE_BOUND('',#7804,.T.);
#8861=FACE_BOUND('',#7805,.T.);
#8862=FACE_BOUND('',#7806,.T.);
#8863=FACE_BOUND('',#7807,.T.);
#8864=FACE_BOUND('',#7808,.T.);
#8865=FACE_BOUND('',#7809,.T.);
#8866=FACE_BOUND('',#7810,.T.);
#8867=FACE_BOUND('',#7811,.T.);
#8868=FACE_BOUND('',#7812,.T.);
#8869=FACE_BOUND('',#7813,.T.);
#8870=FACE_BOUND('',#7814,.T.);
#8871=FACE_BOUND('',#7815,.T.);
#8872=FACE_BOUND('',#7816,.T.);
#8873=FACE_BOUND('',#7817,.T.);
#8874=FACE_BOUND('',#7818,.T.);
#8875=FACE_BOUND('',#7819,.T.);
#8876=FACE_BOUND('',#7820,.T.);
#8877=FACE_BOUND('',#7821,.T.);
#8878=FACE_BOUND('',#7822,.T.);
#8879=FACE_BOUND('',#7823,.T.);
#8880=FACE_BOUND('',#7824,.T.);
#8881=FACE_BOUND('',#7825,.T.);
#8882=FACE_BOUND('',#7826,.T.);
#8883=FACE_BOUND('',#7827,.T.);
#8884=FACE_BOUND('',#7828,.T.);
#8885=FACE_BOUND('',#7829,.T.);
#8886=FACE_BOUND('',#7830,.T.);
#8887=FACE_BOUND('',#7831,.T.);
#8888=FACE_BOUND('',#7832,.T.);
#8889=FACE_BOUND('',#7833,.T.);
#8890=FACE_BOUND('',#7834,.T.);
#8891=FACE_BOUND('',#7835,.T.);
#8892=FACE_BOUND('',#7836,.T.);
#8893=FACE_BOUND('',#7837,.T.);
#8894=FACE_BOUND('',#7838,.T.);
#8895=FACE_BOUND('',#7839,.T.);
#8896=FACE_BOUND('',#7840,.T.);
#8897=FACE_BOUND('',#7841,.T.);
#8898=FACE_BOUND('',#7842,.T.);
#8899=FACE_BOUND('',#7843,.T.);
#8900=FACE_BOUND('',#7844,.T.);
#8901=FACE_BOUND('',#7845,.T.);
#8902=FACE_BOUND('',#7846,.T.);
#8903=FACE_BOUND('',#7847,.T.);
#8904=FACE_BOUND('',#7848,.T.);
#8905=FACE_BOUND('',#7849,.T.);
#8906=FACE_BOUND('',#7850,.T.);
#8907=FACE_BOUND('',#7851,.T.);
#8908=FACE_BOUND('',#7852,.T.);
#8909=FACE_BOUND('',#7853,.T.);
#8910=FACE_BOUND('',#7854,.T.);
#8911=FACE_BOUND('',#7855,.T.);
#8912=FACE_BOUND('',#7856,.T.);
#8913=FACE_BOUND('',#7857,.T.);
#8914=FACE_BOUND('',#7858,.T.);
#8915=FACE_BOUND('',#7859,.T.);
#8916=FACE_BOUND('',#7860,.T.);
#8917=FACE_BOUND('',#7861,.T.);
#8918=FACE_BOUND('',#7862,.T.);
#8919=FACE_BOUND('',#7863,.T.);
#8920=FACE_BOUND('',#7864,.T.);
#8921=FACE_BOUND('',#7865,.T.);
#8922=FACE_BOUND('',#7866,.T.);
#8923=FACE_BOUND('',#7867,.T.);
#8924=FACE_BOUND('',#7868,.T.);
#8925=FACE_BOUND('',#7869,.T.);
#8926=FACE_BOUND('',#7870,.T.);
#8927=FACE_BOUND('',#7871,.T.);
#8928=FACE_BOUND('',#7872,.T.);
#8929=FACE_BOUND('',#7873,.T.);
#8930=FACE_BOUND('',#7874,.T.);
#8931=FACE_BOUND('',#7875,.T.);
#8932=FACE_BOUND('',#7876,.T.);
#8933=FACE_BOUND('',#7877,.T.);
#8934=FACE_BOUND('',#7878,.T.);
#8935=FACE_BOUND('',#7879,.T.);
#8936=FACE_BOUND('',#7880,.T.);
#8937=FACE_BOUND('',#7881,.T.);
#8938=FACE_BOUND('',#7882,.T.);
#8939=FACE_BOUND('',#7883,.T.);
#8940=FACE_BOUND('',#7884,.T.);
#8941=FACE_BOUND('',#7885,.T.);
#8942=FACE_BOUND('',#7886,.T.);
#8943=FACE_BOUND('',#7887,.T.);
#8944=FACE_BOUND('',#7888,.T.);
#8945=FACE_BOUND('',#7889,.T.);
#8946=FACE_BOUND('',#7890,.T.);
#8947=FACE_BOUND('',#7891,.T.);
#8948=FACE_BOUND('',#7892,.T.);
#8949=FACE_BOUND('',#7893,.T.);
#8950=FACE_BOUND('',#7894,.T.);
#8951=FACE_BOUND('',#7895,.T.);
#8952=FACE_BOUND('',#7896,.T.);
#8953=FACE_BOUND('',#7897,.T.);
#8954=FACE_BOUND('',#7898,.T.);
#8955=FACE_BOUND('',#7899,.T.);
#8956=FACE_BOUND('',#7900,.T.);
#8957=FACE_BOUND('',#7901,.T.);
#8958=FACE_BOUND('',#7902,.T.);
#8959=FACE_BOUND('',#7903,.T.);
#8960=FACE_BOUND('',#7904,.T.);
#8961=FACE_BOUND('',#7905,.T.);
#8962=FACE_BOUND('',#7906,.T.);
#8963=FACE_BOUND('',#7907,.T.);
#8964=FACE_BOUND('',#7908,.T.);
#8965=FACE_BOUND('',#7909,.T.);
#8966=FACE_BOUND('',#7910,.T.);
#8967=FACE_BOUND('',#7911,.T.);
#8968=FACE_BOUND('',#7912,.T.);
#8969=FACE_BOUND('',#158,.T.);
#8970=FACE_BOUND('',#7913,.T.);
#8971=FACE_BOUND('',#7914,.T.);
#8972=FACE_BOUND('',#7915,.T.);
#8973=FACE_BOUND('',#159,.T.);
#8974=FACE_BOUND('',#7916,.T.);
#8975=FACE_BOUND('',#7917,.T.);
#8976=CYLINDRICAL_SURFACE('',#12835,37.5);
#8977=CYLINDRICAL_SURFACE('',#12845,2.067);
#8978=CYLINDRICAL_SURFACE('',#12850,3.);
#8979=CYLINDRICAL_SURFACE('',#12854,2.067);
#8980=CYLINDRICAL_SURFACE('',#12859,3.);
#8981=CYLINDRICAL_SURFACE('',#12863,5.5);
#8982=CYLINDRICAL_SURFACE('',#12866,5.5);
#8983=CYLINDRICAL_SURFACE('',#12869,3.3235);
#8984=CYLINDRICAL_SURFACE('',#12872,3.3235);
#8985=CYLINDRICAL_SURFACE('',#12911,29.);
#8986=CYLINDRICAL_SURFACE('',#12914,29.);
#8987=CYLINDRICAL_SURFACE('',#12934,2.);
#8988=CYLINDRICAL_SURFACE('',#12937,2.);
#8989=CYLINDRICAL_SURFACE('',#12940,2.);
#8990=CYLINDRICAL_SURFACE('',#12942,30.5000000000002);
#8991=CYLINDRICAL_SURFACE('',#12945,2.00000000000002);
#8992=CYLINDRICAL_SURFACE('',#12947,1.99999999999999);
#8993=CYLINDRICAL_SURFACE('',#12950,1.99999999999999);
#8994=CYLINDRICAL_SURFACE('',#12953,1.99999999999999);
#8995=CYLINDRICAL_SURFACE('',#12955,30.5000000000002);
#8996=CYLINDRICAL_SURFACE('',#12958,2.);
#8997=CYLINDRICAL_SURFACE('',#12984,15.75);
#8998=CYLINDRICAL_SURFACE('',#13013,34.25);
#8999=CYLINDRICAL_SURFACE('',#13015,34.25);
#9000=CYLINDRICAL_SURFACE('',#13032,33.8);
#9001=CYLINDRICAL_SURFACE('',#13050,5.7);
#9002=CYLINDRICAL_SURFACE('',#13051,1.99999999999998);
#9003=CYLINDRICAL_SURFACE('',#13052,29.);
#9004=CYLINDRICAL_SURFACE('',#13054,2.00000000000003);
#9005=CYLINDRICAL_SURFACE('',#13055,5.7);
#9006=CYLINDRICAL_SURFACE('',#13056,5.7);
#9007=CYLINDRICAL_SURFACE('',#13058,2.00000000000001);
#9008=CYLINDRICAL_SURFACE('',#13060,29.);
#9009=CYLINDRICAL_SURFACE('',#13062,2.00000000000004);
#9010=CYLINDRICAL_SURFACE('',#13063,5.7);
#9011=CYLINDRICAL_SURFACE('',#13069,2.99999999999999);
#9012=CYLINDRICAL_SURFACE('',#13071,2.99999999999999);
#9013=CYLINDRICAL_SURFACE('',#13072,3.);
#9014=CYLINDRICAL_SURFACE('',#13074,3.);
#9015=CYLINDRICAL_SURFACE('',#13085,4.5);
#9016=CYLINDRICAL_SURFACE('',#13093,2.5);
#9017=CYLINDRICAL_SURFACE('',#13098,4.40000000000006);
#9018=CYLINDRICAL_SURFACE('',#13106,2.);
#9019=CYLINDRICAL_SURFACE('',#13111,3.19999999999999);
#9020=CYLINDRICAL_SURFACE('',#13114,3.19999999999999);
#9021=CYLINDRICAL_SURFACE('',#13117,3.19999999999999);
#9022=CYLINDRICAL_SURFACE('',#13120,3.19999999999999);
#9023=CYLINDRICAL_SURFACE('',#13124,3.24999999999999);
#9024=CYLINDRICAL_SURFACE('',#13126,7.69999999999998);
#9025=CYLINDRICAL_SURFACE('',#13128,3.25);
#9026=CYLINDRICAL_SURFACE('',#13131,3.25000000000001);
#9027=CYLINDRICAL_SURFACE('',#13133,7.70000000000003);
#9028=CYLINDRICAL_SURFACE('',#13135,3.25);
#9029=CYLINDRICAL_SURFACE('',#13138,3.25);
#9030=CYLINDRICAL_SURFACE('',#13140,7.70000000000006);
#9031=CYLINDRICAL_SURFACE('',#13142,3.24999999999999);
#9032=CYLINDRICAL_SURFACE('',#13145,3.25);
#9033=CYLINDRICAL_SURFACE('',#13147,7.70000000000003);
#9034=CYLINDRICAL_SURFACE('',#13149,3.25);
#9035=CYLINDRICAL_SURFACE('',#13165,3.2175);
#9036=CYLINDRICAL_SURFACE('',#13167,7.62300000000006);
#9037=CYLINDRICAL_SURFACE('',#13169,3.2175);
#9038=CYLINDRICAL_SURFACE('',#13172,3.2175);
#9039=CYLINDRICAL_SURFACE('',#13174,7.62299999999994);
#9040=CYLINDRICAL_SURFACE('',#13176,3.21750000000001);
#9041=CYLINDRICAL_SURFACE('',#13179,3.21749999999999);
#9042=CYLINDRICAL_SURFACE('',#13181,7.62299999999997);
#9043=CYLINDRICAL_SURFACE('',#13183,3.2175);
#9044=CYLINDRICAL_SURFACE('',#13186,3.2175);
#9045=CYLINDRICAL_SURFACE('',#13188,7.62299999999997);
#9046=CYLINDRICAL_SURFACE('',#13190,1.);
#9047=CYLINDRICAL_SURFACE('',#13194,0.999999999999999);
#9048=CYLINDRICAL_SURFACE('',#13198,1.);
#9049=CYLINDRICAL_SURFACE('',#13202,1.);
#9050=CYLINDRICAL_SURFACE('',#13206,3.21750000000001);
#9051=CYLINDRICAL_SURFACE('',#13269,0.95);
#9052=CYLINDRICAL_SURFACE('',#13272,0.95);
#9053=CYLINDRICAL_SURFACE('',#13275,0.95);
#9054=CYLINDRICAL_SURFACE('',#13278,0.95);
#9055=CYLINDRICAL_SURFACE('',#13281,0.95);
#9056=CYLINDRICAL_SURFACE('',#13284,0.95);
#9057=CYLINDRICAL_SURFACE('',#13287,0.95);
#9058=CYLINDRICAL_SURFACE('',#13290,0.95);
#9059=CYLINDRICAL_SURFACE('',#13293,0.95);
#9060=CYLINDRICAL_SURFACE('',#13296,0.95);
#9061=CYLINDRICAL_SURFACE('',#13299,0.95);
#9062=CYLINDRICAL_SURFACE('',#13302,0.95);
#9063=CYLINDRICAL_SURFACE('',#13305,0.95);
#9064=CYLINDRICAL_SURFACE('',#13308,0.95);
#9065=CYLINDRICAL_SURFACE('',#13341,0.885);
#9066=CYLINDRICAL_SURFACE('',#13344,0.885);
#9067=CYLINDRICAL_SURFACE('',#13347,0.885);
#9068=CYLINDRICAL_SURFACE('',#13350,0.885);
#9069=CYLINDRICAL_SURFACE('',#13353,0.885);
#9070=CYLINDRICAL_SURFACE('',#13356,0.885);
#9071=CYLINDRICAL_SURFACE('',#13359,0.885);
#9072=CYLINDRICAL_SURFACE('',#13362,0.885);
#9073=CYLINDRICAL_SURFACE('',#13365,0.885);
#9074=CYLINDRICAL_SURFACE('',#13368,0.885);
#9075=CYLINDRICAL_SURFACE('',#13371,0.885);
#9076=CYLINDRICAL_SURFACE('',#13374,0.885);
#9077=CYLINDRICAL_SURFACE('',#13377,0.885);
#9078=CYLINDRICAL_SURFACE('',#13380,0.885);
#9079=CYLINDRICAL_SURFACE('',#13385,2.167);
#9080=CYLINDRICAL_SURFACE('',#13388,2.167);
#9081=CYLINDRICAL_SURFACE('',#13393,3.42350000000001);
#9082=CYLINDRICAL_SURFACE('',#13398,3.42350000000001);
#9083=CYLINDRICAL_SURFACE('',#13401,5.);
#9084=CYLINDRICAL_SURFACE('',#13407,5.5);
#9085=CYLINDRICAL_SURFACE('',#13415,4.);
#9086=CYLINDRICAL_SURFACE('',#13420,5.);
#9087=CYLINDRICAL_SURFACE('',#13426,5.5);
#9088=CYLINDRICAL_SURFACE('',#13434,4.);
#9089=CYLINDRICAL_SURFACE('',#13439,4.00000000000001);
#9090=CYLINDRICAL_SURFACE('',#13447,4.);
#9091=CYLINDRICAL_SURFACE('',#13455,4.00000000000001);
#9092=CYLINDRICAL_SURFACE('',#13460,4.);
#9093=CYLINDRICAL_SURFACE('',#13467,3.);
#9094=CYLINDRICAL_SURFACE('',#13472,3.);
#9095=CYLINDRICAL_SURFACE('',#13475,3.);
#9096=CYLINDRICAL_SURFACE('',#13480,5.4585);
#9097=CYLINDRICAL_SURFACE('',#13484,3.1);
#9098=CYLINDRICAL_SURFACE('',#13487,6.25);
#9099=CYLINDRICAL_SURFACE('',#13495,2.9585);
#9100=CYLINDRICAL_SURFACE('',#13498,6.25);
#9101=CYLINDRICAL_SURFACE('',#13506,2.9585);
#9102=CYLINDRICAL_SURFACE('',#13509,3.25);
#9103=CYLINDRICAL_SURFACE('',#13513,1.2295);
#9104=CYLINDRICAL_SURFACE('',#13526,0.299999999999998);
#9105=CYLINDRICAL_SURFACE('',#13529,0.300000000000001);
#9106=CYLINDRICAL_SURFACE('',#13538,0.300000000000001);
#9107=CYLINDRICAL_SURFACE('',#13541,37.5);
#9108=CYLINDRICAL_SURFACE('',#13546,1.721);
#9109=CYLINDRICAL_SURFACE('',#13550,1.621);
#9110=CYLINDRICAL_SURFACE('',#13559,1.621);
#9111=CYLINDRICAL_SURFACE('',#13563,1.721);
#9112=CYLINDRICAL_SURFACE('',#13570,2.55);
#9113=CYLINDRICAL_SURFACE('',#13582,6.);
#9114=CYLINDRICAL_SURFACE('',#13588,5.);
#9115=CYLINDRICAL_SURFACE('',#13589,0.8);
#9116=CYLINDRICAL_SURFACE('',#13592,0.8);
#9117=CYLINDRICAL_SURFACE('',#13595,0.8);
#9118=CYLINDRICAL_SURFACE('',#13598,0.8);
#9119=CYLINDRICAL_SURFACE('',#13610,4.8);
#9120=CYLINDRICAL_SURFACE('',#13621,2.25);
#9121=CYLINDRICAL_SURFACE('',#13625,4.75000000000003);
#9122=CYLINDRICAL_SURFACE('',#13629,4.);
#9123=CYLINDRICAL_SURFACE('',#13652,4.90000000000002);
#9124=CYLINDRICAL_SURFACE('',#13654,4.90000000000002);
#9125=CYLINDRICAL_SURFACE('',#13656,4.90000000000002);
#9126=CYLINDRICAL_SURFACE('',#13658,4.90000000000002);
#9127=CYLINDRICAL_SURFACE('',#13660,4.90000000000002);
#9128=CYLINDRICAL_SURFACE('',#13662,4.90000000000002);
#9129=CYLINDRICAL_SURFACE('',#13664,2.25);
#9130=CYLINDRICAL_SURFACE('',#13668,2.25);
#9131=CYLINDRICAL_SURFACE('',#13672,2.25);
#9132=CYLINDRICAL_SURFACE('',#13675,2.25);
#9133=CYLINDRICAL_SURFACE('',#13686,3.35000000000002);
#9134=CYLINDRICAL_SURFACE('',#13693,4.75);
#9135=CYLINDRICAL_SURFACE('',#13698,2.90000000000001);
#9136=CYLINDRICAL_SURFACE('',#13703,5.);
#9137=CYLINDRICAL_SURFACE('',#13709,4.);
#9138=CYLINDRICAL_SURFACE('',#13713,3.40000000000001);
#9139=CYLINDRICAL_SURFACE('',#13717,2.90000000000001);
#9140=CYLINDRICAL_SURFACE('',#13732,2.50000000000006);
#9141=CYLINDRICAL_SURFACE('',#13733,2.50000000000008);
#9142=CYLINDRICAL_SURFACE('',#13735,2.50000000000007);
#9143=CYLINDRICAL_SURFACE('',#13737,2.50000000000002);
#9144=CYLINDRICAL_SURFACE('',#13738,3.25);
#9145=CYLINDRICAL_SURFACE('',#13742,3.24999999999999);
#9146=CYLINDRICAL_SURFACE('',#13746,3.24999999999998);
#9147=CYLINDRICAL_SURFACE('',#13750,3.24999999999998);
#9148=CYLINDRICAL_SURFACE('',#13758,4.50000000000001);
#9149=CYLINDRICAL_SURFACE('',#13764,2.94999999999998);
#9150=CYLINDRICAL_SURFACE('',#13769,4.4);
#9151=CYLINDRICAL_SURFACE('',#13773,4.);
#9152=CYLINDRICAL_SURFACE('',#13779,3.25);
#9153=CYLINDRICAL_SURFACE('',#13785,3.45000000000001);
#9154=CYLINDRICAL_SURFACE('',#13793,2.9);
#9155=CYLINDRICAL_SURFACE('',#13812,0.5);
#9156=CYLINDRICAL_SURFACE('',#13816,0.5);
#9157=CYLINDRICAL_SURFACE('',#13820,0.5);
#9158=CYLINDRICAL_SURFACE('',#13824,0.5);
#9159=CYLINDRICAL_SURFACE('',#13828,0.5);
#9160=CYLINDRICAL_SURFACE('',#13832,0.5);
#9161=CYLINDRICAL_SURFACE('',#13836,0.5);
#9162=CYLINDRICAL_SURFACE('',#13852,3.5);
#9163=CYLINDRICAL_SURFACE('',#13896,1.5);
#9164=CYLINDRICAL_SURFACE('',#13913,5.);
#9165=CYLINDRICAL_SURFACE('',#13923,3.);
#9166=CYLINDRICAL_SURFACE('',#13943,3.);
#9167=CYLINDRICAL_SURFACE('',#13948,0.0999999999999545);
#9168=CYLINDRICAL_SURFACE('',#13971,2.);
#9169=CYLINDRICAL_SURFACE('',#13995,5.);
#9170=CYLINDRICAL_SURFACE('',#13999,4.15);
#9171=CYLINDRICAL_SURFACE('',#14016,3.76500000000004);
#9172=CYLINDRICAL_SURFACE('',#14021,2.);
#9173=CYLINDRICAL_SURFACE('',#14044,15.75);
#9174=CYLINDRICAL_SURFACE('',#14055,37.5);
#9175=CYLINDRICAL_SURFACE('',#14061,37.5);
#9176=CYLINDRICAL_SURFACE('',#14072,15.75);
#9177=CYLINDRICAL_SURFACE('',#14075,3.25);
#9178=CYLINDRICAL_SURFACE('',#14078,3.25);
#9179=CYLINDRICAL_SURFACE('',#14081,3.25);
#9180=CYLINDRICAL_SURFACE('',#14084,3.25);
#9181=CYLINDRICAL_SURFACE('',#14089,3.);
#9182=CYLINDRICAL_SURFACE('',#14092,1.05000000000001);
#9183=CYLINDRICAL_SURFACE('',#14095,1.05000000000001);
#9184=STYLED_ITEM('',(#9603),#12121);
#9185=STYLED_ITEM('',(#9604),#12122);
#9186=STYLED_ITEM('',(#9605),#12123);
#9187=STYLED_ITEM('',(#9606),#12124);
#9188=STYLED_ITEM('',(#9607),#12125);
#9189=STYLED_ITEM('',(#9608),#12126);
#9190=STYLED_ITEM('',(#9609),#12127);
#9191=STYLED_ITEM('',(#9610),#12128);
#9192=STYLED_ITEM('',(#9611),#12129);
#9193=STYLED_ITEM('',(#9612),#12130);
#9194=STYLED_ITEM('',(#9613),#12131);
#9195=STYLED_ITEM('',(#9614),#12132);
#9196=STYLED_ITEM('',(#9615),#12133);
#9197=STYLED_ITEM('',(#9616),#12134);
#9198=STYLED_ITEM('',(#9617),#12135);
#9199=STYLED_ITEM('',(#9618),#12136);
#9200=STYLED_ITEM('',(#9619),#12137);
#9201=STYLED_ITEM('',(#9620),#12138);
#9202=STYLED_ITEM('',(#9621),#12139);
#9203=STYLED_ITEM('',(#9622),#12140);
#9204=STYLED_ITEM('',(#9623),#12141);
#9205=STYLED_ITEM('',(#9624),#12142);
#9206=STYLED_ITEM('',(#9625),#12143);
#9207=STYLED_ITEM('',(#9626),#12144);
#9208=STYLED_ITEM('',(#9627),#12145);
#9209=STYLED_ITEM('',(#9628),#12146);
#9210=STYLED_ITEM('',(#9629),#12147);
#9211=STYLED_ITEM('',(#9630),#12148);
#9212=STYLED_ITEM('',(#9631),#12149);
#9213=STYLED_ITEM('',(#9632),#12150);
#9214=STYLED_ITEM('',(#9633),#12151);
#9215=STYLED_ITEM('',(#9634),#12152);
#9216=STYLED_ITEM('',(#9635),#12153);
#9217=STYLED_ITEM('',(#9636),#12154);
#9218=STYLED_ITEM('',(#9637),#12155);
#9219=STYLED_ITEM('',(#9638),#12156);
#9220=STYLED_ITEM('',(#9639),#12157);
#9221=STYLED_ITEM('',(#9640),#12158);
#9222=STYLED_ITEM('',(#9641),#12159);
#9223=STYLED_ITEM('',(#9642),#12160);
#9224=STYLED_ITEM('',(#9643),#12161);
#9225=STYLED_ITEM('',(#9644),#12162);
#9226=STYLED_ITEM('',(#9645),#12163);
#9227=STYLED_ITEM('',(#9646),#12164);
#9228=STYLED_ITEM('',(#9647),#12165);
#9229=STYLED_ITEM('',(#9648),#12166);
#9230=STYLED_ITEM('',(#9649),#12167);
#9231=STYLED_ITEM('',(#9650),#12168);
#9232=STYLED_ITEM('',(#9651),#12169);
#9233=STYLED_ITEM('',(#9652),#12170);
#9234=STYLED_ITEM('',(#9653),#12171);
#9235=STYLED_ITEM('',(#9654),#12172);
#9236=STYLED_ITEM('',(#9655),#12173);
#9237=STYLED_ITEM('',(#9656),#12174);
#9238=STYLED_ITEM('',(#9657),#12175);
#9239=STYLED_ITEM('',(#9658),#12176);
#9240=STYLED_ITEM('',(#9659),#12177);
#9241=STYLED_ITEM('',(#9660),#12178);
#9242=STYLED_ITEM('',(#9661),#12179);
#9243=STYLED_ITEM('',(#9662),#12180);
#9244=STYLED_ITEM('',(#9663),#12181);
#9245=STYLED_ITEM('',(#9664),#12182);
#9246=STYLED_ITEM('',(#9665),#12183);
#9247=STYLED_ITEM('',(#9666),#12184);
#9248=STYLED_ITEM('',(#9667),#12185);
#9249=STYLED_ITEM('',(#9668),#12186);
#9250=STYLED_ITEM('',(#9669),#12187);
#9251=STYLED_ITEM('',(#9670),#12188);
#9252=STYLED_ITEM('',(#9671),#12189);
#9253=STYLED_ITEM('',(#9672),#12190);
#9254=STYLED_ITEM('',(#9673),#12191);
#9255=STYLED_ITEM('',(#9674),#12192);
#9256=STYLED_ITEM('',(#9675),#12193);
#9257=STYLED_ITEM('',(#9676),#12194);
#9258=STYLED_ITEM('',(#9677),#12195);
#9259=STYLED_ITEM('',(#9678),#12196);
#9260=STYLED_ITEM('',(#9679),#12197);
#9261=STYLED_ITEM('',(#9680),#12198);
#9262=STYLED_ITEM('',(#9681),#12199);
#9263=STYLED_ITEM('',(#9682),#12200);
#9264=STYLED_ITEM('',(#9683),#12201);
#9265=STYLED_ITEM('',(#9684),#12202);
#9266=STYLED_ITEM('',(#9685),#12203);
#9267=STYLED_ITEM('',(#9686),#12204);
#9268=STYLED_ITEM('',(#9687),#12205);
#9269=STYLED_ITEM('',(#9688),#12206);
#9270=STYLED_ITEM('',(#9689),#12207);
#9271=STYLED_ITEM('',(#9690),#12208);
#9272=STYLED_ITEM('',(#9691),#12209);
#9273=STYLED_ITEM('',(#9692),#12210);
#9274=STYLED_ITEM('',(#9693),#12211);
#9275=STYLED_ITEM('',(#9694),#12212);
#9276=STYLED_ITEM('',(#9695),#12213);
#9277=STYLED_ITEM('',(#9696),#12214);
#9278=STYLED_ITEM('',(#9697),#12215);
#9279=STYLED_ITEM('',(#9698),#12216);
#9280=STYLED_ITEM('',(#9699),#12217);
#9281=STYLED_ITEM('',(#9700),#12218);
#9282=STYLED_ITEM('',(#9701),#12219);
#9283=STYLED_ITEM('',(#9702),#12220);
#9284=STYLED_ITEM('',(#9703),#12221);
#9285=STYLED_ITEM('',(#9704),#12222);
#9286=STYLED_ITEM('',(#9705),#12223);
#9287=STYLED_ITEM('',(#9706),#12224);
#9288=STYLED_ITEM('',(#9707),#12225);
#9289=STYLED_ITEM('',(#9708),#12226);
#9290=STYLED_ITEM('',(#9709),#12227);
#9291=STYLED_ITEM('',(#9710),#12228);
#9292=STYLED_ITEM('',(#9711),#12229);
#9293=STYLED_ITEM('',(#9712),#12230);
#9294=STYLED_ITEM('',(#9713),#12231);
#9295=STYLED_ITEM('',(#9714),#12232);
#9296=STYLED_ITEM('',(#9715),#12233);
#9297=STYLED_ITEM('',(#9716),#12234);
#9298=STYLED_ITEM('',(#9717),#12235);
#9299=STYLED_ITEM('',(#9718),#12236);
#9300=STYLED_ITEM('',(#9719),#12237);
#9301=STYLED_ITEM('',(#9720),#12238);
#9302=STYLED_ITEM('',(#9721),#12239);
#9303=STYLED_ITEM('',(#9722),#12240);
#9304=STYLED_ITEM('',(#9723),#12241);
#9305=STYLED_ITEM('',(#9724),#12242);
#9306=STYLED_ITEM('',(#9725),#12243);
#9307=STYLED_ITEM('',(#9726),#12244);
#9308=STYLED_ITEM('',(#9727),#12245);
#9309=STYLED_ITEM('',(#9728),#12246);
#9310=STYLED_ITEM('',(#9729),#12247);
#9311=STYLED_ITEM('',(#9730),#12248);
#9312=STYLED_ITEM('',(#9731),#12249);
#9313=STYLED_ITEM('',(#9732),#12250);
#9314=STYLED_ITEM('',(#9733),#12251);
#9315=STYLED_ITEM('',(#9734),#12252);
#9316=STYLED_ITEM('',(#9735),#12253);
#9317=STYLED_ITEM('',(#9736),#12254);
#9318=STYLED_ITEM('',(#9737),#12255);
#9319=STYLED_ITEM('',(#9738),#12256);
#9320=STYLED_ITEM('',(#9739),#12257);
#9321=STYLED_ITEM('',(#9740),#12258);
#9322=STYLED_ITEM('',(#9741),#12259);
#9323=STYLED_ITEM('',(#9742),#12260);
#9324=STYLED_ITEM('',(#9743),#12261);
#9325=STYLED_ITEM('',(#9744),#12262);
#9326=STYLED_ITEM('',(#9745),#12263);
#9327=STYLED_ITEM('',(#9746),#12264);
#9328=STYLED_ITEM('',(#9747),#12265);
#9329=STYLED_ITEM('',(#9748),#12266);
#9330=STYLED_ITEM('',(#9749),#12267);
#9331=STYLED_ITEM('',(#9750),#12268);
#9332=STYLED_ITEM('',(#9751),#12269);
#9333=STYLED_ITEM('',(#9752),#12270);
#9334=STYLED_ITEM('',(#9753),#12271);
#9335=STYLED_ITEM('',(#9754),#12272);
#9336=STYLED_ITEM('',(#9755),#12273);
#9337=STYLED_ITEM('',(#9756),#12274);
#9338=STYLED_ITEM('',(#9757),#12275);
#9339=STYLED_ITEM('',(#9758),#12276);
#9340=STYLED_ITEM('',(#9759),#12277);
#9341=STYLED_ITEM('',(#9760),#12278);
#9342=STYLED_ITEM('',(#9761),#12279);
#9343=STYLED_ITEM('',(#9762),#12280);
#9344=STYLED_ITEM('',(#9763),#12281);
#9345=STYLED_ITEM('',(#9764),#12282);
#9346=STYLED_ITEM('',(#9765),#12283);
#9347=STYLED_ITEM('',(#9766),#12284);
#9348=STYLED_ITEM('',(#9767),#12285);
#9349=STYLED_ITEM('',(#9768),#12286);
#9350=STYLED_ITEM('',(#9769),#12287);
#9351=STYLED_ITEM('',(#9770),#12288);
#9352=STYLED_ITEM('',(#9771),#12289);
#9353=STYLED_ITEM('',(#9772),#12290);
#9354=STYLED_ITEM('',(#9773),#12291);
#9355=STYLED_ITEM('',(#9774),#12292);
#9356=STYLED_ITEM('',(#9775),#12293);
#9357=STYLED_ITEM('',(#9776),#12294);
#9358=STYLED_ITEM('',(#9777),#12295);
#9359=STYLED_ITEM('',(#9778),#12296);
#9360=STYLED_ITEM('',(#9779),#12297);
#9361=STYLED_ITEM('',(#9780),#12298);
#9362=STYLED_ITEM('',(#9781),#12299);
#9363=STYLED_ITEM('',(#9782),#12300);
#9364=STYLED_ITEM('',(#9783),#12301);
#9365=STYLED_ITEM('',(#9784),#12302);
#9366=STYLED_ITEM('',(#9785),#12303);
#9367=STYLED_ITEM('',(#9786),#12304);
#9368=STYLED_ITEM('',(#9787),#12305);
#9369=STYLED_ITEM('',(#9788),#12306);
#9370=STYLED_ITEM('',(#9789),#12307);
#9371=STYLED_ITEM('',(#9790),#12308);
#9372=STYLED_ITEM('',(#9791),#12309);
#9373=STYLED_ITEM('',(#9792),#12310);
#9374=STYLED_ITEM('',(#9793),#12311);
#9375=STYLED_ITEM('',(#9794),#12312);
#9376=STYLED_ITEM('',(#9795),#12313);
#9377=STYLED_ITEM('',(#9796),#12314);
#9378=STYLED_ITEM('',(#9797),#12315);
#9379=STYLED_ITEM('',(#9798),#12316);
#9380=STYLED_ITEM('',(#9799),#12317);
#9381=STYLED_ITEM('',(#9800),#12318);
#9382=STYLED_ITEM('',(#9801),#12319);
#9383=STYLED_ITEM('',(#9802),#12320);
#9384=STYLED_ITEM('',(#9803),#12321);
#9385=STYLED_ITEM('',(#9804),#12322);
#9386=STYLED_ITEM('',(#9805),#12323);
#9387=STYLED_ITEM('',(#9806),#12324);
#9388=STYLED_ITEM('',(#9807),#12325);
#9389=STYLED_ITEM('',(#9808),#12326);
#9390=STYLED_ITEM('',(#9809),#12327);
#9391=STYLED_ITEM('',(#9810),#12328);
#9392=STYLED_ITEM('',(#9811),#12329);
#9393=STYLED_ITEM('',(#9812),#12330);
#9394=STYLED_ITEM('',(#9813),#12331);
#9395=STYLED_ITEM('',(#9814),#12332);
#9396=STYLED_ITEM('',(#9815),#12333);
#9397=STYLED_ITEM('',(#9816),#12334);
#9398=STYLED_ITEM('',(#9817),#12335);
#9399=STYLED_ITEM('',(#9818),#12336);
#9400=STYLED_ITEM('',(#9819),#12337);
#9401=STYLED_ITEM('',(#9820),#12338);
#9402=STYLED_ITEM('',(#9821),#12339);
#9403=STYLED_ITEM('',(#9822),#12340);
#9404=STYLED_ITEM('',(#9823),#12341);
#9405=STYLED_ITEM('',(#9824),#12342);
#9406=STYLED_ITEM('',(#9825),#12343);
#9407=STYLED_ITEM('',(#9826),#12344);
#9408=STYLED_ITEM('',(#9827),#12345);
#9409=STYLED_ITEM('',(#9828),#12346);
#9410=STYLED_ITEM('',(#9829),#12347);
#9411=STYLED_ITEM('',(#9830),#12348);
#9412=STYLED_ITEM('',(#9831),#12349);
#9413=STYLED_ITEM('',(#9832),#12350);
#9414=STYLED_ITEM('',(#9833),#12351);
#9415=STYLED_ITEM('',(#9834),#12352);
#9416=STYLED_ITEM('',(#9835),#12353);
#9417=STYLED_ITEM('',(#9836),#12354);
#9418=STYLED_ITEM('',(#9837),#12355);
#9419=STYLED_ITEM('',(#9838),#12356);
#9420=STYLED_ITEM('',(#9839),#12357);
#9421=STYLED_ITEM('',(#9840),#12358);
#9422=STYLED_ITEM('',(#9841),#12359);
#9423=STYLED_ITEM('',(#9842),#12360);
#9424=STYLED_ITEM('',(#9843),#12361);
#9425=STYLED_ITEM('',(#9844),#12362);
#9426=STYLED_ITEM('',(#9845),#12363);
#9427=STYLED_ITEM('',(#9846),#12364);
#9428=STYLED_ITEM('',(#9847),#12365);
#9429=STYLED_ITEM('',(#9848),#12366);
#9430=STYLED_ITEM('',(#9849),#12367);
#9431=STYLED_ITEM('',(#9850),#12368);
#9432=STYLED_ITEM('',(#9851),#12369);
#9433=STYLED_ITEM('',(#9852),#12370);
#9434=STYLED_ITEM('',(#9853),#12371);
#9435=STYLED_ITEM('',(#9854),#12372);
#9436=STYLED_ITEM('',(#9855),#12373);
#9437=STYLED_ITEM('',(#9856),#12374);
#9438=STYLED_ITEM('',(#9857),#12375);
#9439=STYLED_ITEM('',(#9858),#12376);
#9440=STYLED_ITEM('',(#9859),#12377);
#9441=STYLED_ITEM('',(#9860),#12378);
#9442=STYLED_ITEM('',(#9861),#12379);
#9443=STYLED_ITEM('',(#9862),#12380);
#9444=STYLED_ITEM('',(#9863),#12381);
#9445=STYLED_ITEM('',(#9864),#12382);
#9446=STYLED_ITEM('',(#9865),#12383);
#9447=STYLED_ITEM('',(#9866),#12384);
#9448=STYLED_ITEM('',(#9867),#12385);
#9449=STYLED_ITEM('',(#9868),#12386);
#9450=STYLED_ITEM('',(#9869),#12387);
#9451=STYLED_ITEM('',(#9870),#12388);
#9452=STYLED_ITEM('',(#9871),#12389);
#9453=STYLED_ITEM('',(#9872),#12390);
#9454=STYLED_ITEM('',(#9873),#12391);
#9455=STYLED_ITEM('',(#9874),#12392);
#9456=STYLED_ITEM('',(#9875),#12393);
#9457=STYLED_ITEM('',(#9876),#12394);
#9458=STYLED_ITEM('',(#9877),#12395);
#9459=STYLED_ITEM('',(#9878),#12396);
#9460=STYLED_ITEM('',(#9879),#12397);
#9461=STYLED_ITEM('',(#9880),#12398);
#9462=STYLED_ITEM('',(#9881),#12399);
#9463=STYLED_ITEM('',(#9882),#12400);
#9464=STYLED_ITEM('',(#9883),#12401);
#9465=STYLED_ITEM('',(#9884),#12402);
#9466=STYLED_ITEM('',(#9885),#12403);
#9467=STYLED_ITEM('',(#9886),#12404);
#9468=STYLED_ITEM('',(#9887),#12405);
#9469=STYLED_ITEM('',(#9888),#12406);
#9470=STYLED_ITEM('',(#9889),#12407);
#9471=STYLED_ITEM('',(#9890),#12408);
#9472=STYLED_ITEM('',(#9891),#12409);
#9473=STYLED_ITEM('',(#9892),#12410);
#9474=STYLED_ITEM('',(#9893),#12411);
#9475=STYLED_ITEM('',(#9894),#12412);
#9476=STYLED_ITEM('',(#9895),#12413);
#9477=STYLED_ITEM('',(#9896),#12414);
#9478=STYLED_ITEM('',(#9897),#12415);
#9479=STYLED_ITEM('',(#9898),#12416);
#9480=STYLED_ITEM('',(#9899),#12417);
#9481=STYLED_ITEM('',(#9900),#12418);
#9482=STYLED_ITEM('',(#9901),#12419);
#9483=STYLED_ITEM('',(#9902),#12420);
#9484=STYLED_ITEM('',(#9903),#12421);
#9485=STYLED_ITEM('',(#9904),#12422);
#9486=STYLED_ITEM('',(#9905),#12423);
#9487=STYLED_ITEM('',(#9906),#12424);
#9488=STYLED_ITEM('',(#9907),#12425);
#9489=STYLED_ITEM('',(#9908),#12426);
#9490=STYLED_ITEM('',(#9909),#12427);
#9491=STYLED_ITEM('',(#9910),#12428);
#9492=STYLED_ITEM('',(#9911),#12429);
#9493=STYLED_ITEM('',(#9912),#12430);
#9494=STYLED_ITEM('',(#9913),#12431);
#9495=STYLED_ITEM('',(#9914),#12432);
#9496=STYLED_ITEM('',(#9915),#12433);
#9497=STYLED_ITEM('',(#9916),#12434);
#9498=STYLED_ITEM('',(#9917),#12435);
#9499=STYLED_ITEM('',(#9918),#12436);
#9500=STYLED_ITEM('',(#9919),#12437);
#9501=STYLED_ITEM('',(#9920),#12438);
#9502=STYLED_ITEM('',(#9921),#12439);
#9503=STYLED_ITEM('',(#9922),#12440);
#9504=STYLED_ITEM('',(#9923),#12441);
#9505=STYLED_ITEM('',(#9924),#12442);
#9506=STYLED_ITEM('',(#9925),#12443);
#9507=STYLED_ITEM('',(#9926),#12444);
#9508=STYLED_ITEM('',(#9927),#12445);
#9509=STYLED_ITEM('',(#9928),#12446);
#9510=STYLED_ITEM('',(#9929),#12447);
#9511=STYLED_ITEM('',(#9930),#12448);
#9512=STYLED_ITEM('',(#9931),#12449);
#9513=STYLED_ITEM('',(#9932),#12450);
#9514=STYLED_ITEM('',(#9933),#12451);
#9515=STYLED_ITEM('',(#9934),#12452);
#9516=STYLED_ITEM('',(#9935),#12453);
#9517=STYLED_ITEM('',(#9936),#12454);
#9518=STYLED_ITEM('',(#9937),#12455);
#9519=STYLED_ITEM('',(#9938),#12456);
#9520=STYLED_ITEM('',(#9939),#12457);
#9521=STYLED_ITEM('',(#9940),#12458);
#9522=STYLED_ITEM('',(#9941),#12459);
#9523=STYLED_ITEM('',(#9942),#12460);
#9524=STYLED_ITEM('',(#9943),#12461);
#9525=STYLED_ITEM('',(#9944),#12462);
#9526=STYLED_ITEM('',(#9945),#12463);
#9527=STYLED_ITEM('',(#9946),#12464);
#9528=STYLED_ITEM('',(#9947),#12465);
#9529=STYLED_ITEM('',(#9948),#12466);
#9530=STYLED_ITEM('',(#9949),#12467);
#9531=STYLED_ITEM('',(#9950),#12468);
#9532=STYLED_ITEM('',(#9951),#12469);
#9533=STYLED_ITEM('',(#9952),#12470);
#9534=STYLED_ITEM('',(#9953),#12471);
#9535=STYLED_ITEM('',(#9954),#12472);
#9536=STYLED_ITEM('',(#9955),#12473);
#9537=STYLED_ITEM('',(#9956),#12474);
#9538=STYLED_ITEM('',(#9957),#12475);
#9539=STYLED_ITEM('',(#9958),#12476);
#9540=STYLED_ITEM('',(#9959),#12477);
#9541=STYLED_ITEM('',(#9960),#12478);
#9542=STYLED_ITEM('',(#9961),#12479);
#9543=STYLED_ITEM('',(#9962),#12480);
#9544=STYLED_ITEM('',(#9963),#12481);
#9545=STYLED_ITEM('',(#9964),#12482);
#9546=STYLED_ITEM('',(#9965),#12483);
#9547=STYLED_ITEM('',(#9966),#12484);
#9548=STYLED_ITEM('',(#9967),#12485);
#9549=STYLED_ITEM('',(#9968),#12486);
#9550=STYLED_ITEM('',(#9969),#12487);
#9551=STYLED_ITEM('',(#9970),#12488);
#9552=STYLED_ITEM('',(#9971),#12489);
#9553=STYLED_ITEM('',(#9972),#12490);
#9554=STYLED_ITEM('',(#9973),#12491);
#9555=STYLED_ITEM('',(#9974),#12492);
#9556=STYLED_ITEM('',(#9975),#12493);
#9557=STYLED_ITEM('',(#9976),#12494);
#9558=STYLED_ITEM('',(#9977),#12495);
#9559=STYLED_ITEM('',(#9978),#12496);
#9560=STYLED_ITEM('',(#9979),#12497);
#9561=STYLED_ITEM('',(#9980),#12498);
#9562=STYLED_ITEM('',(#9981),#12499);
#9563=STYLED_ITEM('',(#9982),#12500);
#9564=STYLED_ITEM('',(#9983),#12501);
#9565=STYLED_ITEM('',(#9984),#12803);
#9566=STYLED_ITEM('',(#9985),#12804);
#9567=STYLED_ITEM('',(#9986),#12805);
#9568=STYLED_ITEM('',(#9987),#12806);
#9569=STYLED_ITEM('',(#9988),#12807);
#9570=STYLED_ITEM('',(#9989),#12808);
#9571=STYLED_ITEM('',(#9990),#12809);
#9572=STYLED_ITEM('',(#9991),#12810);
#9573=STYLED_ITEM('',(#9992),#12762);
#9574=STYLED_ITEM('',(#9993),#12763);
#9575=STYLED_ITEM('',(#9994),#12764);
#9576=STYLED_ITEM('',(#9995),#12765);
#9577=STYLED_ITEM('',(#9996),#12766);
#9578=STYLED_ITEM('',(#9997),#12767);
#9579=STYLED_ITEM('',(#9998),#12768);
#9580=STYLED_ITEM('',(#9999),#12769);
#9581=STYLED_ITEM('',(#10000),#12770);
#9582=STYLED_ITEM('',(#10001),#12771);
#9583=STYLED_ITEM('',(#10002),#12772);
#9584=STYLED_ITEM('',(#10003),#12773);
#9585=STYLED_ITEM('',(#10004),#12774);
#9586=STYLED_ITEM('',(#10005),#12775);
#9587=STYLED_ITEM('',(#10006),#12776);
#9588=STYLED_ITEM('',(#10007),#12777);
#9589=STYLED_ITEM('',(#10008),#12778);
#9590=STYLED_ITEM('',(#10009),#12779);
#9591=STYLED_ITEM('',(#10010),#12780);
#9592=STYLED_ITEM('',(#10011),#12781);
#9593=STYLED_ITEM('',(#10012),#12782);
#9594=STYLED_ITEM('',(#10013),#12783);
#9595=STYLED_ITEM('',(#10014),#12784);
#9596=STYLED_ITEM('',(#10015),#12785);
#9597=STYLED_ITEM('',(#10016),#12786);
#9598=STYLED_ITEM('',(#10017),#12787);
#9599=STYLED_ITEM('',(#10018),#12788);
#9600=STYLED_ITEM('',(#10019),#12789);
#9601=STYLED_ITEM('',(#10020),#12790);
#9602=STYLED_ITEM('',(#10021),#12791);
#9603=PRESENTATION_STYLE_ASSIGNMENT((#10022));
#9604=PRESENTATION_STYLE_ASSIGNMENT((#10023));
#9605=PRESENTATION_STYLE_ASSIGNMENT((#10024));
#9606=PRESENTATION_STYLE_ASSIGNMENT((#10025));
#9607=PRESENTATION_STYLE_ASSIGNMENT((#10026));
#9608=PRESENTATION_STYLE_ASSIGNMENT((#10027));
#9609=PRESENTATION_STYLE_ASSIGNMENT((#10028));
#9610=PRESENTATION_STYLE_ASSIGNMENT((#10029));
#9611=PRESENTATION_STYLE_ASSIGNMENT((#10030));
#9612=PRESENTATION_STYLE_ASSIGNMENT((#10031));
#9613=PRESENTATION_STYLE_ASSIGNMENT((#10032));
#9614=PRESENTATION_STYLE_ASSIGNMENT((#10033));
#9615=PRESENTATION_STYLE_ASSIGNMENT((#10034));
#9616=PRESENTATION_STYLE_ASSIGNMENT((#10035));
#9617=PRESENTATION_STYLE_ASSIGNMENT((#10036));
#9618=PRESENTATION_STYLE_ASSIGNMENT((#10037));
#9619=PRESENTATION_STYLE_ASSIGNMENT((#10038));
#9620=PRESENTATION_STYLE_ASSIGNMENT((#10039));
#9621=PRESENTATION_STYLE_ASSIGNMENT((#10040));
#9622=PRESENTATION_STYLE_ASSIGNMENT((#10041));
#9623=PRESENTATION_STYLE_ASSIGNMENT((#10042));
#9624=PRESENTATION_STYLE_ASSIGNMENT((#10043));
#9625=PRESENTATION_STYLE_ASSIGNMENT((#10044));
#9626=PRESENTATION_STYLE_ASSIGNMENT((#10045));
#9627=PRESENTATION_STYLE_ASSIGNMENT((#10046));
#9628=PRESENTATION_STYLE_ASSIGNMENT((#10047));
#9629=PRESENTATION_STYLE_ASSIGNMENT((#10048));
#9630=PRESENTATION_STYLE_ASSIGNMENT((#10049));
#9631=PRESENTATION_STYLE_ASSIGNMENT((#10050));
#9632=PRESENTATION_STYLE_ASSIGNMENT((#10051));
#9633=PRESENTATION_STYLE_ASSIGNMENT((#10052));
#9634=PRESENTATION_STYLE_ASSIGNMENT((#10053));
#9635=PRESENTATION_STYLE_ASSIGNMENT((#10054));
#9636=PRESENTATION_STYLE_ASSIGNMENT((#10055));
#9637=PRESENTATION_STYLE_ASSIGNMENT((#10056));
#9638=PRESENTATION_STYLE_ASSIGNMENT((#10057));
#9639=PRESENTATION_STYLE_ASSIGNMENT((#10058));
#9640=PRESENTATION_STYLE_ASSIGNMENT((#10059));
#9641=PRESENTATION_STYLE_ASSIGNMENT((#10060));
#9642=PRESENTATION_STYLE_ASSIGNMENT((#10061));
#9643=PRESENTATION_STYLE_ASSIGNMENT((#10062));
#9644=PRESENTATION_STYLE_ASSIGNMENT((#10063));
#9645=PRESENTATION_STYLE_ASSIGNMENT((#10064));
#9646=PRESENTATION_STYLE_ASSIGNMENT((#10065));
#9647=PRESENTATION_STYLE_ASSIGNMENT((#10066));
#9648=PRESENTATION_STYLE_ASSIGNMENT((#10067));
#9649=PRESENTATION_STYLE_ASSIGNMENT((#10068));
#9650=PRESENTATION_STYLE_ASSIGNMENT((#10069));
#9651=PRESENTATION_STYLE_ASSIGNMENT((#10070));
#9652=PRESENTATION_STYLE_ASSIGNMENT((#10071));
#9653=PRESENTATION_STYLE_ASSIGNMENT((#10072));
#9654=PRESENTATION_STYLE_ASSIGNMENT((#10073));
#9655=PRESENTATION_STYLE_ASSIGNMENT((#10074));
#9656=PRESENTATION_STYLE_ASSIGNMENT((#10075));
#9657=PRESENTATION_STYLE_ASSIGNMENT((#10076));
#9658=PRESENTATION_STYLE_ASSIGNMENT((#10077));
#9659=PRESENTATION_STYLE_ASSIGNMENT((#10078));
#9660=PRESENTATION_STYLE_ASSIGNMENT((#10079));
#9661=PRESENTATION_STYLE_ASSIGNMENT((#10080));
#9662=PRESENTATION_STYLE_ASSIGNMENT((#10081));
#9663=PRESENTATION_STYLE_ASSIGNMENT((#10082));
#9664=PRESENTATION_STYLE_ASSIGNMENT((#10083));
#9665=PRESENTATION_STYLE_ASSIGNMENT((#10084));
#9666=PRESENTATION_STYLE_ASSIGNMENT((#10085));
#9667=PRESENTATION_STYLE_ASSIGNMENT((#10086));
#9668=PRESENTATION_STYLE_ASSIGNMENT((#10087));
#9669=PRESENTATION_STYLE_ASSIGNMENT((#10088));
#9670=PRESENTATION_STYLE_ASSIGNMENT((#10089));
#9671=PRESENTATION_STYLE_ASSIGNMENT((#10090));
#9672=PRESENTATION_STYLE_ASSIGNMENT((#10091));
#9673=PRESENTATION_STYLE_ASSIGNMENT((#10092));
#9674=PRESENTATION_STYLE_ASSIGNMENT((#10093));
#9675=PRESENTATION_STYLE_ASSIGNMENT((#10094));
#9676=PRESENTATION_STYLE_ASSIGNMENT((#10095));
#9677=PRESENTATION_STYLE_ASSIGNMENT((#10096));
#9678=PRESENTATION_STYLE_ASSIGNMENT((#10097));
#9679=PRESENTATION_STYLE_ASSIGNMENT((#10098));
#9680=PRESENTATION_STYLE_ASSIGNMENT((#10099));
#9681=PRESENTATION_STYLE_ASSIGNMENT((#10100));
#9682=PRESENTATION_STYLE_ASSIGNMENT((#10101));
#9683=PRESENTATION_STYLE_ASSIGNMENT((#10102));
#9684=PRESENTATION_STYLE_ASSIGNMENT((#10103));
#9685=PRESENTATION_STYLE_ASSIGNMENT((#10104));
#9686=PRESENTATION_STYLE_ASSIGNMENT((#10105));
#9687=PRESENTATION_STYLE_ASSIGNMENT((#10106));
#9688=PRESENTATION_STYLE_ASSIGNMENT((#10107));
#9689=PRESENTATION_STYLE_ASSIGNMENT((#10108));
#9690=PRESENTATION_STYLE_ASSIGNMENT((#10109));
#9691=PRESENTATION_STYLE_ASSIGNMENT((#10110));
#9692=PRESENTATION_STYLE_ASSIGNMENT((#10111));
#9693=PRESENTATION_STYLE_ASSIGNMENT((#10112));
#9694=PRESENTATION_STYLE_ASSIGNMENT((#10113));
#9695=PRESENTATION_STYLE_ASSIGNMENT((#10114));
#9696=PRESENTATION_STYLE_ASSIGNMENT((#10115));
#9697=PRESENTATION_STYLE_ASSIGNMENT((#10116));
#9698=PRESENTATION_STYLE_ASSIGNMENT((#10117));
#9699=PRESENTATION_STYLE_ASSIGNMENT((#10118));
#9700=PRESENTATION_STYLE_ASSIGNMENT((#10119));
#9701=PRESENTATION_STYLE_ASSIGNMENT((#10120));
#9702=PRESENTATION_STYLE_ASSIGNMENT((#10121));
#9703=PRESENTATION_STYLE_ASSIGNMENT((#10122));
#9704=PRESENTATION_STYLE_ASSIGNMENT((#10123));
#9705=PRESENTATION_STYLE_ASSIGNMENT((#10124));
#9706=PRESENTATION_STYLE_ASSIGNMENT((#10125));
#9707=PRESENTATION_STYLE_ASSIGNMENT((#10126));
#9708=PRESENTATION_STYLE_ASSIGNMENT((#10127));
#9709=PRESENTATION_STYLE_ASSIGNMENT((#10128));
#9710=PRESENTATION_STYLE_ASSIGNMENT((#10129));
#9711=PRESENTATION_STYLE_ASSIGNMENT((#10130));
#9712=PRESENTATION_STYLE_ASSIGNMENT((#10131));
#9713=PRESENTATION_STYLE_ASSIGNMENT((#10132));
#9714=PRESENTATION_STYLE_ASSIGNMENT((#10133));
#9715=PRESENTATION_STYLE_ASSIGNMENT((#10134));
#9716=PRESENTATION_STYLE_ASSIGNMENT((#10135));
#9717=PRESENTATION_STYLE_ASSIGNMENT((#10136));
#9718=PRESENTATION_STYLE_ASSIGNMENT((#10137));
#9719=PRESENTATION_STYLE_ASSIGNMENT((#10138));
#9720=PRESENTATION_STYLE_ASSIGNMENT((#10139));
#9721=PRESENTATION_STYLE_ASSIGNMENT((#10140));
#9722=PRESENTATION_STYLE_ASSIGNMENT((#10141));
#9723=PRESENTATION_STYLE_ASSIGNMENT((#10142));
#9724=PRESENTATION_STYLE_ASSIGNMENT((#10143));
#9725=PRESENTATION_STYLE_ASSIGNMENT((#10144));
#9726=PRESENTATION_STYLE_ASSIGNMENT((#10145));
#9727=PRESENTATION_STYLE_ASSIGNMENT((#10146));
#9728=PRESENTATION_STYLE_ASSIGNMENT((#10147));
#9729=PRESENTATION_STYLE_ASSIGNMENT((#10148));
#9730=PRESENTATION_STYLE_ASSIGNMENT((#10149));
#9731=PRESENTATION_STYLE_ASSIGNMENT((#10150));
#9732=PRESENTATION_STYLE_ASSIGNMENT((#10151));
#9733=PRESENTATION_STYLE_ASSIGNMENT((#10152));
#9734=PRESENTATION_STYLE_ASSIGNMENT((#10153));
#9735=PRESENTATION_STYLE_ASSIGNMENT((#10154));
#9736=PRESENTATION_STYLE_ASSIGNMENT((#10155));
#9737=PRESENTATION_STYLE_ASSIGNMENT((#10156));
#9738=PRESENTATION_STYLE_ASSIGNMENT((#10157));
#9739=PRESENTATION_STYLE_ASSIGNMENT((#10158));
#9740=PRESENTATION_STYLE_ASSIGNMENT((#10159));
#9741=PRESENTATION_STYLE_ASSIGNMENT((#10160));
#9742=PRESENTATION_STYLE_ASSIGNMENT((#10161));
#9743=PRESENTATION_STYLE_ASSIGNMENT((#10162));
#9744=PRESENTATION_STYLE_ASSIGNMENT((#10163));
#9745=PRESENTATION_STYLE_ASSIGNMENT((#10164));
#9746=PRESENTATION_STYLE_ASSIGNMENT((#10165));
#9747=PRESENTATION_STYLE_ASSIGNMENT((#10166));
#9748=PRESENTATION_STYLE_ASSIGNMENT((#10167));
#9749=PRESENTATION_STYLE_ASSIGNMENT((#10168));
#9750=PRESENTATION_STYLE_ASSIGNMENT((#10169));
#9751=PRESENTATION_STYLE_ASSIGNMENT((#10170));
#9752=PRESENTATION_STYLE_ASSIGNMENT((#10171));
#9753=PRESENTATION_STYLE_ASSIGNMENT((#10172));
#9754=PRESENTATION_STYLE_ASSIGNMENT((#10173));
#9755=PRESENTATION_STYLE_ASSIGNMENT((#10174));
#9756=PRESENTATION_STYLE_ASSIGNMENT((#10175));
#9757=PRESENTATION_STYLE_ASSIGNMENT((#10176));
#9758=PRESENTATION_STYLE_ASSIGNMENT((#10177));
#9759=PRESENTATION_STYLE_ASSIGNMENT((#10178));
#9760=PRESENTATION_STYLE_ASSIGNMENT((#10179));
#9761=PRESENTATION_STYLE_ASSIGNMENT((#10180));
#9762=PRESENTATION_STYLE_ASSIGNMENT((#10181));
#9763=PRESENTATION_STYLE_ASSIGNMENT((#10182));
#9764=PRESENTATION_STYLE_ASSIGNMENT((#10183));
#9765=PRESENTATION_STYLE_ASSIGNMENT((#10184));
#9766=PRESENTATION_STYLE_ASSIGNMENT((#10185));
#9767=PRESENTATION_STYLE_ASSIGNMENT((#10186));
#9768=PRESENTATION_STYLE_ASSIGNMENT((#10187));
#9769=PRESENTATION_STYLE_ASSIGNMENT((#10188));
#9770=PRESENTATION_STYLE_ASSIGNMENT((#10189));
#9771=PRESENTATION_STYLE_ASSIGNMENT((#10190));
#9772=PRESENTATION_STYLE_ASSIGNMENT((#10191));
#9773=PRESENTATION_STYLE_ASSIGNMENT((#10192));
#9774=PRESENTATION_STYLE_ASSIGNMENT((#10193));
#9775=PRESENTATION_STYLE_ASSIGNMENT((#10194));
#9776=PRESENTATION_STYLE_ASSIGNMENT((#10195));
#9777=PRESENTATION_STYLE_ASSIGNMENT((#10196));
#9778=PRESENTATION_STYLE_ASSIGNMENT((#10197));
#9779=PRESENTATION_STYLE_ASSIGNMENT((#10198));
#9780=PRESENTATION_STYLE_ASSIGNMENT((#10199));
#9781=PRESENTATION_STYLE_ASSIGNMENT((#10200));
#9782=PRESENTATION_STYLE_ASSIGNMENT((#10201));
#9783=PRESENTATION_STYLE_ASSIGNMENT((#10202));
#9784=PRESENTATION_STYLE_ASSIGNMENT((#10203));
#9785=PRESENTATION_STYLE_ASSIGNMENT((#10204));
#9786=PRESENTATION_STYLE_ASSIGNMENT((#10205));
#9787=PRESENTATION_STYLE_ASSIGNMENT((#10206));
#9788=PRESENTATION_STYLE_ASSIGNMENT((#10207));
#9789=PRESENTATION_STYLE_ASSIGNMENT((#10208));
#9790=PRESENTATION_STYLE_ASSIGNMENT((#10209));
#9791=PRESENTATION_STYLE_ASSIGNMENT((#10210));
#9792=PRESENTATION_STYLE_ASSIGNMENT((#10211));
#9793=PRESENTATION_STYLE_ASSIGNMENT((#10212));
#9794=PRESENTATION_STYLE_ASSIGNMENT((#10213));
#9795=PRESENTATION_STYLE_ASSIGNMENT((#10214));
#9796=PRESENTATION_STYLE_ASSIGNMENT((#10215));
#9797=PRESENTATION_STYLE_ASSIGNMENT((#10216));
#9798=PRESENTATION_STYLE_ASSIGNMENT((#10217));
#9799=PRESENTATION_STYLE_ASSIGNMENT((#10218));
#9800=PRESENTATION_STYLE_ASSIGNMENT((#10219));
#9801=PRESENTATION_STYLE_ASSIGNMENT((#10220));
#9802=PRESENTATION_STYLE_ASSIGNMENT((#10221));
#9803=PRESENTATION_STYLE_ASSIGNMENT((#10222));
#9804=PRESENTATION_STYLE_ASSIGNMENT((#10223));
#9805=PRESENTATION_STYLE_ASSIGNMENT((#10224));
#9806=PRESENTATION_STYLE_ASSIGNMENT((#10225));
#9807=PRESENTATION_STYLE_ASSIGNMENT((#10226));
#9808=PRESENTATION_STYLE_ASSIGNMENT((#10227));
#9809=PRESENTATION_STYLE_ASSIGNMENT((#10228));
#9810=PRESENTATION_STYLE_ASSIGNMENT((#10229));
#9811=PRESENTATION_STYLE_ASSIGNMENT((#10230));
#9812=PRESENTATION_STYLE_ASSIGNMENT((#10231));
#9813=PRESENTATION_STYLE_ASSIGNMENT((#10232));
#9814=PRESENTATION_STYLE_ASSIGNMENT((#10233));
#9815=PRESENTATION_STYLE_ASSIGNMENT((#10234));
#9816=PRESENTATION_STYLE_ASSIGNMENT((#10235));
#9817=PRESENTATION_STYLE_ASSIGNMENT((#10236));
#9818=PRESENTATION_STYLE_ASSIGNMENT((#10237));
#9819=PRESENTATION_STYLE_ASSIGNMENT((#10238));
#9820=PRESENTATION_STYLE_ASSIGNMENT((#10239));
#9821=PRESENTATION_STYLE_ASSIGNMENT((#10240));
#9822=PRESENTATION_STYLE_ASSIGNMENT((#10241));
#9823=PRESENTATION_STYLE_ASSIGNMENT((#10242));
#9824=PRESENTATION_STYLE_ASSIGNMENT((#10243));
#9825=PRESENTATION_STYLE_ASSIGNMENT((#10244));
#9826=PRESENTATION_STYLE_ASSIGNMENT((#10245));
#9827=PRESENTATION_STYLE_ASSIGNMENT((#10246));
#9828=PRESENTATION_STYLE_ASSIGNMENT((#10247));
#9829=PRESENTATION_STYLE_ASSIGNMENT((#10248));
#9830=PRESENTATION_STYLE_ASSIGNMENT((#10249));
#9831=PRESENTATION_STYLE_ASSIGNMENT((#10250));
#9832=PRESENTATION_STYLE_ASSIGNMENT((#10251));
#9833=PRESENTATION_STYLE_ASSIGNMENT((#10252));
#9834=PRESENTATION_STYLE_ASSIGNMENT((#10253));
#9835=PRESENTATION_STYLE_ASSIGNMENT((#10254));
#9836=PRESENTATION_STYLE_ASSIGNMENT((#10255));
#9837=PRESENTATION_STYLE_ASSIGNMENT((#10256));
#9838=PRESENTATION_STYLE_ASSIGNMENT((#10257));
#9839=PRESENTATION_STYLE_ASSIGNMENT((#10258));
#9840=PRESENTATION_STYLE_ASSIGNMENT((#10259));
#9841=PRESENTATION_STYLE_ASSIGNMENT((#10260));
#9842=PRESENTATION_STYLE_ASSIGNMENT((#10261));
#9843=PRESENTATION_STYLE_ASSIGNMENT((#10262));
#9844=PRESENTATION_STYLE_ASSIGNMENT((#10263));
#9845=PRESENTATION_STYLE_ASSIGNMENT((#10264));
#9846=PRESENTATION_STYLE_ASSIGNMENT((#10265));
#9847=PRESENTATION_STYLE_ASSIGNMENT((#10266));
#9848=PRESENTATION_STYLE_ASSIGNMENT((#10267));
#9849=PRESENTATION_STYLE_ASSIGNMENT((#10268));
#9850=PRESENTATION_STYLE_ASSIGNMENT((#10269));
#9851=PRESENTATION_STYLE_ASSIGNMENT((#10270));
#9852=PRESENTATION_STYLE_ASSIGNMENT((#10271));
#9853=PRESENTATION_STYLE_ASSIGNMENT((#10272));
#9854=PRESENTATION_STYLE_ASSIGNMENT((#10273));
#9855=PRESENTATION_STYLE_ASSIGNMENT((#10274));
#9856=PRESENTATION_STYLE_ASSIGNMENT((#10275));
#9857=PRESENTATION_STYLE_ASSIGNMENT((#10276));
#9858=PRESENTATION_STYLE_ASSIGNMENT((#10277));
#9859=PRESENTATION_STYLE_ASSIGNMENT((#10278));
#9860=PRESENTATION_STYLE_ASSIGNMENT((#10279));
#9861=PRESENTATION_STYLE_ASSIGNMENT((#10280));
#9862=PRESENTATION_STYLE_ASSIGNMENT((#10281));
#9863=PRESENTATION_STYLE_ASSIGNMENT((#10282));
#9864=PRESENTATION_STYLE_ASSIGNMENT((#10283));
#9865=PRESENTATION_STYLE_ASSIGNMENT((#10284));
#9866=PRESENTATION_STYLE_ASSIGNMENT((#10285));
#9867=PRESENTATION_STYLE_ASSIGNMENT((#10286));
#9868=PRESENTATION_STYLE_ASSIGNMENT((#10287));
#9869=PRESENTATION_STYLE_ASSIGNMENT((#10288));
#9870=PRESENTATION_STYLE_ASSIGNMENT((#10289));
#9871=PRESENTATION_STYLE_ASSIGNMENT((#10290));
#9872=PRESENTATION_STYLE_ASSIGNMENT((#10291));
#9873=PRESENTATION_STYLE_ASSIGNMENT((#10292));
#9874=PRESENTATION_STYLE_ASSIGNMENT((#10293));
#9875=PRESENTATION_STYLE_ASSIGNMENT((#10294));
#9876=PRESENTATION_STYLE_ASSIGNMENT((#10295));
#9877=PRESENTATION_STYLE_ASSIGNMENT((#10296));
#9878=PRESENTATION_STYLE_ASSIGNMENT((#10297));
#9879=PRESENTATION_STYLE_ASSIGNMENT((#10298));
#9880=PRESENTATION_STYLE_ASSIGNMENT((#10299));
#9881=PRESENTATION_STYLE_ASSIGNMENT((#10300));
#9882=PRESENTATION_STYLE_ASSIGNMENT((#10301));
#9883=PRESENTATION_STYLE_ASSIGNMENT((#10302));
#9884=PRESENTATION_STYLE_ASSIGNMENT((#10303));
#9885=PRESENTATION_STYLE_ASSIGNMENT((#10304));
#9886=PRESENTATION_STYLE_ASSIGNMENT((#10305));
#9887=PRESENTATION_STYLE_ASSIGNMENT((#10306));
#9888=PRESENTATION_STYLE_ASSIGNMENT((#10307));
#9889=PRESENTATION_STYLE_ASSIGNMENT((#10308));
#9890=PRESENTATION_STYLE_ASSIGNMENT((#10309));
#9891=PRESENTATION_STYLE_ASSIGNMENT((#10310));
#9892=PRESENTATION_STYLE_ASSIGNMENT((#10311));
#9893=PRESENTATION_STYLE_ASSIGNMENT((#10312));
#9894=PRESENTATION_STYLE_ASSIGNMENT((#10313));
#9895=PRESENTATION_STYLE_ASSIGNMENT((#10314));
#9896=PRESENTATION_STYLE_ASSIGNMENT((#10315));
#9897=PRESENTATION_STYLE_ASSIGNMENT((#10316));
#9898=PRESENTATION_STYLE_ASSIGNMENT((#10317));
#9899=PRESENTATION_STYLE_ASSIGNMENT((#10318));
#9900=PRESENTATION_STYLE_ASSIGNMENT((#10319));
#9901=PRESENTATION_STYLE_ASSIGNMENT((#10320));
#9902=PRESENTATION_STYLE_ASSIGNMENT((#10321));
#9903=PRESENTATION_STYLE_ASSIGNMENT((#10322));
#9904=PRESENTATION_STYLE_ASSIGNMENT((#10323));
#9905=PRESENTATION_STYLE_ASSIGNMENT((#10324));
#9906=PRESENTATION_STYLE_ASSIGNMENT((#10325));
#9907=PRESENTATION_STYLE_ASSIGNMENT((#10326));
#9908=PRESENTATION_STYLE_ASSIGNMENT((#10327));
#9909=PRESENTATION_STYLE_ASSIGNMENT((#10328));
#9910=PRESENTATION_STYLE_ASSIGNMENT((#10329));
#9911=PRESENTATION_STYLE_ASSIGNMENT((#10330));
#9912=PRESENTATION_STYLE_ASSIGNMENT((#10331));
#9913=PRESENTATION_STYLE_ASSIGNMENT((#10332));
#9914=PRESENTATION_STYLE_ASSIGNMENT((#10333));
#9915=PRESENTATION_STYLE_ASSIGNMENT((#10334));
#9916=PRESENTATION_STYLE_ASSIGNMENT((#10335));
#9917=PRESENTATION_STYLE_ASSIGNMENT((#10336));
#9918=PRESENTATION_STYLE_ASSIGNMENT((#10337));
#9919=PRESENTATION_STYLE_ASSIGNMENT((#10338));
#9920=PRESENTATION_STYLE_ASSIGNMENT((#10339));
#9921=PRESENTATION_STYLE_ASSIGNMENT((#10340));
#9922=PRESENTATION_STYLE_ASSIGNMENT((#10341));
#9923=PRESENTATION_STYLE_ASSIGNMENT((#10342));
#9924=PRESENTATION_STYLE_ASSIGNMENT((#10343));
#9925=PRESENTATION_STYLE_ASSIGNMENT((#10344));
#9926=PRESENTATION_STYLE_ASSIGNMENT((#10345));
#9927=PRESENTATION_STYLE_ASSIGNMENT((#10346));
#9928=PRESENTATION_STYLE_ASSIGNMENT((#10347));
#9929=PRESENTATION_STYLE_ASSIGNMENT((#10348));
#9930=PRESENTATION_STYLE_ASSIGNMENT((#10349));
#9931=PRESENTATION_STYLE_ASSIGNMENT((#10350));
#9932=PRESENTATION_STYLE_ASSIGNMENT((#10351));
#9933=PRESENTATION_STYLE_ASSIGNMENT((#10352));
#9934=PRESENTATION_STYLE_ASSIGNMENT((#10353));
#9935=PRESENTATION_STYLE_ASSIGNMENT((#10354));
#9936=PRESENTATION_STYLE_ASSIGNMENT((#10355));
#9937=PRESENTATION_STYLE_ASSIGNMENT((#10356));
#9938=PRESENTATION_STYLE_ASSIGNMENT((#10357));
#9939=PRESENTATION_STYLE_ASSIGNMENT((#10358));
#9940=PRESENTATION_STYLE_ASSIGNMENT((#10359));
#9941=PRESENTATION_STYLE_ASSIGNMENT((#10360));
#9942=PRESENTATION_STYLE_ASSIGNMENT((#10361));
#9943=PRESENTATION_STYLE_ASSIGNMENT((#10362));
#9944=PRESENTATION_STYLE_ASSIGNMENT((#10363));
#9945=PRESENTATION_STYLE_ASSIGNMENT((#10364));
#9946=PRESENTATION_STYLE_ASSIGNMENT((#10365));
#9947=PRESENTATION_STYLE_ASSIGNMENT((#10366));
#9948=PRESENTATION_STYLE_ASSIGNMENT((#10367));
#9949=PRESENTATION_STYLE_ASSIGNMENT((#10368));
#9950=PRESENTATION_STYLE_ASSIGNMENT((#10369));
#9951=PRESENTATION_STYLE_ASSIGNMENT((#10370));
#9952=PRESENTATION_STYLE_ASSIGNMENT((#10371));
#9953=PRESENTATION_STYLE_ASSIGNMENT((#10372));
#9954=PRESENTATION_STYLE_ASSIGNMENT((#10373));
#9955=PRESENTATION_STYLE_ASSIGNMENT((#10374));
#9956=PRESENTATION_STYLE_ASSIGNMENT((#10375));
#9957=PRESENTATION_STYLE_ASSIGNMENT((#10376));
#9958=PRESENTATION_STYLE_ASSIGNMENT((#10377));
#9959=PRESENTATION_STYLE_ASSIGNMENT((#10378));
#9960=PRESENTATION_STYLE_ASSIGNMENT((#10379));
#9961=PRESENTATION_STYLE_ASSIGNMENT((#10380));
#9962=PRESENTATION_STYLE_ASSIGNMENT((#10381));
#9963=PRESENTATION_STYLE_ASSIGNMENT((#10382));
#9964=PRESENTATION_STYLE_ASSIGNMENT((#10383));
#9965=PRESENTATION_STYLE_ASSIGNMENT((#10384));
#9966=PRESENTATION_STYLE_ASSIGNMENT((#10385));
#9967=PRESENTATION_STYLE_ASSIGNMENT((#10386));
#9968=PRESENTATION_STYLE_ASSIGNMENT((#10387));
#9969=PRESENTATION_STYLE_ASSIGNMENT((#10388));
#9970=PRESENTATION_STYLE_ASSIGNMENT((#10389));
#9971=PRESENTATION_STYLE_ASSIGNMENT((#10390));
#9972=PRESENTATION_STYLE_ASSIGNMENT((#10391));
#9973=PRESENTATION_STYLE_ASSIGNMENT((#10392));
#9974=PRESENTATION_STYLE_ASSIGNMENT((#10393));
#9975=PRESENTATION_STYLE_ASSIGNMENT((#10394));
#9976=PRESENTATION_STYLE_ASSIGNMENT((#10395));
#9977=PRESENTATION_STYLE_ASSIGNMENT((#10396));
#9978=PRESENTATION_STYLE_ASSIGNMENT((#10397));
#9979=PRESENTATION_STYLE_ASSIGNMENT((#10398));
#9980=PRESENTATION_STYLE_ASSIGNMENT((#10399));
#9981=PRESENTATION_STYLE_ASSIGNMENT((#10400));
#9982=PRESENTATION_STYLE_ASSIGNMENT((#10401));
#9983=PRESENTATION_STYLE_ASSIGNMENT((#10402));
#9984=PRESENTATION_STYLE_ASSIGNMENT((#10403));
#9985=PRESENTATION_STYLE_ASSIGNMENT((#10404));
#9986=PRESENTATION_STYLE_ASSIGNMENT((#10405));
#9987=PRESENTATION_STYLE_ASSIGNMENT((#10406));
#9988=PRESENTATION_STYLE_ASSIGNMENT((#10407));
#9989=PRESENTATION_STYLE_ASSIGNMENT((#10408));
#9990=PRESENTATION_STYLE_ASSIGNMENT((#10409));
#9991=PRESENTATION_STYLE_ASSIGNMENT((#10410));
#9992=PRESENTATION_STYLE_ASSIGNMENT((#10411));
#9993=PRESENTATION_STYLE_ASSIGNMENT((#10412));
#9994=PRESENTATION_STYLE_ASSIGNMENT((#10413));
#9995=PRESENTATION_STYLE_ASSIGNMENT((#10414));
#9996=PRESENTATION_STYLE_ASSIGNMENT((#10415));
#9997=PRESENTATION_STYLE_ASSIGNMENT((#10416));
#9998=PRESENTATION_STYLE_ASSIGNMENT((#10417));
#9999=PRESENTATION_STYLE_ASSIGNMENT((#10418));
#10000=PRESENTATION_STYLE_ASSIGNMENT((#10419));
#10001=PRESENTATION_STYLE_ASSIGNMENT((#10420));
#10002=PRESENTATION_STYLE_ASSIGNMENT((#10421));
#10003=PRESENTATION_STYLE_ASSIGNMENT((#10422));
#10004=PRESENTATION_STYLE_ASSIGNMENT((#10423));
#10005=PRESENTATION_STYLE_ASSIGNMENT((#10424));
#10006=PRESENTATION_STYLE_ASSIGNMENT((#10425));
#10007=PRESENTATION_STYLE_ASSIGNMENT((#10426));
#10008=PRESENTATION_STYLE_ASSIGNMENT((#10427));
#10009=PRESENTATION_STYLE_ASSIGNMENT((#10428));
#10010=PRESENTATION_STYLE_ASSIGNMENT((#10429));
#10011=PRESENTATION_STYLE_ASSIGNMENT((#10430));
#10012=PRESENTATION_STYLE_ASSIGNMENT((#10431));
#10013=PRESENTATION_STYLE_ASSIGNMENT((#10432));
#10014=PRESENTATION_STYLE_ASSIGNMENT((#10433));
#10015=PRESENTATION_STYLE_ASSIGNMENT((#10434));
#10016=PRESENTATION_STYLE_ASSIGNMENT((#10435));
#10017=PRESENTATION_STYLE_ASSIGNMENT((#10436));
#10018=PRESENTATION_STYLE_ASSIGNMENT((#10437));
#10019=PRESENTATION_STYLE_ASSIGNMENT((#10438));
#10020=PRESENTATION_STYLE_ASSIGNMENT((#10439));
#10021=PRESENTATION_STYLE_ASSIGNMENT((#10440));
#10022=SURFACE_STYLE_USAGE(.BOTH.,#10441);
#10023=SURFACE_STYLE_USAGE(.BOTH.,#10442);
#10024=SURFACE_STYLE_USAGE(.BOTH.,#10443);
#10025=SURFACE_STYLE_USAGE(.BOTH.,#10444);
#10026=SURFACE_STYLE_USAGE(.BOTH.,#10445);
#10027=SURFACE_STYLE_USAGE(.BOTH.,#10446);
#10028=SURFACE_STYLE_USAGE(.BOTH.,#10447);
#10029=SURFACE_STYLE_USAGE(.BOTH.,#10448);
#10030=SURFACE_STYLE_USAGE(.BOTH.,#10449);
#10031=SURFACE_STYLE_USAGE(.BOTH.,#10450);
#10032=SURFACE_STYLE_USAGE(.BOTH.,#10451);
#10033=SURFACE_STYLE_USAGE(.BOTH.,#10452);
#10034=SURFACE_STYLE_USAGE(.BOTH.,#10453);
#10035=SURFACE_STYLE_USAGE(.BOTH.,#10454);
#10036=SURFACE_STYLE_USAGE(.BOTH.,#10455);
#10037=SURFACE_STYLE_USAGE(.BOTH.,#10456);
#10038=SURFACE_STYLE_USAGE(.BOTH.,#10457);
#10039=SURFACE_STYLE_USAGE(.BOTH.,#10458);
#10040=SURFACE_STYLE_USAGE(.BOTH.,#10459);
#10041=SURFACE_STYLE_USAGE(.BOTH.,#10460);
#10042=SURFACE_STYLE_USAGE(.BOTH.,#10461);
#10043=SURFACE_STYLE_USAGE(.BOTH.,#10462);
#10044=SURFACE_STYLE_USAGE(.BOTH.,#10463);
#10045=SURFACE_STYLE_USAGE(.BOTH.,#10464);
#10046=SURFACE_STYLE_USAGE(.BOTH.,#10465);
#10047=SURFACE_STYLE_USAGE(.BOTH.,#10466);
#10048=SURFACE_STYLE_USAGE(.BOTH.,#10467);
#10049=SURFACE_STYLE_USAGE(.BOTH.,#10468);
#10050=SURFACE_STYLE_USAGE(.BOTH.,#10469);
#10051=SURFACE_STYLE_USAGE(.BOTH.,#10470);
#10052=SURFACE_STYLE_USAGE(.BOTH.,#10471);
#10053=SURFACE_STYLE_USAGE(.BOTH.,#10472);
#10054=SURFACE_STYLE_USAGE(.BOTH.,#10473);
#10055=SURFACE_STYLE_USAGE(.BOTH.,#10474);
#10056=SURFACE_STYLE_USAGE(.BOTH.,#10475);
#10057=SURFACE_STYLE_USAGE(.BOTH.,#10476);
#10058=SURFACE_STYLE_USAGE(.BOTH.,#10477);
#10059=SURFACE_STYLE_USAGE(.BOTH.,#10478);
#10060=SURFACE_STYLE_USAGE(.BOTH.,#10479);
#10061=SURFACE_STYLE_USAGE(.BOTH.,#10480);
#10062=SURFACE_STYLE_USAGE(.BOTH.,#10481);
#10063=SURFACE_STYLE_USAGE(.BOTH.,#10482);
#10064=SURFACE_STYLE_USAGE(.BOTH.,#10483);
#10065=SURFACE_STYLE_USAGE(.BOTH.,#10484);
#10066=SURFACE_STYLE_USAGE(.BOTH.,#10485);
#10067=SURFACE_STYLE_USAGE(.BOTH.,#10486);
#10068=SURFACE_STYLE_USAGE(.BOTH.,#10487);
#10069=SURFACE_STYLE_USAGE(.BOTH.,#10488);
#10070=SURFACE_STYLE_USAGE(.BOTH.,#10489);
#10071=SURFACE_STYLE_USAGE(.BOTH.,#10490);
#10072=SURFACE_STYLE_USAGE(.BOTH.,#10491);
#10073=SURFACE_STYLE_USAGE(.BOTH.,#10492);
#10074=SURFACE_STYLE_USAGE(.BOTH.,#10493);
#10075=SURFACE_STYLE_USAGE(.BOTH.,#10494);
#10076=SURFACE_STYLE_USAGE(.BOTH.,#10495);
#10077=SURFACE_STYLE_USAGE(.BOTH.,#10496);
#10078=SURFACE_STYLE_USAGE(.BOTH.,#10497);
#10079=SURFACE_STYLE_USAGE(.BOTH.,#10498);
#10080=SURFACE_STYLE_USAGE(.BOTH.,#10499);
#10081=SURFACE_STYLE_USAGE(.BOTH.,#10500);
#10082=SURFACE_STYLE_USAGE(.BOTH.,#10501);
#10083=SURFACE_STYLE_USAGE(.BOTH.,#10502);
#10084=SURFACE_STYLE_USAGE(.BOTH.,#10503);
#10085=SURFACE_STYLE_USAGE(.BOTH.,#10504);
#10086=SURFACE_STYLE_USAGE(.BOTH.,#10505);
#10087=SURFACE_STYLE_USAGE(.BOTH.,#10506);
#10088=SURFACE_STYLE_USAGE(.BOTH.,#10507);
#10089=SURFACE_STYLE_USAGE(.BOTH.,#10508);
#10090=SURFACE_STYLE_USAGE(.BOTH.,#10509);
#10091=SURFACE_STYLE_USAGE(.BOTH.,#10510);
#10092=SURFACE_STYLE_USAGE(.BOTH.,#10511);
#10093=SURFACE_STYLE_USAGE(.BOTH.,#10512);
#10094=SURFACE_STYLE_USAGE(.BOTH.,#10513);
#10095=SURFACE_STYLE_USAGE(.BOTH.,#10514);
#10096=SURFACE_STYLE_USAGE(.BOTH.,#10515);
#10097=SURFACE_STYLE_USAGE(.BOTH.,#10516);
#10098=SURFACE_STYLE_USAGE(.BOTH.,#10517);
#10099=SURFACE_STYLE_USAGE(.BOTH.,#10518);
#10100=SURFACE_STYLE_USAGE(.BOTH.,#10519);
#10101=SURFACE_STYLE_USAGE(.BOTH.,#10520);
#10102=SURFACE_STYLE_USAGE(.BOTH.,#10521);
#10103=SURFACE_STYLE_USAGE(.BOTH.,#10522);
#10104=SURFACE_STYLE_USAGE(.BOTH.,#10523);
#10105=SURFACE_STYLE_USAGE(.BOTH.,#10524);
#10106=SURFACE_STYLE_USAGE(.BOTH.,#10525);
#10107=SURFACE_STYLE_USAGE(.BOTH.,#10526);
#10108=SURFACE_STYLE_USAGE(.BOTH.,#10527);
#10109=SURFACE_STYLE_USAGE(.BOTH.,#10528);
#10110=SURFACE_STYLE_USAGE(.BOTH.,#10529);
#10111=SURFACE_STYLE_USAGE(.BOTH.,#10530);
#10112=SURFACE_STYLE_USAGE(.BOTH.,#10531);
#10113=SURFACE_STYLE_USAGE(.BOTH.,#10532);
#10114=SURFACE_STYLE_USAGE(.BOTH.,#10533);
#10115=SURFACE_STYLE_USAGE(.BOTH.,#10534);
#10116=SURFACE_STYLE_USAGE(.BOTH.,#10535);
#10117=SURFACE_STYLE_USAGE(.BOTH.,#10536);
#10118=SURFACE_STYLE_USAGE(.BOTH.,#10537);
#10119=SURFACE_STYLE_USAGE(.BOTH.,#10538);
#10120=SURFACE_STYLE_USAGE(.BOTH.,#10539);
#10121=SURFACE_STYLE_USAGE(.BOTH.,#10540);
#10122=SURFACE_STYLE_USAGE(.BOTH.,#10541);
#10123=SURFACE_STYLE_USAGE(.BOTH.,#10542);
#10124=SURFACE_STYLE_USAGE(.BOTH.,#10543);
#10125=SURFACE_STYLE_USAGE(.BOTH.,#10544);
#10126=SURFACE_STYLE_USAGE(.BOTH.,#10545);
#10127=SURFACE_STYLE_USAGE(.BOTH.,#10546);
#10128=SURFACE_STYLE_USAGE(.BOTH.,#10547);
#10129=SURFACE_STYLE_USAGE(.BOTH.,#10548);
#10130=SURFACE_STYLE_USAGE(.BOTH.,#10549);
#10131=SURFACE_STYLE_USAGE(.BOTH.,#10550);
#10132=SURFACE_STYLE_USAGE(.BOTH.,#10551);
#10133=SURFACE_STYLE_USAGE(.BOTH.,#10552);
#10134=SURFACE_STYLE_USAGE(.BOTH.,#10553);
#10135=SURFACE_STYLE_USAGE(.BOTH.,#10554);
#10136=SURFACE_STYLE_USAGE(.BOTH.,#10555);
#10137=SURFACE_STYLE_USAGE(.BOTH.,#10556);
#10138=SURFACE_STYLE_USAGE(.BOTH.,#10557);
#10139=SURFACE_STYLE_USAGE(.BOTH.,#10558);
#10140=SURFACE_STYLE_USAGE(.BOTH.,#10559);
#10141=SURFACE_STYLE_USAGE(.BOTH.,#10560);
#10142=SURFACE_STYLE_USAGE(.BOTH.,#10561);
#10143=SURFACE_STYLE_USAGE(.BOTH.,#10562);
#10144=SURFACE_STYLE_USAGE(.BOTH.,#10563);
#10145=SURFACE_STYLE_USAGE(.BOTH.,#10564);
#10146=SURFACE_STYLE_USAGE(.BOTH.,#10565);
#10147=SURFACE_STYLE_USAGE(.BOTH.,#10566);
#10148=SURFACE_STYLE_USAGE(.BOTH.,#10567);
#10149=SURFACE_STYLE_USAGE(.BOTH.,#10568);
#10150=SURFACE_STYLE_USAGE(.BOTH.,#10569);
#10151=SURFACE_STYLE_USAGE(.BOTH.,#10570);
#10152=SURFACE_STYLE_USAGE(.BOTH.,#10571);
#10153=SURFACE_STYLE_USAGE(.BOTH.,#10572);
#10154=SURFACE_STYLE_USAGE(.BOTH.,#10573);
#10155=SURFACE_STYLE_USAGE(.BOTH.,#10574);
#10156=SURFACE_STYLE_USAGE(.BOTH.,#10575);
#10157=SURFACE_STYLE_USAGE(.BOTH.,#10576);
#10158=SURFACE_STYLE_USAGE(.BOTH.,#10577);
#10159=SURFACE_STYLE_USAGE(.BOTH.,#10578);
#10160=SURFACE_STYLE_USAGE(.BOTH.,#10579);
#10161=SURFACE_STYLE_USAGE(.BOTH.,#10580);
#10162=SURFACE_STYLE_USAGE(.BOTH.,#10581);
#10163=SURFACE_STYLE_USAGE(.BOTH.,#10582);
#10164=SURFACE_STYLE_USAGE(.BOTH.,#10583);
#10165=SURFACE_STYLE_USAGE(.BOTH.,#10584);
#10166=SURFACE_STYLE_USAGE(.BOTH.,#10585);
#10167=SURFACE_STYLE_USAGE(.BOTH.,#10586);
#10168=SURFACE_STYLE_USAGE(.BOTH.,#10587);
#10169=SURFACE_STYLE_USAGE(.BOTH.,#10588);
#10170=SURFACE_STYLE_USAGE(.BOTH.,#10589);
#10171=SURFACE_STYLE_USAGE(.BOTH.,#10590);
#10172=SURFACE_STYLE_USAGE(.BOTH.,#10591);
#10173=SURFACE_STYLE_USAGE(.BOTH.,#10592);
#10174=SURFACE_STYLE_USAGE(.BOTH.,#10593);
#10175=SURFACE_STYLE_USAGE(.BOTH.,#10594);
#10176=SURFACE_STYLE_USAGE(.BOTH.,#10595);
#10177=SURFACE_STYLE_USAGE(.BOTH.,#10596);
#10178=SURFACE_STYLE_USAGE(.BOTH.,#10597);
#10179=SURFACE_STYLE_USAGE(.BOTH.,#10598);
#10180=SURFACE_STYLE_USAGE(.BOTH.,#10599);
#10181=SURFACE_STYLE_USAGE(.BOTH.,#10600);
#10182=SURFACE_STYLE_USAGE(.BOTH.,#10601);
#10183=SURFACE_STYLE_USAGE(.BOTH.,#10602);
#10184=SURFACE_STYLE_USAGE(.BOTH.,#10603);
#10185=SURFACE_STYLE_USAGE(.BOTH.,#10604);
#10186=SURFACE_STYLE_USAGE(.BOTH.,#10605);
#10187=SURFACE_STYLE_USAGE(.BOTH.,#10606);
#10188=SURFACE_STYLE_USAGE(.BOTH.,#10607);
#10189=SURFACE_STYLE_USAGE(.BOTH.,#10608);
#10190=SURFACE_STYLE_USAGE(.BOTH.,#10609);
#10191=SURFACE_STYLE_USAGE(.BOTH.,#10610);
#10192=SURFACE_STYLE_USAGE(.BOTH.,#10611);
#10193=SURFACE_STYLE_USAGE(.BOTH.,#10612);
#10194=SURFACE_STYLE_USAGE(.BOTH.,#10613);
#10195=SURFACE_STYLE_USAGE(.BOTH.,#10614);
#10196=SURFACE_STYLE_USAGE(.BOTH.,#10615);
#10197=SURFACE_STYLE_USAGE(.BOTH.,#10616);
#10198=SURFACE_STYLE_USAGE(.BOTH.,#10617);
#10199=SURFACE_STYLE_USAGE(.BOTH.,#10618);
#10200=SURFACE_STYLE_USAGE(.BOTH.,#10619);
#10201=SURFACE_STYLE_USAGE(.BOTH.,#10620);
#10202=SURFACE_STYLE_USAGE(.BOTH.,#10621);
#10203=SURFACE_STYLE_USAGE(.BOTH.,#10622);
#10204=SURFACE_STYLE_USAGE(.BOTH.,#10623);
#10205=SURFACE_STYLE_USAGE(.BOTH.,#10624);
#10206=SURFACE_STYLE_USAGE(.BOTH.,#10625);
#10207=SURFACE_STYLE_USAGE(.BOTH.,#10626);
#10208=SURFACE_STYLE_USAGE(.BOTH.,#10627);
#10209=SURFACE_STYLE_USAGE(.BOTH.,#10628);
#10210=SURFACE_STYLE_USAGE(.BOTH.,#10629);
#10211=SURFACE_STYLE_USAGE(.BOTH.,#10630);
#10212=SURFACE_STYLE_USAGE(.BOTH.,#10631);
#10213=SURFACE_STYLE_USAGE(.BOTH.,#10632);
#10214=SURFACE_STYLE_USAGE(.BOTH.,#10633);
#10215=SURFACE_STYLE_USAGE(.BOTH.,#10634);
#10216=SURFACE_STYLE_USAGE(.BOTH.,#10635);
#10217=SURFACE_STYLE_USAGE(.BOTH.,#10636);
#10218=SURFACE_STYLE_USAGE(.BOTH.,#10637);
#10219=SURFACE_STYLE_USAGE(.BOTH.,#10638);
#10220=SURFACE_STYLE_USAGE(.BOTH.,#10639);
#10221=SURFACE_STYLE_USAGE(.BOTH.,#10640);
#10222=SURFACE_STYLE_USAGE(.BOTH.,#10641);
#10223=SURFACE_STYLE_USAGE(.BOTH.,#10642);
#10224=SURFACE_STYLE_USAGE(.BOTH.,#10643);
#10225=SURFACE_STYLE_USAGE(.BOTH.,#10644);
#10226=SURFACE_STYLE_USAGE(.BOTH.,#10645);
#10227=SURFACE_STYLE_USAGE(.BOTH.,#10646);
#10228=SURFACE_STYLE_USAGE(.BOTH.,#10647);
#10229=SURFACE_STYLE_USAGE(.BOTH.,#10648);
#10230=SURFACE_STYLE_USAGE(.BOTH.,#10649);
#10231=SURFACE_STYLE_USAGE(.BOTH.,#10650);
#10232=SURFACE_STYLE_USAGE(.BOTH.,#10651);
#10233=SURFACE_STYLE_USAGE(.BOTH.,#10652);
#10234=SURFACE_STYLE_USAGE(.BOTH.,#10653);
#10235=SURFACE_STYLE_USAGE(.BOTH.,#10654);
#10236=SURFACE_STYLE_USAGE(.BOTH.,#10655);
#10237=SURFACE_STYLE_USAGE(.BOTH.,#10656);
#10238=SURFACE_STYLE_USAGE(.BOTH.,#10657);
#10239=SURFACE_STYLE_USAGE(.BOTH.,#10658);
#10240=SURFACE_STYLE_USAGE(.BOTH.,#10659);
#10241=SURFACE_STYLE_USAGE(.BOTH.,#10660);
#10242=SURFACE_STYLE_USAGE(.BOTH.,#10661);
#10243=SURFACE_STYLE_USAGE(.BOTH.,#10662);
#10244=SURFACE_STYLE_USAGE(.BOTH.,#10663);
#10245=SURFACE_STYLE_USAGE(.BOTH.,#10664);
#10246=SURFACE_STYLE_USAGE(.BOTH.,#10665);
#10247=SURFACE_STYLE_USAGE(.BOTH.,#10666);
#10248=SURFACE_STYLE_USAGE(.BOTH.,#10667);
#10249=SURFACE_STYLE_USAGE(.BOTH.,#10668);
#10250=SURFACE_STYLE_USAGE(.BOTH.,#10669);
#10251=SURFACE_STYLE_USAGE(.BOTH.,#10670);
#10252=SURFACE_STYLE_USAGE(.BOTH.,#10671);
#10253=SURFACE_STYLE_USAGE(.BOTH.,#10672);
#10254=SURFACE_STYLE_USAGE(.BOTH.,#10673);
#10255=SURFACE_STYLE_USAGE(.BOTH.,#10674);
#10256=SURFACE_STYLE_USAGE(.BOTH.,#10675);
#10257=SURFACE_STYLE_USAGE(.BOTH.,#10676);
#10258=SURFACE_STYLE_USAGE(.BOTH.,#10677);
#10259=SURFACE_STYLE_USAGE(.BOTH.,#10678);
#10260=SURFACE_STYLE_USAGE(.BOTH.,#10679);
#10261=SURFACE_STYLE_USAGE(.BOTH.,#10680);
#10262=SURFACE_STYLE_USAGE(.BOTH.,#10681);
#10263=SURFACE_STYLE_USAGE(.BOTH.,#10682);
#10264=SURFACE_STYLE_USAGE(.BOTH.,#10683);
#10265=SURFACE_STYLE_USAGE(.BOTH.,#10684);
#10266=SURFACE_STYLE_USAGE(.BOTH.,#10685);
#10267=SURFACE_STYLE_USAGE(.BOTH.,#10686);
#10268=SURFACE_STYLE_USAGE(.BOTH.,#10687);
#10269=SURFACE_STYLE_USAGE(.BOTH.,#10688);
#10270=SURFACE_STYLE_USAGE(.BOTH.,#10689);
#10271=SURFACE_STYLE_USAGE(.BOTH.,#10690);
#10272=SURFACE_STYLE_USAGE(.BOTH.,#10691);
#10273=SURFACE_STYLE_USAGE(.BOTH.,#10692);
#10274=SURFACE_STYLE_USAGE(.BOTH.,#10693);
#10275=SURFACE_STYLE_USAGE(.BOTH.,#10694);
#10276=SURFACE_STYLE_USAGE(.BOTH.,#10695);
#10277=SURFACE_STYLE_USAGE(.BOTH.,#10696);
#10278=SURFACE_STYLE_USAGE(.BOTH.,#10697);
#10279=SURFACE_STYLE_USAGE(.BOTH.,#10698);
#10280=SURFACE_STYLE_USAGE(.BOTH.,#10699);
#10281=SURFACE_STYLE_USAGE(.BOTH.,#10700);
#10282=SURFACE_STYLE_USAGE(.BOTH.,#10701);
#10283=SURFACE_STYLE_USAGE(.BOTH.,#10702);
#10284=SURFACE_STYLE_USAGE(.BOTH.,#10703);
#10285=SURFACE_STYLE_USAGE(.BOTH.,#10704);
#10286=SURFACE_STYLE_USAGE(.BOTH.,#10705);
#10287=SURFACE_STYLE_USAGE(.BOTH.,#10706);
#10288=SURFACE_STYLE_USAGE(.BOTH.,#10707);
#10289=SURFACE_STYLE_USAGE(.BOTH.,#10708);
#10290=SURFACE_STYLE_USAGE(.BOTH.,#10709);
#10291=SURFACE_STYLE_USAGE(.BOTH.,#10710);
#10292=SURFACE_STYLE_USAGE(.BOTH.,#10711);
#10293=SURFACE_STYLE_USAGE(.BOTH.,#10712);
#10294=SURFACE_STYLE_USAGE(.BOTH.,#10713);
#10295=SURFACE_STYLE_USAGE(.BOTH.,#10714);
#10296=SURFACE_STYLE_USAGE(.BOTH.,#10715);
#10297=SURFACE_STYLE_USAGE(.BOTH.,#10716);
#10298=SURFACE_STYLE_USAGE(.BOTH.,#10717);
#10299=SURFACE_STYLE_USAGE(.BOTH.,#10718);
#10300=SURFACE_STYLE_USAGE(.BOTH.,#10719);
#10301=SURFACE_STYLE_USAGE(.BOTH.,#10720);
#10302=SURFACE_STYLE_USAGE(.BOTH.,#10721);
#10303=SURFACE_STYLE_USAGE(.BOTH.,#10722);
#10304=SURFACE_STYLE_USAGE(.BOTH.,#10723);
#10305=SURFACE_STYLE_USAGE(.BOTH.,#10724);
#10306=SURFACE_STYLE_USAGE(.BOTH.,#10725);
#10307=SURFACE_STYLE_USAGE(.BOTH.,#10726);
#10308=SURFACE_STYLE_USAGE(.BOTH.,#10727);
#10309=SURFACE_STYLE_USAGE(.BOTH.,#10728);
#10310=SURFACE_STYLE_USAGE(.BOTH.,#10729);
#10311=SURFACE_STYLE_USAGE(.BOTH.,#10730);
#10312=SURFACE_STYLE_USAGE(.BOTH.,#10731);
#10313=SURFACE_STYLE_USAGE(.BOTH.,#10732);
#10314=SURFACE_STYLE_USAGE(.BOTH.,#10733);
#10315=SURFACE_STYLE_USAGE(.BOTH.,#10734);
#10316=SURFACE_STYLE_USAGE(.BOTH.,#10735);
#10317=SURFACE_STYLE_USAGE(.BOTH.,#10736);
#10318=SURFACE_STYLE_USAGE(.BOTH.,#10737);
#10319=SURFACE_STYLE_USAGE(.BOTH.,#10738);
#10320=SURFACE_STYLE_USAGE(.BOTH.,#10739);
#10321=SURFACE_STYLE_USAGE(.BOTH.,#10740);
#10322=SURFACE_STYLE_USAGE(.BOTH.,#10741);
#10323=SURFACE_STYLE_USAGE(.BOTH.,#10742);
#10324=SURFACE_STYLE_USAGE(.BOTH.,#10743);
#10325=SURFACE_STYLE_USAGE(.BOTH.,#10744);
#10326=SURFACE_STYLE_USAGE(.BOTH.,#10745);
#10327=SURFACE_STYLE_USAGE(.BOTH.,#10746);
#10328=SURFACE_STYLE_USAGE(.BOTH.,#10747);
#10329=SURFACE_STYLE_USAGE(.BOTH.,#10748);
#10330=SURFACE_STYLE_USAGE(.BOTH.,#10749);
#10331=SURFACE_STYLE_USAGE(.BOTH.,#10750);
#10332=SURFACE_STYLE_USAGE(.BOTH.,#10751);
#10333=SURFACE_STYLE_USAGE(.BOTH.,#10752);
#10334=SURFACE_STYLE_USAGE(.BOTH.,#10753);
#10335=SURFACE_STYLE_USAGE(.BOTH.,#10754);
#10336=SURFACE_STYLE_USAGE(.BOTH.,#10755);
#10337=SURFACE_STYLE_USAGE(.BOTH.,#10756);
#10338=SURFACE_STYLE_USAGE(.BOTH.,#10757);
#10339=SURFACE_STYLE_USAGE(.BOTH.,#10758);
#10340=SURFACE_STYLE_USAGE(.BOTH.,#10759);
#10341=SURFACE_STYLE_USAGE(.BOTH.,#10760);
#10342=SURFACE_STYLE_USAGE(.BOTH.,#10761);
#10343=SURFACE_STYLE_USAGE(.BOTH.,#10762);
#10344=SURFACE_STYLE_USAGE(.BOTH.,#10763);
#10345=SURFACE_STYLE_USAGE(.BOTH.,#10764);
#10346=SURFACE_STYLE_USAGE(.BOTH.,#10765);
#10347=SURFACE_STYLE_USAGE(.BOTH.,#10766);
#10348=SURFACE_STYLE_USAGE(.BOTH.,#10767);
#10349=SURFACE_STYLE_USAGE(.BOTH.,#10768);
#10350=SURFACE_STYLE_USAGE(.BOTH.,#10769);
#10351=SURFACE_STYLE_USAGE(.BOTH.,#10770);
#10352=SURFACE_STYLE_USAGE(.BOTH.,#10771);
#10353=SURFACE_STYLE_USAGE(.BOTH.,#10772);
#10354=SURFACE_STYLE_USAGE(.BOTH.,#10773);
#10355=SURFACE_STYLE_USAGE(.BOTH.,#10774);
#10356=SURFACE_STYLE_USAGE(.BOTH.,#10775);
#10357=SURFACE_STYLE_USAGE(.BOTH.,#10776);
#10358=SURFACE_STYLE_USAGE(.BOTH.,#10777);
#10359=SURFACE_STYLE_USAGE(.BOTH.,#10778);
#10360=SURFACE_STYLE_USAGE(.BOTH.,#10779);
#10361=SURFACE_STYLE_USAGE(.BOTH.,#10780);
#10362=SURFACE_STYLE_USAGE(.BOTH.,#10781);
#10363=SURFACE_STYLE_USAGE(.BOTH.,#10782);
#10364=SURFACE_STYLE_USAGE(.BOTH.,#10783);
#10365=SURFACE_STYLE_USAGE(.BOTH.,#10784);
#10366=SURFACE_STYLE_USAGE(.BOTH.,#10785);
#10367=SURFACE_STYLE_USAGE(.BOTH.,#10786);
#10368=SURFACE_STYLE_USAGE(.BOTH.,#10787);
#10369=SURFACE_STYLE_USAGE(.BOTH.,#10788);
#10370=SURFACE_STYLE_USAGE(.BOTH.,#10789);
#10371=SURFACE_STYLE_USAGE(.BOTH.,#10790);
#10372=SURFACE_STYLE_USAGE(.BOTH.,#10791);
#10373=SURFACE_STYLE_USAGE(.BOTH.,#10792);
#10374=SURFACE_STYLE_USAGE(.BOTH.,#10793);
#10375=SURFACE_STYLE_USAGE(.BOTH.,#10794);
#10376=SURFACE_STYLE_USAGE(.BOTH.,#10795);
#10377=SURFACE_STYLE_USAGE(.BOTH.,#10796);
#10378=SURFACE_STYLE_USAGE(.BOTH.,#10797);
#10379=SURFACE_STYLE_USAGE(.BOTH.,#10798);
#10380=SURFACE_STYLE_USAGE(.BOTH.,#10799);
#10381=SURFACE_STYLE_USAGE(.BOTH.,#10800);
#10382=SURFACE_STYLE_USAGE(.BOTH.,#10801);
#10383=SURFACE_STYLE_USAGE(.BOTH.,#10802);
#10384=SURFACE_STYLE_USAGE(.BOTH.,#10803);
#10385=SURFACE_STYLE_USAGE(.BOTH.,#10804);
#10386=SURFACE_STYLE_USAGE(.BOTH.,#10805);
#10387=SURFACE_STYLE_USAGE(.BOTH.,#10806);
#10388=SURFACE_STYLE_USAGE(.BOTH.,#10807);
#10389=SURFACE_STYLE_USAGE(.BOTH.,#10808);
#10390=SURFACE_STYLE_USAGE(.BOTH.,#10809);
#10391=SURFACE_STYLE_USAGE(.BOTH.,#10810);
#10392=SURFACE_STYLE_USAGE(.BOTH.,#10811);
#10393=SURFACE_STYLE_USAGE(.BOTH.,#10812);
#10394=SURFACE_STYLE_USAGE(.BOTH.,#10813);
#10395=SURFACE_STYLE_USAGE(.BOTH.,#10814);
#10396=SURFACE_STYLE_USAGE(.BOTH.,#10815);
#10397=SURFACE_STYLE_USAGE(.BOTH.,#10816);
#10398=SURFACE_STYLE_USAGE(.BOTH.,#10817);
#10399=SURFACE_STYLE_USAGE(.BOTH.,#10818);
#10400=SURFACE_STYLE_USAGE(.BOTH.,#10819);
#10401=SURFACE_STYLE_USAGE(.BOTH.,#10820);
#10402=SURFACE_STYLE_USAGE(.BOTH.,#10821);
#10403=SURFACE_STYLE_USAGE(.BOTH.,#10822);
#10404=SURFACE_STYLE_USAGE(.BOTH.,#10823);
#10405=SURFACE_STYLE_USAGE(.BOTH.,#10824);
#10406=SURFACE_STYLE_USAGE(.BOTH.,#10825);
#10407=SURFACE_STYLE_USAGE(.BOTH.,#10826);
#10408=SURFACE_STYLE_USAGE(.BOTH.,#10827);
#10409=SURFACE_STYLE_USAGE(.BOTH.,#10828);
#10410=SURFACE_STYLE_USAGE(.BOTH.,#10829);
#10411=SURFACE_STYLE_USAGE(.BOTH.,#10830);
#10412=SURFACE_STYLE_USAGE(.BOTH.,#10831);
#10413=SURFACE_STYLE_USAGE(.BOTH.,#10832);
#10414=SURFACE_STYLE_USAGE(.BOTH.,#10833);
#10415=SURFACE_STYLE_USAGE(.BOTH.,#10834);
#10416=SURFACE_STYLE_USAGE(.BOTH.,#10835);
#10417=SURFACE_STYLE_USAGE(.BOTH.,#10836);
#10418=SURFACE_STYLE_USAGE(.BOTH.,#10837);
#10419=SURFACE_STYLE_USAGE(.BOTH.,#10838);
#10420=SURFACE_STYLE_USAGE(.BOTH.,#10839);
#10421=SURFACE_STYLE_USAGE(.BOTH.,#10840);
#10422=SURFACE_STYLE_USAGE(.BOTH.,#10841);
#10423=SURFACE_STYLE_USAGE(.BOTH.,#10842);
#10424=SURFACE_STYLE_USAGE(.BOTH.,#10843);
#10425=SURFACE_STYLE_USAGE(.BOTH.,#10844);
#10426=SURFACE_STYLE_USAGE(.BOTH.,#10845);
#10427=SURFACE_STYLE_USAGE(.BOTH.,#10846);
#10428=SURFACE_STYLE_USAGE(.BOTH.,#10847);
#10429=SURFACE_STYLE_USAGE(.BOTH.,#10848);
#10430=SURFACE_STYLE_USAGE(.BOTH.,#10849);
#10431=SURFACE_STYLE_USAGE(.BOTH.,#10850);
#10432=SURFACE_STYLE_USAGE(.BOTH.,#10851);
#10433=SURFACE_STYLE_USAGE(.BOTH.,#10852);
#10434=SURFACE_STYLE_USAGE(.BOTH.,#10853);
#10435=SURFACE_STYLE_USAGE(.BOTH.,#10854);
#10436=SURFACE_STYLE_USAGE(.BOTH.,#10855);
#10437=SURFACE_STYLE_USAGE(.BOTH.,#10856);
#10438=SURFACE_STYLE_USAGE(.BOTH.,#10857);
#10439=SURFACE_STYLE_USAGE(.BOTH.,#10858);
#10440=SURFACE_STYLE_USAGE(.BOTH.,#10859);
#10441=SURFACE_SIDE_STYLE('',(#10860));
#10442=SURFACE_SIDE_STYLE('',(#10861));
#10443=SURFACE_SIDE_STYLE('',(#10862));
#10444=SURFACE_SIDE_STYLE('',(#10863));
#10445=SURFACE_SIDE_STYLE('',(#10864));
#10446=SURFACE_SIDE_STYLE('',(#10865));
#10447=SURFACE_SIDE_STYLE('',(#10866));
#10448=SURFACE_SIDE_STYLE('',(#10867));
#10449=SURFACE_SIDE_STYLE('',(#10868));
#10450=SURFACE_SIDE_STYLE('',(#10869));
#10451=SURFACE_SIDE_STYLE('',(#10870));
#10452=SURFACE_SIDE_STYLE('',(#10871));
#10453=SURFACE_SIDE_STYLE('',(#10872));
#10454=SURFACE_SIDE_STYLE('',(#10873));
#10455=SURFACE_SIDE_STYLE('',(#10874));
#10456=SURFACE_SIDE_STYLE('',(#10875));
#10457=SURFACE_SIDE_STYLE('',(#10876));
#10458=SURFACE_SIDE_STYLE('',(#10877));
#10459=SURFACE_SIDE_STYLE('',(#10878));
#10460=SURFACE_SIDE_STYLE('',(#10879));
#10461=SURFACE_SIDE_STYLE('',(#10880));
#10462=SURFACE_SIDE_STYLE('',(#10881));
#10463=SURFACE_SIDE_STYLE('',(#10882));
#10464=SURFACE_SIDE_STYLE('',(#10883));
#10465=SURFACE_SIDE_STYLE('',(#10884));
#10466=SURFACE_SIDE_STYLE('',(#10885));
#10467=SURFACE_SIDE_STYLE('',(#10886));
#10468=SURFACE_SIDE_STYLE('',(#10887));
#10469=SURFACE_SIDE_STYLE('',(#10888));
#10470=SURFACE_SIDE_STYLE('',(#10889));
#10471=SURFACE_SIDE_STYLE('',(#10890));
#10472=SURFACE_SIDE_STYLE('',(#10891));
#10473=SURFACE_SIDE_STYLE('',(#10892));
#10474=SURFACE_SIDE_STYLE('',(#10893));
#10475=SURFACE_SIDE_STYLE('',(#10894));
#10476=SURFACE_SIDE_STYLE('',(#10895));
#10477=SURFACE_SIDE_STYLE('',(#10896));
#10478=SURFACE_SIDE_STYLE('',(#10897));
#10479=SURFACE_SIDE_STYLE('',(#10898));
#10480=SURFACE_SIDE_STYLE('',(#10899));
#10481=SURFACE_SIDE_STYLE('',(#10900));
#10482=SURFACE_SIDE_STYLE('',(#10901));
#10483=SURFACE_SIDE_STYLE('',(#10902));
#10484=SURFACE_SIDE_STYLE('',(#10903));
#10485=SURFACE_SIDE_STYLE('',(#10904));
#10486=SURFACE_SIDE_STYLE('',(#10905));
#10487=SURFACE_SIDE_STYLE('',(#10906));
#10488=SURFACE_SIDE_STYLE('',(#10907));
#10489=SURFACE_SIDE_STYLE('',(#10908));
#10490=SURFACE_SIDE_STYLE('',(#10909));
#10491=SURFACE_SIDE_STYLE('',(#10910));
#10492=SURFACE_SIDE_STYLE('',(#10911));
#10493=SURFACE_SIDE_STYLE('',(#10912));
#10494=SURFACE_SIDE_STYLE('',(#10913));
#10495=SURFACE_SIDE_STYLE('',(#10914));
#10496=SURFACE_SIDE_STYLE('',(#10915));
#10497=SURFACE_SIDE_STYLE('',(#10916));
#10498=SURFACE_SIDE_STYLE('',(#10917));
#10499=SURFACE_SIDE_STYLE('',(#10918));
#10500=SURFACE_SIDE_STYLE('',(#10919));
#10501=SURFACE_SIDE_STYLE('',(#10920));
#10502=SURFACE_SIDE_STYLE('',(#10921));
#10503=SURFACE_SIDE_STYLE('',(#10922));
#10504=SURFACE_SIDE_STYLE('',(#10923));
#10505=SURFACE_SIDE_STYLE('',(#10924));
#10506=SURFACE_SIDE_STYLE('',(#10925));
#10507=SURFACE_SIDE_STYLE('',(#10926));
#10508=SURFACE_SIDE_STYLE('',(#10927));
#10509=SURFACE_SIDE_STYLE('',(#10928));
#10510=SURFACE_SIDE_STYLE('',(#10929));
#10511=SURFACE_SIDE_STYLE('',(#10930));
#10512=SURFACE_SIDE_STYLE('',(#10931));
#10513=SURFACE_SIDE_STYLE('',(#10932));
#10514=SURFACE_SIDE_STYLE('',(#10933));
#10515=SURFACE_SIDE_STYLE('',(#10934));
#10516=SURFACE_SIDE_STYLE('',(#10935));
#10517=SURFACE_SIDE_STYLE('',(#10936));
#10518=SURFACE_SIDE_STYLE('',(#10937));
#10519=SURFACE_SIDE_STYLE('',(#10938));
#10520=SURFACE_SIDE_STYLE('',(#10939));
#10521=SURFACE_SIDE_STYLE('',(#10940));
#10522=SURFACE_SIDE_STYLE('',(#10941));
#10523=SURFACE_SIDE_STYLE('',(#10942));
#10524=SURFACE_SIDE_STYLE('',(#10943));
#10525=SURFACE_SIDE_STYLE('',(#10944));
#10526=SURFACE_SIDE_STYLE('',(#10945));
#10527=SURFACE_SIDE_STYLE('',(#10946));
#10528=SURFACE_SIDE_STYLE('',(#10947));
#10529=SURFACE_SIDE_STYLE('',(#10948));
#10530=SURFACE_SIDE_STYLE('',(#10949));
#10531=SURFACE_SIDE_STYLE('',(#10950));
#10532=SURFACE_SIDE_STYLE('',(#10951));
#10533=SURFACE_SIDE_STYLE('',(#10952));
#10534=SURFACE_SIDE_STYLE('',(#10953));
#10535=SURFACE_SIDE_STYLE('',(#10954));
#10536=SURFACE_SIDE_STYLE('',(#10955));
#10537=SURFACE_SIDE_STYLE('',(#10956));
#10538=SURFACE_SIDE_STYLE('',(#10957));
#10539=SURFACE_SIDE_STYLE('',(#10958));
#10540=SURFACE_SIDE_STYLE('',(#10959));
#10541=SURFACE_SIDE_STYLE('',(#10960));
#10542=SURFACE_SIDE_STYLE('',(#10961));
#10543=SURFACE_SIDE_STYLE('',(#10962));
#10544=SURFACE_SIDE_STYLE('',(#10963));
#10545=SURFACE_SIDE_STYLE('',(#10964));
#10546=SURFACE_SIDE_STYLE('',(#10965));
#10547=SURFACE_SIDE_STYLE('',(#10966));
#10548=SURFACE_SIDE_STYLE('',(#10967));
#10549=SURFACE_SIDE_STYLE('',(#10968));
#10550=SURFACE_SIDE_STYLE('',(#10969));
#10551=SURFACE_SIDE_STYLE('',(#10970));
#10552=SURFACE_SIDE_STYLE('',(#10971));
#10553=SURFACE_SIDE_STYLE('',(#10972));
#10554=SURFACE_SIDE_STYLE('',(#10973));
#10555=SURFACE_SIDE_STYLE('',(#10974));
#10556=SURFACE_SIDE_STYLE('',(#10975));
#10557=SURFACE_SIDE_STYLE('',(#10976));
#10558=SURFACE_SIDE_STYLE('',(#10977));
#10559=SURFACE_SIDE_STYLE('',(#10978));
#10560=SURFACE_SIDE_STYLE('',(#10979));
#10561=SURFACE_SIDE_STYLE('',(#10980));
#10562=SURFACE_SIDE_STYLE('',(#10981));
#10563=SURFACE_SIDE_STYLE('',(#10982));
#10564=SURFACE_SIDE_STYLE('',(#10983));
#10565=SURFACE_SIDE_STYLE('',(#10984));
#10566=SURFACE_SIDE_STYLE('',(#10985));
#10567=SURFACE_SIDE_STYLE('',(#10986));
#10568=SURFACE_SIDE_STYLE('',(#10987));
#10569=SURFACE_SIDE_STYLE('',(#10988));
#10570=SURFACE_SIDE_STYLE('',(#10989));
#10571=SURFACE_SIDE_STYLE('',(#10990));
#10572=SURFACE_SIDE_STYLE('',(#10991));
#10573=SURFACE_SIDE_STYLE('',(#10992));
#10574=SURFACE_SIDE_STYLE('',(#10993));
#10575=SURFACE_SIDE_STYLE('',(#10994));
#10576=SURFACE_SIDE_STYLE('',(#10995));
#10577=SURFACE_SIDE_STYLE('',(#10996));
#10578=SURFACE_SIDE_STYLE('',(#10997));
#10579=SURFACE_SIDE_STYLE('',(#10998));
#10580=SURFACE_SIDE_STYLE('',(#10999));
#10581=SURFACE_SIDE_STYLE('',(#11000));
#10582=SURFACE_SIDE_STYLE('',(#11001));
#10583=SURFACE_SIDE_STYLE('',(#11002));
#10584=SURFACE_SIDE_STYLE('',(#11003));
#10585=SURFACE_SIDE_STYLE('',(#11004));
#10586=SURFACE_SIDE_STYLE('',(#11005));
#10587=SURFACE_SIDE_STYLE('',(#11006));
#10588=SURFACE_SIDE_STYLE('',(#11007));
#10589=SURFACE_SIDE_STYLE('',(#11008));
#10590=SURFACE_SIDE_STYLE('',(#11009));
#10591=SURFACE_SIDE_STYLE('',(#11010));
#10592=SURFACE_SIDE_STYLE('',(#11011));
#10593=SURFACE_SIDE_STYLE('',(#11012));
#10594=SURFACE_SIDE_STYLE('',(#11013));
#10595=SURFACE_SIDE_STYLE('',(#11014));
#10596=SURFACE_SIDE_STYLE('',(#11015));
#10597=SURFACE_SIDE_STYLE('',(#11016));
#10598=SURFACE_SIDE_STYLE('',(#11017));
#10599=SURFACE_SIDE_STYLE('',(#11018));
#10600=SURFACE_SIDE_STYLE('',(#11019));
#10601=SURFACE_SIDE_STYLE('',(#11020));
#10602=SURFACE_SIDE_STYLE('',(#11021));
#10603=SURFACE_SIDE_STYLE('',(#11022));
#10604=SURFACE_SIDE_STYLE('',(#11023));
#10605=SURFACE_SIDE_STYLE('',(#11024));
#10606=SURFACE_SIDE_STYLE('',(#11025));
#10607=SURFACE_SIDE_STYLE('',(#11026));
#10608=SURFACE_SIDE_STYLE('',(#11027));
#10609=SURFACE_SIDE_STYLE('',(#11028));
#10610=SURFACE_SIDE_STYLE('',(#11029));
#10611=SURFACE_SIDE_STYLE('',(#11030));
#10612=SURFACE_SIDE_STYLE('',(#11031));
#10613=SURFACE_SIDE_STYLE('',(#11032));
#10614=SURFACE_SIDE_STYLE('',(#11033));
#10615=SURFACE_SIDE_STYLE('',(#11034));
#10616=SURFACE_SIDE_STYLE('',(#11035));
#10617=SURFACE_SIDE_STYLE('',(#11036));
#10618=SURFACE_SIDE_STYLE('',(#11037));
#10619=SURFACE_SIDE_STYLE('',(#11038));
#10620=SURFACE_SIDE_STYLE('',(#11039));
#10621=SURFACE_SIDE_STYLE('',(#11040));
#10622=SURFACE_SIDE_STYLE('',(#11041));
#10623=SURFACE_SIDE_STYLE('',(#11042));
#10624=SURFACE_SIDE_STYLE('',(#11043));
#10625=SURFACE_SIDE_STYLE('',(#11044));
#10626=SURFACE_SIDE_STYLE('',(#11045));
#10627=SURFACE_SIDE_STYLE('',(#11046));
#10628=SURFACE_SIDE_STYLE('',(#11047));
#10629=SURFACE_SIDE_STYLE('',(#11048));
#10630=SURFACE_SIDE_STYLE('',(#11049));
#10631=SURFACE_SIDE_STYLE('',(#11050));
#10632=SURFACE_SIDE_STYLE('',(#11051));
#10633=SURFACE_SIDE_STYLE('',(#11052));
#10634=SURFACE_SIDE_STYLE('',(#11053));
#10635=SURFACE_SIDE_STYLE('',(#11054));
#10636=SURFACE_SIDE_STYLE('',(#11055));
#10637=SURFACE_SIDE_STYLE('',(#11056));
#10638=SURFACE_SIDE_STYLE('',(#11057));
#10639=SURFACE_SIDE_STYLE('',(#11058));
#10640=SURFACE_SIDE_STYLE('',(#11059));
#10641=SURFACE_SIDE_STYLE('',(#11060));
#10642=SURFACE_SIDE_STYLE('',(#11061));
#10643=SURFACE_SIDE_STYLE('',(#11062));
#10644=SURFACE_SIDE_STYLE('',(#11063));
#10645=SURFACE_SIDE_STYLE('',(#11064));
#10646=SURFACE_SIDE_STYLE('',(#11065));
#10647=SURFACE_SIDE_STYLE('',(#11066));
#10648=SURFACE_SIDE_STYLE('',(#11067));
#10649=SURFACE_SIDE_STYLE('',(#11068));
#10650=SURFACE_SIDE_STYLE('',(#11069));
#10651=SURFACE_SIDE_STYLE('',(#11070));
#10652=SURFACE_SIDE_STYLE('',(#11071));
#10653=SURFACE_SIDE_STYLE('',(#11072));
#10654=SURFACE_SIDE_STYLE('',(#11073));
#10655=SURFACE_SIDE_STYLE('',(#11074));
#10656=SURFACE_SIDE_STYLE('',(#11075));
#10657=SURFACE_SIDE_STYLE('',(#11076));
#10658=SURFACE_SIDE_STYLE('',(#11077));
#10659=SURFACE_SIDE_STYLE('',(#11078));
#10660=SURFACE_SIDE_STYLE('',(#11079));
#10661=SURFACE_SIDE_STYLE('',(#11080));
#10662=SURFACE_SIDE_STYLE('',(#11081));
#10663=SURFACE_SIDE_STYLE('',(#11082));
#10664=SURFACE_SIDE_STYLE('',(#11083));
#10665=SURFACE_SIDE_STYLE('',(#11084));
#10666=SURFACE_SIDE_STYLE('',(#11085));
#10667=SURFACE_SIDE_STYLE('',(#11086));
#10668=SURFACE_SIDE_STYLE('',(#11087));
#10669=SURFACE_SIDE_STYLE('',(#11088));
#10670=SURFACE_SIDE_STYLE('',(#11089));
#10671=SURFACE_SIDE_STYLE('',(#11090));
#10672=SURFACE_SIDE_STYLE('',(#11091));
#10673=SURFACE_SIDE_STYLE('',(#11092));
#10674=SURFACE_SIDE_STYLE('',(#11093));
#10675=SURFACE_SIDE_STYLE('',(#11094));
#10676=SURFACE_SIDE_STYLE('',(#11095));
#10677=SURFACE_SIDE_STYLE('',(#11096));
#10678=SURFACE_SIDE_STYLE('',(#11097));
#10679=SURFACE_SIDE_STYLE('',(#11098));
#10680=SURFACE_SIDE_STYLE('',(#11099));
#10681=SURFACE_SIDE_STYLE('',(#11100));
#10682=SURFACE_SIDE_STYLE('',(#11101));
#10683=SURFACE_SIDE_STYLE('',(#11102));
#10684=SURFACE_SIDE_STYLE('',(#11103));
#10685=SURFACE_SIDE_STYLE('',(#11104));
#10686=SURFACE_SIDE_STYLE('',(#11105));
#10687=SURFACE_SIDE_STYLE('',(#11106));
#10688=SURFACE_SIDE_STYLE('',(#11107));
#10689=SURFACE_SIDE_STYLE('',(#11108));
#10690=SURFACE_SIDE_STYLE('',(#11109));
#10691=SURFACE_SIDE_STYLE('',(#11110));
#10692=SURFACE_SIDE_STYLE('',(#11111));
#10693=SURFACE_SIDE_STYLE('',(#11112));
#10694=SURFACE_SIDE_STYLE('',(#11113));
#10695=SURFACE_SIDE_STYLE('',(#11114));
#10696=SURFACE_SIDE_STYLE('',(#11115));
#10697=SURFACE_SIDE_STYLE('',(#11116));
#10698=SURFACE_SIDE_STYLE('',(#11117));
#10699=SURFACE_SIDE_STYLE('',(#11118));
#10700=SURFACE_SIDE_STYLE('',(#11119));
#10701=SURFACE_SIDE_STYLE('',(#11120));
#10702=SURFACE_SIDE_STYLE('',(#11121));
#10703=SURFACE_SIDE_STYLE('',(#11122));
#10704=SURFACE_SIDE_STYLE('',(#11123));
#10705=SURFACE_SIDE_STYLE('',(#11124));
#10706=SURFACE_SIDE_STYLE('',(#11125));
#10707=SURFACE_SIDE_STYLE('',(#11126));
#10708=SURFACE_SIDE_STYLE('',(#11127));
#10709=SURFACE_SIDE_STYLE('',(#11128));
#10710=SURFACE_SIDE_STYLE('',(#11129));
#10711=SURFACE_SIDE_STYLE('',(#11130));
#10712=SURFACE_SIDE_STYLE('',(#11131));
#10713=SURFACE_SIDE_STYLE('',(#11132));
#10714=SURFACE_SIDE_STYLE('',(#11133));
#10715=SURFACE_SIDE_STYLE('',(#11134));
#10716=SURFACE_SIDE_STYLE('',(#11135));
#10717=SURFACE_SIDE_STYLE('',(#11136));
#10718=SURFACE_SIDE_STYLE('',(#11137));
#10719=SURFACE_SIDE_STYLE('',(#11138));
#10720=SURFACE_SIDE_STYLE('',(#11139));
#10721=SURFACE_SIDE_STYLE('',(#11140));
#10722=SURFACE_SIDE_STYLE('',(#11141));
#10723=SURFACE_SIDE_STYLE('',(#11142));
#10724=SURFACE_SIDE_STYLE('',(#11143));
#10725=SURFACE_SIDE_STYLE('',(#11144));
#10726=SURFACE_SIDE_STYLE('',(#11145));
#10727=SURFACE_SIDE_STYLE('',(#11146));
#10728=SURFACE_SIDE_STYLE('',(#11147));
#10729=SURFACE_SIDE_STYLE('',(#11148));
#10730=SURFACE_SIDE_STYLE('',(#11149));
#10731=SURFACE_SIDE_STYLE('',(#11150));
#10732=SURFACE_SIDE_STYLE('',(#11151));
#10733=SURFACE_SIDE_STYLE('',(#11152));
#10734=SURFACE_SIDE_STYLE('',(#11153));
#10735=SURFACE_SIDE_STYLE('',(#11154));
#10736=SURFACE_SIDE_STYLE('',(#11155));
#10737=SURFACE_SIDE_STYLE('',(#11156));
#10738=SURFACE_SIDE_STYLE('',(#11157));
#10739=SURFACE_SIDE_STYLE('',(#11158));
#10740=SURFACE_SIDE_STYLE('',(#11159));
#10741=SURFACE_SIDE_STYLE('',(#11160));
#10742=SURFACE_SIDE_STYLE('',(#11161));
#10743=SURFACE_SIDE_STYLE('',(#11162));
#10744=SURFACE_SIDE_STYLE('',(#11163));
#10745=SURFACE_SIDE_STYLE('',(#11164));
#10746=SURFACE_SIDE_STYLE('',(#11165));
#10747=SURFACE_SIDE_STYLE('',(#11166));
#10748=SURFACE_SIDE_STYLE('',(#11167));
#10749=SURFACE_SIDE_STYLE('',(#11168));
#10750=SURFACE_SIDE_STYLE('',(#11169));
#10751=SURFACE_SIDE_STYLE('',(#11170));
#10752=SURFACE_SIDE_STYLE('',(#11171));
#10753=SURFACE_SIDE_STYLE('',(#11172));
#10754=SURFACE_SIDE_STYLE('',(#11173));
#10755=SURFACE_SIDE_STYLE('',(#11174));
#10756=SURFACE_SIDE_STYLE('',(#11175));
#10757=SURFACE_SIDE_STYLE('',(#11176));
#10758=SURFACE_SIDE_STYLE('',(#11177));
#10759=SURFACE_SIDE_STYLE('',(#11178));
#10760=SURFACE_SIDE_STYLE('',(#11179));
#10761=SURFACE_SIDE_STYLE('',(#11180));
#10762=SURFACE_SIDE_STYLE('',(#11181));
#10763=SURFACE_SIDE_STYLE('',(#11182));
#10764=SURFACE_SIDE_STYLE('',(#11183));
#10765=SURFACE_SIDE_STYLE('',(#11184));
#10766=SURFACE_SIDE_STYLE('',(#11185));
#10767=SURFACE_SIDE_STYLE('',(#11186));
#10768=SURFACE_SIDE_STYLE('',(#11187));
#10769=SURFACE_SIDE_STYLE('',(#11188));
#10770=SURFACE_SIDE_STYLE('',(#11189));
#10771=SURFACE_SIDE_STYLE('',(#11190));
#10772=SURFACE_SIDE_STYLE('',(#11191));
#10773=SURFACE_SIDE_STYLE('',(#11192));
#10774=SURFACE_SIDE_STYLE('',(#11193));
#10775=SURFACE_SIDE_STYLE('',(#11194));
#10776=SURFACE_SIDE_STYLE('',(#11195));
#10777=SURFACE_SIDE_STYLE('',(#11196));
#10778=SURFACE_SIDE_STYLE('',(#11197));
#10779=SURFACE_SIDE_STYLE('',(#11198));
#10780=SURFACE_SIDE_STYLE('',(#11199));
#10781=SURFACE_SIDE_STYLE('',(#11200));
#10782=SURFACE_SIDE_STYLE('',(#11201));
#10783=SURFACE_SIDE_STYLE('',(#11202));
#10784=SURFACE_SIDE_STYLE('',(#11203));
#10785=SURFACE_SIDE_STYLE('',(#11204));
#10786=SURFACE_SIDE_STYLE('',(#11205));
#10787=SURFACE_SIDE_STYLE('',(#11206));
#10788=SURFACE_SIDE_STYLE('',(#11207));
#10789=SURFACE_SIDE_STYLE('',(#11208));
#10790=SURFACE_SIDE_STYLE('',(#11209));
#10791=SURFACE_SIDE_STYLE('',(#11210));
#10792=SURFACE_SIDE_STYLE('',(#11211));
#10793=SURFACE_SIDE_STYLE('',(#11212));
#10794=SURFACE_SIDE_STYLE('',(#11213));
#10795=SURFACE_SIDE_STYLE('',(#11214));
#10796=SURFACE_SIDE_STYLE('',(#11215));
#10797=SURFACE_SIDE_STYLE('',(#11216));
#10798=SURFACE_SIDE_STYLE('',(#11217));
#10799=SURFACE_SIDE_STYLE('',(#11218));
#10800=SURFACE_SIDE_STYLE('',(#11219));
#10801=SURFACE_SIDE_STYLE('',(#11220));
#10802=SURFACE_SIDE_STYLE('',(#11221));
#10803=SURFACE_SIDE_STYLE('',(#11222));
#10804=SURFACE_SIDE_STYLE('',(#11223));
#10805=SURFACE_SIDE_STYLE('',(#11224));
#10806=SURFACE_SIDE_STYLE('',(#11225));
#10807=SURFACE_SIDE_STYLE('',(#11226));
#10808=SURFACE_SIDE_STYLE('',(#11227));
#10809=SURFACE_SIDE_STYLE('',(#11228));
#10810=SURFACE_SIDE_STYLE('',(#11229));
#10811=SURFACE_SIDE_STYLE('',(#11230));
#10812=SURFACE_SIDE_STYLE('',(#11231));
#10813=SURFACE_SIDE_STYLE('',(#11232));
#10814=SURFACE_SIDE_STYLE('',(#11233));
#10815=SURFACE_SIDE_STYLE('',(#11234));
#10816=SURFACE_SIDE_STYLE('',(#11235));
#10817=SURFACE_SIDE_STYLE('',(#11236));
#10818=SURFACE_SIDE_STYLE('',(#11237));
#10819=SURFACE_SIDE_STYLE('',(#11238));
#10820=SURFACE_SIDE_STYLE('',(#11239));
#10821=SURFACE_SIDE_STYLE('',(#11240));
#10822=SURFACE_SIDE_STYLE('',(#11241));
#10823=SURFACE_SIDE_STYLE('',(#11242));
#10824=SURFACE_SIDE_STYLE('',(#11243));
#10825=SURFACE_SIDE_STYLE('',(#11244));
#10826=SURFACE_SIDE_STYLE('',(#11245));
#10827=SURFACE_SIDE_STYLE('',(#11246));
#10828=SURFACE_SIDE_STYLE('',(#11247));
#10829=SURFACE_SIDE_STYLE('',(#11248));
#10830=SURFACE_SIDE_STYLE('',(#11249));
#10831=SURFACE_SIDE_STYLE('',(#11250));
#10832=SURFACE_SIDE_STYLE('',(#11251));
#10833=SURFACE_SIDE_STYLE('',(#11252));
#10834=SURFACE_SIDE_STYLE('',(#11253));
#10835=SURFACE_SIDE_STYLE('',(#11254));
#10836=SURFACE_SIDE_STYLE('',(#11255));
#10837=SURFACE_SIDE_STYLE('',(#11256));
#10838=SURFACE_SIDE_STYLE('',(#11257));
#10839=SURFACE_SIDE_STYLE('',(#11258));
#10840=SURFACE_SIDE_STYLE('',(#11259));
#10841=SURFACE_SIDE_STYLE('',(#11260));
#10842=SURFACE_SIDE_STYLE('',(#11261));
#10843=SURFACE_SIDE_STYLE('',(#11262));
#10844=SURFACE_SIDE_STYLE('',(#11263));
#10845=SURFACE_SIDE_STYLE('',(#11264));
#10846=SURFACE_SIDE_STYLE('',(#11265));
#10847=SURFACE_SIDE_STYLE('',(#11266));
#10848=SURFACE_SIDE_STYLE('',(#11267));
#10849=SURFACE_SIDE_STYLE('',(#11268));
#10850=SURFACE_SIDE_STYLE('',(#11269));
#10851=SURFACE_SIDE_STYLE('',(#11270));
#10852=SURFACE_SIDE_STYLE('',(#11271));
#10853=SURFACE_SIDE_STYLE('',(#11272));
#10854=SURFACE_SIDE_STYLE('',(#11273));
#10855=SURFACE_SIDE_STYLE('',(#11274));
#10856=SURFACE_SIDE_STYLE('',(#11275));
#10857=SURFACE_SIDE_STYLE('',(#11276));
#10858=SURFACE_SIDE_STYLE('',(#11277));
#10859=SURFACE_SIDE_STYLE('',(#11278));
#10860=SURFACE_STYLE_FILL_AREA(#11279);
#10861=SURFACE_STYLE_FILL_AREA(#11280);
#10862=SURFACE_STYLE_FILL_AREA(#11281);
#10863=SURFACE_STYLE_FILL_AREA(#11282);
#10864=SURFACE_STYLE_FILL_AREA(#11283);
#10865=SURFACE_STYLE_FILL_AREA(#11284);
#10866=SURFACE_STYLE_FILL_AREA(#11285);
#10867=SURFACE_STYLE_FILL_AREA(#11286);
#10868=SURFACE_STYLE_FILL_AREA(#11287);
#10869=SURFACE_STYLE_FILL_AREA(#11288);
#10870=SURFACE_STYLE_FILL_AREA(#11289);
#10871=SURFACE_STYLE_FILL_AREA(#11290);
#10872=SURFACE_STYLE_FILL_AREA(#11291);
#10873=SURFACE_STYLE_FILL_AREA(#11292);
#10874=SURFACE_STYLE_FILL_AREA(#11293);
#10875=SURFACE_STYLE_FILL_AREA(#11294);
#10876=SURFACE_STYLE_FILL_AREA(#11295);
#10877=SURFACE_STYLE_FILL_AREA(#11296);
#10878=SURFACE_STYLE_FILL_AREA(#11297);
#10879=SURFACE_STYLE_FILL_AREA(#11298);
#10880=SURFACE_STYLE_FILL_AREA(#11299);
#10881=SURFACE_STYLE_FILL_AREA(#11300);
#10882=SURFACE_STYLE_FILL_AREA(#11301);
#10883=SURFACE_STYLE_FILL_AREA(#11302);
#10884=SURFACE_STYLE_FILL_AREA(#11303);
#10885=SURFACE_STYLE_FILL_AREA(#11304);
#10886=SURFACE_STYLE_FILL_AREA(#11305);
#10887=SURFACE_STYLE_FILL_AREA(#11306);
#10888=SURFACE_STYLE_FILL_AREA(#11307);
#10889=SURFACE_STYLE_FILL_AREA(#11308);
#10890=SURFACE_STYLE_FILL_AREA(#11309);
#10891=SURFACE_STYLE_FILL_AREA(#11310);
#10892=SURFACE_STYLE_FILL_AREA(#11311);
#10893=SURFACE_STYLE_FILL_AREA(#11312);
#10894=SURFACE_STYLE_FILL_AREA(#11313);
#10895=SURFACE_STYLE_FILL_AREA(#11314);
#10896=SURFACE_STYLE_FILL_AREA(#11315);
#10897=SURFACE_STYLE_FILL_AREA(#11316);
#10898=SURFACE_STYLE_FILL_AREA(#11317);
#10899=SURFACE_STYLE_FILL_AREA(#11318);
#10900=SURFACE_STYLE_FILL_AREA(#11319);
#10901=SURFACE_STYLE_FILL_AREA(#11320);
#10902=SURFACE_STYLE_FILL_AREA(#11321);
#10903=SURFACE_STYLE_FILL_AREA(#11322);
#10904=SURFACE_STYLE_FILL_AREA(#11323);
#10905=SURFACE_STYLE_FILL_AREA(#11324);
#10906=SURFACE_STYLE_FILL_AREA(#11325);
#10907=SURFACE_STYLE_FILL_AREA(#11326);
#10908=SURFACE_STYLE_FILL_AREA(#11327);
#10909=SURFACE_STYLE_FILL_AREA(#11328);
#10910=SURFACE_STYLE_FILL_AREA(#11329);
#10911=SURFACE_STYLE_FILL_AREA(#11330);
#10912=SURFACE_STYLE_FILL_AREA(#11331);
#10913=SURFACE_STYLE_FILL_AREA(#11332);
#10914=SURFACE_STYLE_FILL_AREA(#11333);
#10915=SURFACE_STYLE_FILL_AREA(#11334);
#10916=SURFACE_STYLE_FILL_AREA(#11335);
#10917=SURFACE_STYLE_FILL_AREA(#11336);
#10918=SURFACE_STYLE_FILL_AREA(#11337);
#10919=SURFACE_STYLE_FILL_AREA(#11338);
#10920=SURFACE_STYLE_FILL_AREA(#11339);
#10921=SURFACE_STYLE_FILL_AREA(#11340);
#10922=SURFACE_STYLE_FILL_AREA(#11341);
#10923=SURFACE_STYLE_FILL_AREA(#11342);
#10924=SURFACE_STYLE_FILL_AREA(#11343);
#10925=SURFACE_STYLE_FILL_AREA(#11344);
#10926=SURFACE_STYLE_FILL_AREA(#11345);
#10927=SURFACE_STYLE_FILL_AREA(#11346);
#10928=SURFACE_STYLE_FILL_AREA(#11347);
#10929=SURFACE_STYLE_FILL_AREA(#11348);
#10930=SURFACE_STYLE_FILL_AREA(#11349);
#10931=SURFACE_STYLE_FILL_AREA(#11350);
#10932=SURFACE_STYLE_FILL_AREA(#11351);
#10933=SURFACE_STYLE_FILL_AREA(#11352);
#10934=SURFACE_STYLE_FILL_AREA(#11353);
#10935=SURFACE_STYLE_FILL_AREA(#11354);
#10936=SURFACE_STYLE_FILL_AREA(#11355);
#10937=SURFACE_STYLE_FILL_AREA(#11356);
#10938=SURFACE_STYLE_FILL_AREA(#11357);
#10939=SURFACE_STYLE_FILL_AREA(#11358);
#10940=SURFACE_STYLE_FILL_AREA(#11359);
#10941=SURFACE_STYLE_FILL_AREA(#11360);
#10942=SURFACE_STYLE_FILL_AREA(#11361);
#10943=SURFACE_STYLE_FILL_AREA(#11362);
#10944=SURFACE_STYLE_FILL_AREA(#11363);
#10945=SURFACE_STYLE_FILL_AREA(#11364);
#10946=SURFACE_STYLE_FILL_AREA(#11365);
#10947=SURFACE_STYLE_FILL_AREA(#11366);
#10948=SURFACE_STYLE_FILL_AREA(#11367);
#10949=SURFACE_STYLE_FILL_AREA(#11368);
#10950=SURFACE_STYLE_FILL_AREA(#11369);
#10951=SURFACE_STYLE_FILL_AREA(#11370);
#10952=SURFACE_STYLE_FILL_AREA(#11371);
#10953=SURFACE_STYLE_FILL_AREA(#11372);
#10954=SURFACE_STYLE_FILL_AREA(#11373);
#10955=SURFACE_STYLE_FILL_AREA(#11374);
#10956=SURFACE_STYLE_FILL_AREA(#11375);
#10957=SURFACE_STYLE_FILL_AREA(#11376);
#10958=SURFACE_STYLE_FILL_AREA(#11377);
#10959=SURFACE_STYLE_FILL_AREA(#11378);
#10960=SURFACE_STYLE_FILL_AREA(#11379);
#10961=SURFACE_STYLE_FILL_AREA(#11380);
#10962=SURFACE_STYLE_FILL_AREA(#11381);
#10963=SURFACE_STYLE_FILL_AREA(#11382);
#10964=SURFACE_STYLE_FILL_AREA(#11383);
#10965=SURFACE_STYLE_FILL_AREA(#11384);
#10966=SURFACE_STYLE_FILL_AREA(#11385);
#10967=SURFACE_STYLE_FILL_AREA(#11386);
#10968=SURFACE_STYLE_FILL_AREA(#11387);
#10969=SURFACE_STYLE_FILL_AREA(#11388);
#10970=SURFACE_STYLE_FILL_AREA(#11389);
#10971=SURFACE_STYLE_FILL_AREA(#11390);
#10972=SURFACE_STYLE_FILL_AREA(#11391);
#10973=SURFACE_STYLE_FILL_AREA(#11392);
#10974=SURFACE_STYLE_FILL_AREA(#11393);
#10975=SURFACE_STYLE_FILL_AREA(#11394);
#10976=SURFACE_STYLE_FILL_AREA(#11395);
#10977=SURFACE_STYLE_FILL_AREA(#11396);
#10978=SURFACE_STYLE_FILL_AREA(#11397);
#10979=SURFACE_STYLE_FILL_AREA(#11398);
#10980=SURFACE_STYLE_FILL_AREA(#11399);
#10981=SURFACE_STYLE_FILL_AREA(#11400);
#10982=SURFACE_STYLE_FILL_AREA(#11401);
#10983=SURFACE_STYLE_FILL_AREA(#11402);
#10984=SURFACE_STYLE_FILL_AREA(#11403);
#10985=SURFACE_STYLE_FILL_AREA(#11404);
#10986=SURFACE_STYLE_FILL_AREA(#11405);
#10987=SURFACE_STYLE_FILL_AREA(#11406);
#10988=SURFACE_STYLE_FILL_AREA(#11407);
#10989=SURFACE_STYLE_FILL_AREA(#11408);
#10990=SURFACE_STYLE_FILL_AREA(#11409);
#10991=SURFACE_STYLE_FILL_AREA(#11410);
#10992=SURFACE_STYLE_FILL_AREA(#11411);
#10993=SURFACE_STYLE_FILL_AREA(#11412);
#10994=SURFACE_STYLE_FILL_AREA(#11413);
#10995=SURFACE_STYLE_FILL_AREA(#11414);
#10996=SURFACE_STYLE_FILL_AREA(#11415);
#10997=SURFACE_STYLE_FILL_AREA(#11416);
#10998=SURFACE_STYLE_FILL_AREA(#11417);
#10999=SURFACE_STYLE_FILL_AREA(#11418);
#11000=SURFACE_STYLE_FILL_AREA(#11419);
#11001=SURFACE_STYLE_FILL_AREA(#11420);
#11002=SURFACE_STYLE_FILL_AREA(#11421);
#11003=SURFACE_STYLE_FILL_AREA(#11422);
#11004=SURFACE_STYLE_FILL_AREA(#11423);
#11005=SURFACE_STYLE_FILL_AREA(#11424);
#11006=SURFACE_STYLE_FILL_AREA(#11425);
#11007=SURFACE_STYLE_FILL_AREA(#11426);
#11008=SURFACE_STYLE_FILL_AREA(#11427);
#11009=SURFACE_STYLE_FILL_AREA(#11428);
#11010=SURFACE_STYLE_FILL_AREA(#11429);
#11011=SURFACE_STYLE_FILL_AREA(#11430);
#11012=SURFACE_STYLE_FILL_AREA(#11431);
#11013=SURFACE_STYLE_FILL_AREA(#11432);
#11014=SURFACE_STYLE_FILL_AREA(#11433);
#11015=SURFACE_STYLE_FILL_AREA(#11434);
#11016=SURFACE_STYLE_FILL_AREA(#11435);
#11017=SURFACE_STYLE_FILL_AREA(#11436);
#11018=SURFACE_STYLE_FILL_AREA(#11437);
#11019=SURFACE_STYLE_FILL_AREA(#11438);
#11020=SURFACE_STYLE_FILL_AREA(#11439);
#11021=SURFACE_STYLE_FILL_AREA(#11440);
#11022=SURFACE_STYLE_FILL_AREA(#11441);
#11023=SURFACE_STYLE_FILL_AREA(#11442);
#11024=SURFACE_STYLE_FILL_AREA(#11443);
#11025=SURFACE_STYLE_FILL_AREA(#11444);
#11026=SURFACE_STYLE_FILL_AREA(#11445);
#11027=SURFACE_STYLE_FILL_AREA(#11446);
#11028=SURFACE_STYLE_FILL_AREA(#11447);
#11029=SURFACE_STYLE_FILL_AREA(#11448);
#11030=SURFACE_STYLE_FILL_AREA(#11449);
#11031=SURFACE_STYLE_FILL_AREA(#11450);
#11032=SURFACE_STYLE_FILL_AREA(#11451);
#11033=SURFACE_STYLE_FILL_AREA(#11452);
#11034=SURFACE_STYLE_FILL_AREA(#11453);
#11035=SURFACE_STYLE_FILL_AREA(#11454);
#11036=SURFACE_STYLE_FILL_AREA(#11455);
#11037=SURFACE_STYLE_FILL_AREA(#11456);
#11038=SURFACE_STYLE_FILL_AREA(#11457);
#11039=SURFACE_STYLE_FILL_AREA(#11458);
#11040=SURFACE_STYLE_FILL_AREA(#11459);
#11041=SURFACE_STYLE_FILL_AREA(#11460);
#11042=SURFACE_STYLE_FILL_AREA(#11461);
#11043=SURFACE_STYLE_FILL_AREA(#11462);
#11044=SURFACE_STYLE_FILL_AREA(#11463);
#11045=SURFACE_STYLE_FILL_AREA(#11464);
#11046=SURFACE_STYLE_FILL_AREA(#11465);
#11047=SURFACE_STYLE_FILL_AREA(#11466);
#11048=SURFACE_STYLE_FILL_AREA(#11467);
#11049=SURFACE_STYLE_FILL_AREA(#11468);
#11050=SURFACE_STYLE_FILL_AREA(#11469);
#11051=SURFACE_STYLE_FILL_AREA(#11470);
#11052=SURFACE_STYLE_FILL_AREA(#11471);
#11053=SURFACE_STYLE_FILL_AREA(#11472);
#11054=SURFACE_STYLE_FILL_AREA(#11473);
#11055=SURFACE_STYLE_FILL_AREA(#11474);
#11056=SURFACE_STYLE_FILL_AREA(#11475);
#11057=SURFACE_STYLE_FILL_AREA(#11476);
#11058=SURFACE_STYLE_FILL_AREA(#11477);
#11059=SURFACE_STYLE_FILL_AREA(#11478);
#11060=SURFACE_STYLE_FILL_AREA(#11479);
#11061=SURFACE_STYLE_FILL_AREA(#11480);
#11062=SURFACE_STYLE_FILL_AREA(#11481);
#11063=SURFACE_STYLE_FILL_AREA(#11482);
#11064=SURFACE_STYLE_FILL_AREA(#11483);
#11065=SURFACE_STYLE_FILL_AREA(#11484);
#11066=SURFACE_STYLE_FILL_AREA(#11485);
#11067=SURFACE_STYLE_FILL_AREA(#11486);
#11068=SURFACE_STYLE_FILL_AREA(#11487);
#11069=SURFACE_STYLE_FILL_AREA(#11488);
#11070=SURFACE_STYLE_FILL_AREA(#11489);
#11071=SURFACE_STYLE_FILL_AREA(#11490);
#11072=SURFACE_STYLE_FILL_AREA(#11491);
#11073=SURFACE_STYLE_FILL_AREA(#11492);
#11074=SURFACE_STYLE_FILL_AREA(#11493);
#11075=SURFACE_STYLE_FILL_AREA(#11494);
#11076=SURFACE_STYLE_FILL_AREA(#11495);
#11077=SURFACE_STYLE_FILL_AREA(#11496);
#11078=SURFACE_STYLE_FILL_AREA(#11497);
#11079=SURFACE_STYLE_FILL_AREA(#11498);
#11080=SURFACE_STYLE_FILL_AREA(#11499);
#11081=SURFACE_STYLE_FILL_AREA(#11500);
#11082=SURFACE_STYLE_FILL_AREA(#11501);
#11083=SURFACE_STYLE_FILL_AREA(#11502);
#11084=SURFACE_STYLE_FILL_AREA(#11503);
#11085=SURFACE_STYLE_FILL_AREA(#11504);
#11086=SURFACE_STYLE_FILL_AREA(#11505);
#11087=SURFACE_STYLE_FILL_AREA(#11506);
#11088=SURFACE_STYLE_FILL_AREA(#11507);
#11089=SURFACE_STYLE_FILL_AREA(#11508);
#11090=SURFACE_STYLE_FILL_AREA(#11509);
#11091=SURFACE_STYLE_FILL_AREA(#11510);
#11092=SURFACE_STYLE_FILL_AREA(#11511);
#11093=SURFACE_STYLE_FILL_AREA(#11512);
#11094=SURFACE_STYLE_FILL_AREA(#11513);
#11095=SURFACE_STYLE_FILL_AREA(#11514);
#11096=SURFACE_STYLE_FILL_AREA(#11515);
#11097=SURFACE_STYLE_FILL_AREA(#11516);
#11098=SURFACE_STYLE_FILL_AREA(#11517);
#11099=SURFACE_STYLE_FILL_AREA(#11518);
#11100=SURFACE_STYLE_FILL_AREA(#11519);
#11101=SURFACE_STYLE_FILL_AREA(#11520);
#11102=SURFACE_STYLE_FILL_AREA(#11521);
#11103=SURFACE_STYLE_FILL_AREA(#11522);
#11104=SURFACE_STYLE_FILL_AREA(#11523);
#11105=SURFACE_STYLE_FILL_AREA(#11524);
#11106=SURFACE_STYLE_FILL_AREA(#11525);
#11107=SURFACE_STYLE_FILL_AREA(#11526);
#11108=SURFACE_STYLE_FILL_AREA(#11527);
#11109=SURFACE_STYLE_FILL_AREA(#11528);
#11110=SURFACE_STYLE_FILL_AREA(#11529);
#11111=SURFACE_STYLE_FILL_AREA(#11530);
#11112=SURFACE_STYLE_FILL_AREA(#11531);
#11113=SURFACE_STYLE_FILL_AREA(#11532);
#11114=SURFACE_STYLE_FILL_AREA(#11533);
#11115=SURFACE_STYLE_FILL_AREA(#11534);
#11116=SURFACE_STYLE_FILL_AREA(#11535);
#11117=SURFACE_STYLE_FILL_AREA(#11536);
#11118=SURFACE_STYLE_FILL_AREA(#11537);
#11119=SURFACE_STYLE_FILL_AREA(#11538);
#11120=SURFACE_STYLE_FILL_AREA(#11539);
#11121=SURFACE_STYLE_FILL_AREA(#11540);
#11122=SURFACE_STYLE_FILL_AREA(#11541);
#11123=SURFACE_STYLE_FILL_AREA(#11542);
#11124=SURFACE_STYLE_FILL_AREA(#11543);
#11125=SURFACE_STYLE_FILL_AREA(#11544);
#11126=SURFACE_STYLE_FILL_AREA(#11545);
#11127=SURFACE_STYLE_FILL_AREA(#11546);
#11128=SURFACE_STYLE_FILL_AREA(#11547);
#11129=SURFACE_STYLE_FILL_AREA(#11548);
#11130=SURFACE_STYLE_FILL_AREA(#11549);
#11131=SURFACE_STYLE_FILL_AREA(#11550);
#11132=SURFACE_STYLE_FILL_AREA(#11551);
#11133=SURFACE_STYLE_FILL_AREA(#11552);
#11134=SURFACE_STYLE_FILL_AREA(#11553);
#11135=SURFACE_STYLE_FILL_AREA(#11554);
#11136=SURFACE_STYLE_FILL_AREA(#11555);
#11137=SURFACE_STYLE_FILL_AREA(#11556);
#11138=SURFACE_STYLE_FILL_AREA(#11557);
#11139=SURFACE_STYLE_FILL_AREA(#11558);
#11140=SURFACE_STYLE_FILL_AREA(#11559);
#11141=SURFACE_STYLE_FILL_AREA(#11560);
#11142=SURFACE_STYLE_FILL_AREA(#11561);
#11143=SURFACE_STYLE_FILL_AREA(#11562);
#11144=SURFACE_STYLE_FILL_AREA(#11563);
#11145=SURFACE_STYLE_FILL_AREA(#11564);
#11146=SURFACE_STYLE_FILL_AREA(#11565);
#11147=SURFACE_STYLE_FILL_AREA(#11566);
#11148=SURFACE_STYLE_FILL_AREA(#11567);
#11149=SURFACE_STYLE_FILL_AREA(#11568);
#11150=SURFACE_STYLE_FILL_AREA(#11569);
#11151=SURFACE_STYLE_FILL_AREA(#11570);
#11152=SURFACE_STYLE_FILL_AREA(#11571);
#11153=SURFACE_STYLE_FILL_AREA(#11572);
#11154=SURFACE_STYLE_FILL_AREA(#11573);
#11155=SURFACE_STYLE_FILL_AREA(#11574);
#11156=SURFACE_STYLE_FILL_AREA(#11575);
#11157=SURFACE_STYLE_FILL_AREA(#11576);
#11158=SURFACE_STYLE_FILL_AREA(#11577);
#11159=SURFACE_STYLE_FILL_AREA(#11578);
#11160=SURFACE_STYLE_FILL_AREA(#11579);
#11161=SURFACE_STYLE_FILL_AREA(#11580);
#11162=SURFACE_STYLE_FILL_AREA(#11581);
#11163=SURFACE_STYLE_FILL_AREA(#11582);
#11164=SURFACE_STYLE_FILL_AREA(#11583);
#11165=SURFACE_STYLE_FILL_AREA(#11584);
#11166=SURFACE_STYLE_FILL_AREA(#11585);
#11167=SURFACE_STYLE_FILL_AREA(#11586);
#11168=SURFACE_STYLE_FILL_AREA(#11587);
#11169=SURFACE_STYLE_FILL_AREA(#11588);
#11170=SURFACE_STYLE_FILL_AREA(#11589);
#11171=SURFACE_STYLE_FILL_AREA(#11590);
#11172=SURFACE_STYLE_FILL_AREA(#11591);
#11173=SURFACE_STYLE_FILL_AREA(#11592);
#11174=SURFACE_STYLE_FILL_AREA(#11593);
#11175=SURFACE_STYLE_FILL_AREA(#11594);
#11176=SURFACE_STYLE_FILL_AREA(#11595);
#11177=SURFACE_STYLE_FILL_AREA(#11596);
#11178=SURFACE_STYLE_FILL_AREA(#11597);
#11179=SURFACE_STYLE_FILL_AREA(#11598);
#11180=SURFACE_STYLE_FILL_AREA(#11599);
#11181=SURFACE_STYLE_FILL_AREA(#11600);
#11182=SURFACE_STYLE_FILL_AREA(#11601);
#11183=SURFACE_STYLE_FILL_AREA(#11602);
#11184=SURFACE_STYLE_FILL_AREA(#11603);
#11185=SURFACE_STYLE_FILL_AREA(#11604);
#11186=SURFACE_STYLE_FILL_AREA(#11605);
#11187=SURFACE_STYLE_FILL_AREA(#11606);
#11188=SURFACE_STYLE_FILL_AREA(#11607);
#11189=SURFACE_STYLE_FILL_AREA(#11608);
#11190=SURFACE_STYLE_FILL_AREA(#11609);
#11191=SURFACE_STYLE_FILL_AREA(#11610);
#11192=SURFACE_STYLE_FILL_AREA(#11611);
#11193=SURFACE_STYLE_FILL_AREA(#11612);
#11194=SURFACE_STYLE_FILL_AREA(#11613);
#11195=SURFACE_STYLE_FILL_AREA(#11614);
#11196=SURFACE_STYLE_FILL_AREA(#11615);
#11197=SURFACE_STYLE_FILL_AREA(#11616);
#11198=SURFACE_STYLE_FILL_AREA(#11617);
#11199=SURFACE_STYLE_FILL_AREA(#11618);
#11200=SURFACE_STYLE_FILL_AREA(#11619);
#11201=SURFACE_STYLE_FILL_AREA(#11620);
#11202=SURFACE_STYLE_FILL_AREA(#11621);
#11203=SURFACE_STYLE_FILL_AREA(#11622);
#11204=SURFACE_STYLE_FILL_AREA(#11623);
#11205=SURFACE_STYLE_FILL_AREA(#11624);
#11206=SURFACE_STYLE_FILL_AREA(#11625);
#11207=SURFACE_STYLE_FILL_AREA(#11626);
#11208=SURFACE_STYLE_FILL_AREA(#11627);
#11209=SURFACE_STYLE_FILL_AREA(#11628);
#11210=SURFACE_STYLE_FILL_AREA(#11629);
#11211=SURFACE_STYLE_FILL_AREA(#11630);
#11212=SURFACE_STYLE_FILL_AREA(#11631);
#11213=SURFACE_STYLE_FILL_AREA(#11632);
#11214=SURFACE_STYLE_FILL_AREA(#11633);
#11215=SURFACE_STYLE_FILL_AREA(#11634);
#11216=SURFACE_STYLE_FILL_AREA(#11635);
#11217=SURFACE_STYLE_FILL_AREA(#11636);
#11218=SURFACE_STYLE_FILL_AREA(#11637);
#11219=SURFACE_STYLE_FILL_AREA(#11638);
#11220=SURFACE_STYLE_FILL_AREA(#11639);
#11221=SURFACE_STYLE_FILL_AREA(#11640);
#11222=SURFACE_STYLE_FILL_AREA(#11641);
#11223=SURFACE_STYLE_FILL_AREA(#11642);
#11224=SURFACE_STYLE_FILL_AREA(#11643);
#11225=SURFACE_STYLE_FILL_AREA(#11644);
#11226=SURFACE_STYLE_FILL_AREA(#11645);
#11227=SURFACE_STYLE_FILL_AREA(#11646);
#11228=SURFACE_STYLE_FILL_AREA(#11647);
#11229=SURFACE_STYLE_FILL_AREA(#11648);
#11230=SURFACE_STYLE_FILL_AREA(#11649);
#11231=SURFACE_STYLE_FILL_AREA(#11650);
#11232=SURFACE_STYLE_FILL_AREA(#11651);
#11233=SURFACE_STYLE_FILL_AREA(#11652);
#11234=SURFACE_STYLE_FILL_AREA(#11653);
#11235=SURFACE_STYLE_FILL_AREA(#11654);
#11236=SURFACE_STYLE_FILL_AREA(#11655);
#11237=SURFACE_STYLE_FILL_AREA(#11656);
#11238=SURFACE_STYLE_FILL_AREA(#11657);
#11239=SURFACE_STYLE_FILL_AREA(#11658);
#11240=SURFACE_STYLE_FILL_AREA(#11659);
#11241=SURFACE_STYLE_FILL_AREA(#11660);
#11242=SURFACE_STYLE_FILL_AREA(#11661);
#11243=SURFACE_STYLE_FILL_AREA(#11662);
#11244=SURFACE_STYLE_FILL_AREA(#11663);
#11245=SURFACE_STYLE_FILL_AREA(#11664);
#11246=SURFACE_STYLE_FILL_AREA(#11665);
#11247=SURFACE_STYLE_FILL_AREA(#11666);
#11248=SURFACE_STYLE_FILL_AREA(#11667);
#11249=SURFACE_STYLE_FILL_AREA(#11668);
#11250=SURFACE_STYLE_FILL_AREA(#11669);
#11251=SURFACE_STYLE_FILL_AREA(#11670);
#11252=SURFACE_STYLE_FILL_AREA(#11671);
#11253=SURFACE_STYLE_FILL_AREA(#11672);
#11254=SURFACE_STYLE_FILL_AREA(#11673);
#11255=SURFACE_STYLE_FILL_AREA(#11674);
#11256=SURFACE_STYLE_FILL_AREA(#11675);
#11257=SURFACE_STYLE_FILL_AREA(#11676);
#11258=SURFACE_STYLE_FILL_AREA(#11677);
#11259=SURFACE_STYLE_FILL_AREA(#11678);
#11260=SURFACE_STYLE_FILL_AREA(#11679);
#11261=SURFACE_STYLE_FILL_AREA(#11680);
#11262=SURFACE_STYLE_FILL_AREA(#11681);
#11263=SURFACE_STYLE_FILL_AREA(#11682);
#11264=SURFACE_STYLE_FILL_AREA(#11683);
#11265=SURFACE_STYLE_FILL_AREA(#11684);
#11266=SURFACE_STYLE_FILL_AREA(#11685);
#11267=SURFACE_STYLE_FILL_AREA(#11686);
#11268=SURFACE_STYLE_FILL_AREA(#11687);
#11269=SURFACE_STYLE_FILL_AREA(#11688);
#11270=SURFACE_STYLE_FILL_AREA(#11689);
#11271=SURFACE_STYLE_FILL_AREA(#11690);
#11272=SURFACE_STYLE_FILL_AREA(#11691);
#11273=SURFACE_STYLE_FILL_AREA(#11692);
#11274=SURFACE_STYLE_FILL_AREA(#11693);
#11275=SURFACE_STYLE_FILL_AREA(#11694);
#11276=SURFACE_STYLE_FILL_AREA(#11695);
#11277=SURFACE_STYLE_FILL_AREA(#11696);
#11278=SURFACE_STYLE_FILL_AREA(#11697);
#11279=FILL_AREA_STYLE('',(#11698));
#11280=FILL_AREA_STYLE('',(#11699));
#11281=FILL_AREA_STYLE('',(#11700));
#11282=FILL_AREA_STYLE('',(#11701));
#11283=FILL_AREA_STYLE('',(#11702));
#11284=FILL_AREA_STYLE('',(#11703));
#11285=FILL_AREA_STYLE('',(#11704));
#11286=FILL_AREA_STYLE('',(#11705));
#11287=FILL_AREA_STYLE('',(#11706));
#11288=FILL_AREA_STYLE('',(#11707));
#11289=FILL_AREA_STYLE('',(#11708));
#11290=FILL_AREA_STYLE('',(#11709));
#11291=FILL_AREA_STYLE('',(#11710));
#11292=FILL_AREA_STYLE('',(#11711));
#11293=FILL_AREA_STYLE('',(#11712));
#11294=FILL_AREA_STYLE('',(#11713));
#11295=FILL_AREA_STYLE('',(#11714));
#11296=FILL_AREA_STYLE('',(#11715));
#11297=FILL_AREA_STYLE('',(#11716));
#11298=FILL_AREA_STYLE('',(#11717));
#11299=FILL_AREA_STYLE('',(#11718));
#11300=FILL_AREA_STYLE('',(#11719));
#11301=FILL_AREA_STYLE('',(#11720));
#11302=FILL_AREA_STYLE('',(#11721));
#11303=FILL_AREA_STYLE('',(#11722));
#11304=FILL_AREA_STYLE('',(#11723));
#11305=FILL_AREA_STYLE('',(#11724));
#11306=FILL_AREA_STYLE('',(#11725));
#11307=FILL_AREA_STYLE('',(#11726));
#11308=FILL_AREA_STYLE('',(#11727));
#11309=FILL_AREA_STYLE('',(#11728));
#11310=FILL_AREA_STYLE('',(#11729));
#11311=FILL_AREA_STYLE('',(#11730));
#11312=FILL_AREA_STYLE('',(#11731));
#11313=FILL_AREA_STYLE('',(#11732));
#11314=FILL_AREA_STYLE('',(#11733));
#11315=FILL_AREA_STYLE('',(#11734));
#11316=FILL_AREA_STYLE('',(#11735));
#11317=FILL_AREA_STYLE('',(#11736));
#11318=FILL_AREA_STYLE('',(#11737));
#11319=FILL_AREA_STYLE('',(#11738));
#11320=FILL_AREA_STYLE('',(#11739));
#11321=FILL_AREA_STYLE('',(#11740));
#11322=FILL_AREA_STYLE('',(#11741));
#11323=FILL_AREA_STYLE('',(#11742));
#11324=FILL_AREA_STYLE('',(#11743));
#11325=FILL_AREA_STYLE('',(#11744));
#11326=FILL_AREA_STYLE('',(#11745));
#11327=FILL_AREA_STYLE('',(#11746));
#11328=FILL_AREA_STYLE('',(#11747));
#11329=FILL_AREA_STYLE('',(#11748));
#11330=FILL_AREA_STYLE('',(#11749));
#11331=FILL_AREA_STYLE('',(#11750));
#11332=FILL_AREA_STYLE('',(#11751));
#11333=FILL_AREA_STYLE('',(#11752));
#11334=FILL_AREA_STYLE('',(#11753));
#11335=FILL_AREA_STYLE('',(#11754));
#11336=FILL_AREA_STYLE('',(#11755));
#11337=FILL_AREA_STYLE('',(#11756));
#11338=FILL_AREA_STYLE('',(#11757));
#11339=FILL_AREA_STYLE('',(#11758));
#11340=FILL_AREA_STYLE('',(#11759));
#11341=FILL_AREA_STYLE('',(#11760));
#11342=FILL_AREA_STYLE('',(#11761));
#11343=FILL_AREA_STYLE('',(#11762));
#11344=FILL_AREA_STYLE('',(#11763));
#11345=FILL_AREA_STYLE('',(#11764));
#11346=FILL_AREA_STYLE('',(#11765));
#11347=FILL_AREA_STYLE('',(#11766));
#11348=FILL_AREA_STYLE('',(#11767));
#11349=FILL_AREA_STYLE('',(#11768));
#11350=FILL_AREA_STYLE('',(#11769));
#11351=FILL_AREA_STYLE('',(#11770));
#11352=FILL_AREA_STYLE('',(#11771));
#11353=FILL_AREA_STYLE('',(#11772));
#11354=FILL_AREA_STYLE('',(#11773));
#11355=FILL_AREA_STYLE('',(#11774));
#11356=FILL_AREA_STYLE('',(#11775));
#11357=FILL_AREA_STYLE('',(#11776));
#11358=FILL_AREA_STYLE('',(#11777));
#11359=FILL_AREA_STYLE('',(#11778));
#11360=FILL_AREA_STYLE('',(#11779));
#11361=FILL_AREA_STYLE('',(#11780));
#11362=FILL_AREA_STYLE('',(#11781));
#11363=FILL_AREA_STYLE('',(#11782));
#11364=FILL_AREA_STYLE('',(#11783));
#11365=FILL_AREA_STYLE('',(#11784));
#11366=FILL_AREA_STYLE('',(#11785));
#11367=FILL_AREA_STYLE('',(#11786));
#11368=FILL_AREA_STYLE('',(#11787));
#11369=FILL_AREA_STYLE('',(#11788));
#11370=FILL_AREA_STYLE('',(#11789));
#11371=FILL_AREA_STYLE('',(#11790));
#11372=FILL_AREA_STYLE('',(#11791));
#11373=FILL_AREA_STYLE('',(#11792));
#11374=FILL_AREA_STYLE('',(#11793));
#11375=FILL_AREA_STYLE('',(#11794));
#11376=FILL_AREA_STYLE('',(#11795));
#11377=FILL_AREA_STYLE('',(#11796));
#11378=FILL_AREA_STYLE('',(#11797));
#11379=FILL_AREA_STYLE('',(#11798));
#11380=FILL_AREA_STYLE('',(#11799));
#11381=FILL_AREA_STYLE('',(#11800));
#11382=FILL_AREA_STYLE('',(#11801));
#11383=FILL_AREA_STYLE('',(#11802));
#11384=FILL_AREA_STYLE('',(#11803));
#11385=FILL_AREA_STYLE('',(#11804));
#11386=FILL_AREA_STYLE('',(#11805));
#11387=FILL_AREA_STYLE('',(#11806));
#11388=FILL_AREA_STYLE('',(#11807));
#11389=FILL_AREA_STYLE('',(#11808));
#11390=FILL_AREA_STYLE('',(#11809));
#11391=FILL_AREA_STYLE('',(#11810));
#11392=FILL_AREA_STYLE('',(#11811));
#11393=FILL_AREA_STYLE('',(#11812));
#11394=FILL_AREA_STYLE('',(#11813));
#11395=FILL_AREA_STYLE('',(#11814));
#11396=FILL_AREA_STYLE('',(#11815));
#11397=FILL_AREA_STYLE('',(#11816));
#11398=FILL_AREA_STYLE('',(#11817));
#11399=FILL_AREA_STYLE('',(#11818));
#11400=FILL_AREA_STYLE('',(#11819));
#11401=FILL_AREA_STYLE('',(#11820));
#11402=FILL_AREA_STYLE('',(#11821));
#11403=FILL_AREA_STYLE('',(#11822));
#11404=FILL_AREA_STYLE('',(#11823));
#11405=FILL_AREA_STYLE('',(#11824));
#11406=FILL_AREA_STYLE('',(#11825));
#11407=FILL_AREA_STYLE('',(#11826));
#11408=FILL_AREA_STYLE('',(#11827));
#11409=FILL_AREA_STYLE('',(#11828));
#11410=FILL_AREA_STYLE('',(#11829));
#11411=FILL_AREA_STYLE('',(#11830));
#11412=FILL_AREA_STYLE('',(#11831));
#11413=FILL_AREA_STYLE('',(#11832));
#11414=FILL_AREA_STYLE('',(#11833));
#11415=FILL_AREA_STYLE('',(#11834));
#11416=FILL_AREA_STYLE('',(#11835));
#11417=FILL_AREA_STYLE('',(#11836));
#11418=FILL_AREA_STYLE('',(#11837));
#11419=FILL_AREA_STYLE('',(#11838));
#11420=FILL_AREA_STYLE('',(#11839));
#11421=FILL_AREA_STYLE('',(#11840));
#11422=FILL_AREA_STYLE('',(#11841));
#11423=FILL_AREA_STYLE('',(#11842));
#11424=FILL_AREA_STYLE('',(#11843));
#11425=FILL_AREA_STYLE('',(#11844));
#11426=FILL_AREA_STYLE('',(#11845));
#11427=FILL_AREA_STYLE('',(#11846));
#11428=FILL_AREA_STYLE('',(#11847));
#11429=FILL_AREA_STYLE('',(#11848));
#11430=FILL_AREA_STYLE('',(#11849));
#11431=FILL_AREA_STYLE('',(#11850));
#11432=FILL_AREA_STYLE('',(#11851));
#11433=FILL_AREA_STYLE('',(#11852));
#11434=FILL_AREA_STYLE('',(#11853));
#11435=FILL_AREA_STYLE('',(#11854));
#11436=FILL_AREA_STYLE('',(#11855));
#11437=FILL_AREA_STYLE('',(#11856));
#11438=FILL_AREA_STYLE('',(#11857));
#11439=FILL_AREA_STYLE('',(#11858));
#11440=FILL_AREA_STYLE('',(#11859));
#11441=FILL_AREA_STYLE('',(#11860));
#11442=FILL_AREA_STYLE('',(#11861));
#11443=FILL_AREA_STYLE('',(#11862));
#11444=FILL_AREA_STYLE('',(#11863));
#11445=FILL_AREA_STYLE('',(#11864));
#11446=FILL_AREA_STYLE('',(#11865));
#11447=FILL_AREA_STYLE('',(#11866));
#11448=FILL_AREA_STYLE('',(#11867));
#11449=FILL_AREA_STYLE('',(#11868));
#11450=FILL_AREA_STYLE('',(#11869));
#11451=FILL_AREA_STYLE('',(#11870));
#11452=FILL_AREA_STYLE('',(#11871));
#11453=FILL_AREA_STYLE('',(#11872));
#11454=FILL_AREA_STYLE('',(#11873));
#11455=FILL_AREA_STYLE('',(#11874));
#11456=FILL_AREA_STYLE('',(#11875));
#11457=FILL_AREA_STYLE('',(#11876));
#11458=FILL_AREA_STYLE('',(#11877));
#11459=FILL_AREA_STYLE('',(#11878));
#11460=FILL_AREA_STYLE('',(#11879));
#11461=FILL_AREA_STYLE('',(#11880));
#11462=FILL_AREA_STYLE('',(#11881));
#11463=FILL_AREA_STYLE('',(#11882));
#11464=FILL_AREA_STYLE('',(#11883));
#11465=FILL_AREA_STYLE('',(#11884));
#11466=FILL_AREA_STYLE('',(#11885));
#11467=FILL_AREA_STYLE('',(#11886));
#11468=FILL_AREA_STYLE('',(#11887));
#11469=FILL_AREA_STYLE('',(#11888));
#11470=FILL_AREA_STYLE('',(#11889));
#11471=FILL_AREA_STYLE('',(#11890));
#11472=FILL_AREA_STYLE('',(#11891));
#11473=FILL_AREA_STYLE('',(#11892));
#11474=FILL_AREA_STYLE('',(#11893));
#11475=FILL_AREA_STYLE('',(#11894));
#11476=FILL_AREA_STYLE('',(#11895));
#11477=FILL_AREA_STYLE('',(#11896));
#11478=FILL_AREA_STYLE('',(#11897));
#11479=FILL_AREA_STYLE('',(#11898));
#11480=FILL_AREA_STYLE('',(#11899));
#11481=FILL_AREA_STYLE('',(#11900));
#11482=FILL_AREA_STYLE('',(#11901));
#11483=FILL_AREA_STYLE('',(#11902));
#11484=FILL_AREA_STYLE('',(#11903));
#11485=FILL_AREA_STYLE('',(#11904));
#11486=FILL_AREA_STYLE('',(#11905));
#11487=FILL_AREA_STYLE('',(#11906));
#11488=FILL_AREA_STYLE('',(#11907));
#11489=FILL_AREA_STYLE('',(#11908));
#11490=FILL_AREA_STYLE('',(#11909));
#11491=FILL_AREA_STYLE('',(#11910));
#11492=FILL_AREA_STYLE('',(#11911));
#11493=FILL_AREA_STYLE('',(#11912));
#11494=FILL_AREA_STYLE('',(#11913));
#11495=FILL_AREA_STYLE('',(#11914));
#11496=FILL_AREA_STYLE('',(#11915));
#11497=FILL_AREA_STYLE('',(#11916));
#11498=FILL_AREA_STYLE('',(#11917));
#11499=FILL_AREA_STYLE('',(#11918));
#11500=FILL_AREA_STYLE('',(#11919));
#11501=FILL_AREA_STYLE('',(#11920));
#11502=FILL_AREA_STYLE('',(#11921));
#11503=FILL_AREA_STYLE('',(#11922));
#11504=FILL_AREA_STYLE('',(#11923));
#11505=FILL_AREA_STYLE('',(#11924));
#11506=FILL_AREA_STYLE('',(#11925));
#11507=FILL_AREA_STYLE('',(#11926));
#11508=FILL_AREA_STYLE('',(#11927));
#11509=FILL_AREA_STYLE('',(#11928));
#11510=FILL_AREA_STYLE('',(#11929));
#11511=FILL_AREA_STYLE('',(#11930));
#11512=FILL_AREA_STYLE('',(#11931));
#11513=FILL_AREA_STYLE('',(#11932));
#11514=FILL_AREA_STYLE('',(#11933));
#11515=FILL_AREA_STYLE('',(#11934));
#11516=FILL_AREA_STYLE('',(#11935));
#11517=FILL_AREA_STYLE('',(#11936));
#11518=FILL_AREA_STYLE('',(#11937));
#11519=FILL_AREA_STYLE('',(#11938));
#11520=FILL_AREA_STYLE('',(#11939));
#11521=FILL_AREA_STYLE('',(#11940));
#11522=FILL_AREA_STYLE('',(#11941));
#11523=FILL_AREA_STYLE('',(#11942));
#11524=FILL_AREA_STYLE('',(#11943));
#11525=FILL_AREA_STYLE('',(#11944));
#11526=FILL_AREA_STYLE('',(#11945));
#11527=FILL_AREA_STYLE('',(#11946));
#11528=FILL_AREA_STYLE('',(#11947));
#11529=FILL_AREA_STYLE('',(#11948));
#11530=FILL_AREA_STYLE('',(#11949));
#11531=FILL_AREA_STYLE('',(#11950));
#11532=FILL_AREA_STYLE('',(#11951));
#11533=FILL_AREA_STYLE('',(#11952));
#11534=FILL_AREA_STYLE('',(#11953));
#11535=FILL_AREA_STYLE('',(#11954));
#11536=FILL_AREA_STYLE('',(#11955));
#11537=FILL_AREA_STYLE('',(#11956));
#11538=FILL_AREA_STYLE('',(#11957));
#11539=FILL_AREA_STYLE('',(#11958));
#11540=FILL_AREA_STYLE('',(#11959));
#11541=FILL_AREA_STYLE('',(#11960));
#11542=FILL_AREA_STYLE('',(#11961));
#11543=FILL_AREA_STYLE('',(#11962));
#11544=FILL_AREA_STYLE('',(#11963));
#11545=FILL_AREA_STYLE('',(#11964));
#11546=FILL_AREA_STYLE('',(#11965));
#11547=FILL_AREA_STYLE('',(#11966));
#11548=FILL_AREA_STYLE('',(#11967));
#11549=FILL_AREA_STYLE('',(#11968));
#11550=FILL_AREA_STYLE('',(#11969));
#11551=FILL_AREA_STYLE('',(#11970));
#11552=FILL_AREA_STYLE('',(#11971));
#11553=FILL_AREA_STYLE('',(#11972));
#11554=FILL_AREA_STYLE('',(#11973));
#11555=FILL_AREA_STYLE('',(#11974));
#11556=FILL_AREA_STYLE('',(#11975));
#11557=FILL_AREA_STYLE('',(#11976));
#11558=FILL_AREA_STYLE('',(#11977));
#11559=FILL_AREA_STYLE('',(#11978));
#11560=FILL_AREA_STYLE('',(#11979));
#11561=FILL_AREA_STYLE('',(#11980));
#11562=FILL_AREA_STYLE('',(#11981));
#11563=FILL_AREA_STYLE('',(#11982));
#11564=FILL_AREA_STYLE('',(#11983));
#11565=FILL_AREA_STYLE('',(#11984));
#11566=FILL_AREA_STYLE('',(#11985));
#11567=FILL_AREA_STYLE('',(#11986));
#11568=FILL_AREA_STYLE('',(#11987));
#11569=FILL_AREA_STYLE('',(#11988));
#11570=FILL_AREA_STYLE('',(#11989));
#11571=FILL_AREA_STYLE('',(#11990));
#11572=FILL_AREA_STYLE('',(#11991));
#11573=FILL_AREA_STYLE('',(#11992));
#11574=FILL_AREA_STYLE('',(#11993));
#11575=FILL_AREA_STYLE('',(#11994));
#11576=FILL_AREA_STYLE('',(#11995));
#11577=FILL_AREA_STYLE('',(#11996));
#11578=FILL_AREA_STYLE('',(#11997));
#11579=FILL_AREA_STYLE('',(#11998));
#11580=FILL_AREA_STYLE('',(#11999));
#11581=FILL_AREA_STYLE('',(#12000));
#11582=FILL_AREA_STYLE('',(#12001));
#11583=FILL_AREA_STYLE('',(#12002));
#11584=FILL_AREA_STYLE('',(#12003));
#11585=FILL_AREA_STYLE('',(#12004));
#11586=FILL_AREA_STYLE('',(#12005));
#11587=FILL_AREA_STYLE('',(#12006));
#11588=FILL_AREA_STYLE('',(#12007));
#11589=FILL_AREA_STYLE('',(#12008));
#11590=FILL_AREA_STYLE('',(#12009));
#11591=FILL_AREA_STYLE('',(#12010));
#11592=FILL_AREA_STYLE('',(#12011));
#11593=FILL_AREA_STYLE('',(#12012));
#11594=FILL_AREA_STYLE('',(#12013));
#11595=FILL_AREA_STYLE('',(#12014));
#11596=FILL_AREA_STYLE('',(#12015));
#11597=FILL_AREA_STYLE('',(#12016));
#11598=FILL_AREA_STYLE('',(#12017));
#11599=FILL_AREA_STYLE('',(#12018));
#11600=FILL_AREA_STYLE('',(#12019));
#11601=FILL_AREA_STYLE('',(#12020));
#11602=FILL_AREA_STYLE('',(#12021));
#11603=FILL_AREA_STYLE('',(#12022));
#11604=FILL_AREA_STYLE('',(#12023));
#11605=FILL_AREA_STYLE('',(#12024));
#11606=FILL_AREA_STYLE('',(#12025));
#11607=FILL_AREA_STYLE('',(#12026));
#11608=FILL_AREA_STYLE('',(#12027));
#11609=FILL_AREA_STYLE('',(#12028));
#11610=FILL_AREA_STYLE('',(#12029));
#11611=FILL_AREA_STYLE('',(#12030));
#11612=FILL_AREA_STYLE('',(#12031));
#11613=FILL_AREA_STYLE('',(#12032));
#11614=FILL_AREA_STYLE('',(#12033));
#11615=FILL_AREA_STYLE('',(#12034));
#11616=FILL_AREA_STYLE('',(#12035));
#11617=FILL_AREA_STYLE('',(#12036));
#11618=FILL_AREA_STYLE('',(#12037));
#11619=FILL_AREA_STYLE('',(#12038));
#11620=FILL_AREA_STYLE('',(#12039));
#11621=FILL_AREA_STYLE('',(#12040));
#11622=FILL_AREA_STYLE('',(#12041));
#11623=FILL_AREA_STYLE('',(#12042));
#11624=FILL_AREA_STYLE('',(#12043));
#11625=FILL_AREA_STYLE('',(#12044));
#11626=FILL_AREA_STYLE('',(#12045));
#11627=FILL_AREA_STYLE('',(#12046));
#11628=FILL_AREA_STYLE('',(#12047));
#11629=FILL_AREA_STYLE('',(#12048));
#11630=FILL_AREA_STYLE('',(#12049));
#11631=FILL_AREA_STYLE('',(#12050));
#11632=FILL_AREA_STYLE('',(#12051));
#11633=FILL_AREA_STYLE('',(#12052));
#11634=FILL_AREA_STYLE('',(#12053));
#11635=FILL_AREA_STYLE('',(#12054));
#11636=FILL_AREA_STYLE('',(#12055));
#11637=FILL_AREA_STYLE('',(#12056));
#11638=FILL_AREA_STYLE('',(#12057));
#11639=FILL_AREA_STYLE('',(#12058));
#11640=FILL_AREA_STYLE('',(#12059));
#11641=FILL_AREA_STYLE('',(#12060));
#11642=FILL_AREA_STYLE('',(#12061));
#11643=FILL_AREA_STYLE('',(#12062));
#11644=FILL_AREA_STYLE('',(#12063));
#11645=FILL_AREA_STYLE('',(#12064));
#11646=FILL_AREA_STYLE('',(#12065));
#11647=FILL_AREA_STYLE('',(#12066));
#11648=FILL_AREA_STYLE('',(#12067));
#11649=FILL_AREA_STYLE('',(#12068));
#11650=FILL_AREA_STYLE('',(#12069));
#11651=FILL_AREA_STYLE('',(#12070));
#11652=FILL_AREA_STYLE('',(#12071));
#11653=FILL_AREA_STYLE('',(#12072));
#11654=FILL_AREA_STYLE('',(#12073));
#11655=FILL_AREA_STYLE('',(#12074));
#11656=FILL_AREA_STYLE('',(#12075));
#11657=FILL_AREA_STYLE('',(#12076));
#11658=FILL_AREA_STYLE('',(#12077));
#11659=FILL_AREA_STYLE('',(#12078));
#11660=FILL_AREA_STYLE('',(#12079));
#11661=FILL_AREA_STYLE('',(#12080));
#11662=FILL_AREA_STYLE('',(#12081));
#11663=FILL_AREA_STYLE('',(#12082));
#11664=FILL_AREA_STYLE('',(#12083));
#11665=FILL_AREA_STYLE('',(#12084));
#11666=FILL_AREA_STYLE('',(#12085));
#11667=FILL_AREA_STYLE('',(#12086));
#11668=FILL_AREA_STYLE('',(#12087));
#11669=FILL_AREA_STYLE('',(#12088));
#11670=FILL_AREA_STYLE('',(#12089));
#11671=FILL_AREA_STYLE('',(#12090));
#11672=FILL_AREA_STYLE('',(#12091));
#11673=FILL_AREA_STYLE('',(#12092));
#11674=FILL_AREA_STYLE('',(#12093));
#11675=FILL_AREA_STYLE('',(#12094));
#11676=FILL_AREA_STYLE('',(#12095));
#11677=FILL_AREA_STYLE('',(#12096));
#11678=FILL_AREA_STYLE('',(#12097));
#11679=FILL_AREA_STYLE('',(#12098));
#11680=FILL_AREA_STYLE('',(#12099));
#11681=FILL_AREA_STYLE('',(#12100));
#11682=FILL_AREA_STYLE('',(#12101));
#11683=FILL_AREA_STYLE('',(#12102));
#11684=FILL_AREA_STYLE('',(#12103));
#11685=FILL_AREA_STYLE('',(#12104));
#11686=FILL_AREA_STYLE('',(#12105));
#11687=FILL_AREA_STYLE('',(#12106));
#11688=FILL_AREA_STYLE('',(#12107));
#11689=FILL_AREA_STYLE('',(#12108));
#11690=FILL_AREA_STYLE('',(#12109));
#11691=FILL_AREA_STYLE('',(#12110));
#11692=FILL_AREA_STYLE('',(#12111));
#11693=FILL_AREA_STYLE('',(#12112));
#11694=FILL_AREA_STYLE('',(#12113));
#11695=FILL_AREA_STYLE('',(#12114));
#11696=FILL_AREA_STYLE('',(#12115));
#11697=FILL_AREA_STYLE('',(#12116));
#11698=FILL_AREA_STYLE_COLOUR('',#12117);
#11699=FILL_AREA_STYLE_COLOUR('',#12117);
#11700=FILL_AREA_STYLE_COLOUR('',#12117);
#11701=FILL_AREA_STYLE_COLOUR('',#12117);
#11702=FILL_AREA_STYLE_COLOUR('',#12117);
#11703=FILL_AREA_STYLE_COLOUR('',#12117);
#11704=FILL_AREA_STYLE_COLOUR('',#12117);
#11705=FILL_AREA_STYLE_COLOUR('',#12117);
#11706=FILL_AREA_STYLE_COLOUR('',#12117);
#11707=FILL_AREA_STYLE_COLOUR('',#12117);
#11708=FILL_AREA_STYLE_COLOUR('',#12117);
#11709=FILL_AREA_STYLE_COLOUR('',#12117);
#11710=FILL_AREA_STYLE_COLOUR('',#12117);
#11711=FILL_AREA_STYLE_COLOUR('',#12117);
#11712=FILL_AREA_STYLE_COLOUR('',#12117);
#11713=FILL_AREA_STYLE_COLOUR('',#12117);
#11714=FILL_AREA_STYLE_COLOUR('',#12117);
#11715=FILL_AREA_STYLE_COLOUR('',#12117);
#11716=FILL_AREA_STYLE_COLOUR('',#12117);
#11717=FILL_AREA_STYLE_COLOUR('',#12117);
#11718=FILL_AREA_STYLE_COLOUR('',#12117);
#11719=FILL_AREA_STYLE_COLOUR('',#12117);
#11720=FILL_AREA_STYLE_COLOUR('',#12117);
#11721=FILL_AREA_STYLE_COLOUR('',#12117);
#11722=FILL_AREA_STYLE_COLOUR('',#12117);
#11723=FILL_AREA_STYLE_COLOUR('',#12117);
#11724=FILL_AREA_STYLE_COLOUR('',#12117);
#11725=FILL_AREA_STYLE_COLOUR('',#12117);
#11726=FILL_AREA_STYLE_COLOUR('',#12117);
#11727=FILL_AREA_STYLE_COLOUR('',#12117);
#11728=FILL_AREA_STYLE_COLOUR('',#12117);
#11729=FILL_AREA_STYLE_COLOUR('',#12117);
#11730=FILL_AREA_STYLE_COLOUR('',#12117);
#11731=FILL_AREA_STYLE_COLOUR('',#12117);
#11732=FILL_AREA_STYLE_COLOUR('',#12117);
#11733=FILL_AREA_STYLE_COLOUR('',#12117);
#11734=FILL_AREA_STYLE_COLOUR('',#12117);
#11735=FILL_AREA_STYLE_COLOUR('',#12117);
#11736=FILL_AREA_STYLE_COLOUR('',#12117);
#11737=FILL_AREA_STYLE_COLOUR('',#12117);
#11738=FILL_AREA_STYLE_COLOUR('',#12117);
#11739=FILL_AREA_STYLE_COLOUR('',#12117);
#11740=FILL_AREA_STYLE_COLOUR('',#12117);
#11741=FILL_AREA_STYLE_COLOUR('',#12117);
#11742=FILL_AREA_STYLE_COLOUR('',#12117);
#11743=FILL_AREA_STYLE_COLOUR('',#12117);
#11744=FILL_AREA_STYLE_COLOUR('',#12117);
#11745=FILL_AREA_STYLE_COLOUR('',#12117);
#11746=FILL_AREA_STYLE_COLOUR('',#12117);
#11747=FILL_AREA_STYLE_COLOUR('',#12117);
#11748=FILL_AREA_STYLE_COLOUR('',#12117);
#11749=FILL_AREA_STYLE_COLOUR('',#12117);
#11750=FILL_AREA_STYLE_COLOUR('',#12117);
#11751=FILL_AREA_STYLE_COLOUR('',#12117);
#11752=FILL_AREA_STYLE_COLOUR('',#12117);
#11753=FILL_AREA_STYLE_COLOUR('',#12117);
#11754=FILL_AREA_STYLE_COLOUR('',#12117);
#11755=FILL_AREA_STYLE_COLOUR('',#12117);
#11756=FILL_AREA_STYLE_COLOUR('',#12117);
#11757=FILL_AREA_STYLE_COLOUR('',#12117);
#11758=FILL_AREA_STYLE_COLOUR('',#12117);
#11759=FILL_AREA_STYLE_COLOUR('',#12117);
#11760=FILL_AREA_STYLE_COLOUR('',#12117);
#11761=FILL_AREA_STYLE_COLOUR('',#12117);
#11762=FILL_AREA_STYLE_COLOUR('',#12117);
#11763=FILL_AREA_STYLE_COLOUR('',#12117);
#11764=FILL_AREA_STYLE_COLOUR('',#12117);
#11765=FILL_AREA_STYLE_COLOUR('',#12117);
#11766=FILL_AREA_STYLE_COLOUR('',#12117);
#11767=FILL_AREA_STYLE_COLOUR('',#12117);
#11768=FILL_AREA_STYLE_COLOUR('',#12117);
#11769=FILL_AREA_STYLE_COLOUR('',#12117);
#11770=FILL_AREA_STYLE_COLOUR('',#12117);
#11771=FILL_AREA_STYLE_COLOUR('',#12117);
#11772=FILL_AREA_STYLE_COLOUR('',#12117);
#11773=FILL_AREA_STYLE_COLOUR('',#12117);
#11774=FILL_AREA_STYLE_COLOUR('',#12117);
#11775=FILL_AREA_STYLE_COLOUR('',#12117);
#11776=FILL_AREA_STYLE_COLOUR('',#12117);
#11777=FILL_AREA_STYLE_COLOUR('',#12117);
#11778=FILL_AREA_STYLE_COLOUR('',#12117);
#11779=FILL_AREA_STYLE_COLOUR('',#12117);
#11780=FILL_AREA_STYLE_COLOUR('',#12117);
#11781=FILL_AREA_STYLE_COLOUR('',#12117);
#11782=FILL_AREA_STYLE_COLOUR('',#12117);
#11783=FILL_AREA_STYLE_COLOUR('',#12117);
#11784=FILL_AREA_STYLE_COLOUR('',#12117);
#11785=FILL_AREA_STYLE_COLOUR('',#12117);
#11786=FILL_AREA_STYLE_COLOUR('',#12117);
#11787=FILL_AREA_STYLE_COLOUR('',#12117);
#11788=FILL_AREA_STYLE_COLOUR('',#12117);
#11789=FILL_AREA_STYLE_COLOUR('',#12117);
#11790=FILL_AREA_STYLE_COLOUR('',#12117);
#11791=FILL_AREA_STYLE_COLOUR('',#12117);
#11792=FILL_AREA_STYLE_COLOUR('',#12117);
#11793=FILL_AREA_STYLE_COLOUR('',#12117);
#11794=FILL_AREA_STYLE_COLOUR('',#12117);
#11795=FILL_AREA_STYLE_COLOUR('',#12117);
#11796=FILL_AREA_STYLE_COLOUR('',#12117);
#11797=FILL_AREA_STYLE_COLOUR('',#12117);
#11798=FILL_AREA_STYLE_COLOUR('',#12117);
#11799=FILL_AREA_STYLE_COLOUR('',#12117);
#11800=FILL_AREA_STYLE_COLOUR('',#12117);
#11801=FILL_AREA_STYLE_COLOUR('',#12117);
#11802=FILL_AREA_STYLE_COLOUR('',#12117);
#11803=FILL_AREA_STYLE_COLOUR('',#12117);
#11804=FILL_AREA_STYLE_COLOUR('',#12117);
#11805=FILL_AREA_STYLE_COLOUR('',#12117);
#11806=FILL_AREA_STYLE_COLOUR('',#12117);
#11807=FILL_AREA_STYLE_COLOUR('',#12117);
#11808=FILL_AREA_STYLE_COLOUR('',#12117);
#11809=FILL_AREA_STYLE_COLOUR('',#12117);
#11810=FILL_AREA_STYLE_COLOUR('',#12117);
#11811=FILL_AREA_STYLE_COLOUR('',#12117);
#11812=FILL_AREA_STYLE_COLOUR('',#12117);
#11813=FILL_AREA_STYLE_COLOUR('',#12117);
#11814=FILL_AREA_STYLE_COLOUR('',#12117);
#11815=FILL_AREA_STYLE_COLOUR('',#12117);
#11816=FILL_AREA_STYLE_COLOUR('',#12117);
#11817=FILL_AREA_STYLE_COLOUR('',#12117);
#11818=FILL_AREA_STYLE_COLOUR('',#12117);
#11819=FILL_AREA_STYLE_COLOUR('',#12117);
#11820=FILL_AREA_STYLE_COLOUR('',#12117);
#11821=FILL_AREA_STYLE_COLOUR('',#12117);
#11822=FILL_AREA_STYLE_COLOUR('',#12117);
#11823=FILL_AREA_STYLE_COLOUR('',#12117);
#11824=FILL_AREA_STYLE_COLOUR('',#12117);
#11825=FILL_AREA_STYLE_COLOUR('',#12117);
#11826=FILL_AREA_STYLE_COLOUR('',#12117);
#11827=FILL_AREA_STYLE_COLOUR('',#12117);
#11828=FILL_AREA_STYLE_COLOUR('',#12117);
#11829=FILL_AREA_STYLE_COLOUR('',#12117);
#11830=FILL_AREA_STYLE_COLOUR('',#12117);
#11831=FILL_AREA_STYLE_COLOUR('',#12117);
#11832=FILL_AREA_STYLE_COLOUR('',#12117);
#11833=FILL_AREA_STYLE_COLOUR('',#12117);
#11834=FILL_AREA_STYLE_COLOUR('',#12117);
#11835=FILL_AREA_STYLE_COLOUR('',#12117);
#11836=FILL_AREA_STYLE_COLOUR('',#12117);
#11837=FILL_AREA_STYLE_COLOUR('',#12117);
#11838=FILL_AREA_STYLE_COLOUR('',#12117);
#11839=FILL_AREA_STYLE_COLOUR('',#12117);
#11840=FILL_AREA_STYLE_COLOUR('',#12117);
#11841=FILL_AREA_STYLE_COLOUR('',#12117);
#11842=FILL_AREA_STYLE_COLOUR('',#12117);
#11843=FILL_AREA_STYLE_COLOUR('',#12117);
#11844=FILL_AREA_STYLE_COLOUR('',#12117);
#11845=FILL_AREA_STYLE_COLOUR('',#12117);
#11846=FILL_AREA_STYLE_COLOUR('',#12117);
#11847=FILL_AREA_STYLE_COLOUR('',#12117);
#11848=FILL_AREA_STYLE_COLOUR('',#12117);
#11849=FILL_AREA_STYLE_COLOUR('',#12117);
#11850=FILL_AREA_STYLE_COLOUR('',#12117);
#11851=FILL_AREA_STYLE_COLOUR('',#12117);
#11852=FILL_AREA_STYLE_COLOUR('',#12117);
#11853=FILL_AREA_STYLE_COLOUR('',#12117);
#11854=FILL_AREA_STYLE_COLOUR('',#12117);
#11855=FILL_AREA_STYLE_COLOUR('',#12117);
#11856=FILL_AREA_STYLE_COLOUR('',#12117);
#11857=FILL_AREA_STYLE_COLOUR('',#12117);
#11858=FILL_AREA_STYLE_COLOUR('',#12117);
#11859=FILL_AREA_STYLE_COLOUR('',#12117);
#11860=FILL_AREA_STYLE_COLOUR('',#12117);
#11861=FILL_AREA_STYLE_COLOUR('',#12117);
#11862=FILL_AREA_STYLE_COLOUR('',#12117);
#11863=FILL_AREA_STYLE_COLOUR('',#12117);
#11864=FILL_AREA_STYLE_COLOUR('',#12117);
#11865=FILL_AREA_STYLE_COLOUR('',#12117);
#11866=FILL_AREA_STYLE_COLOUR('',#12117);
#11867=FILL_AREA_STYLE_COLOUR('',#12117);
#11868=FILL_AREA_STYLE_COLOUR('',#12117);
#11869=FILL_AREA_STYLE_COLOUR('',#12117);
#11870=FILL_AREA_STYLE_COLOUR('',#12117);
#11871=FILL_AREA_STYLE_COLOUR('',#12117);
#11872=FILL_AREA_STYLE_COLOUR('',#12117);
#11873=FILL_AREA_STYLE_COLOUR('',#12117);
#11874=FILL_AREA_STYLE_COLOUR('',#12117);
#11875=FILL_AREA_STYLE_COLOUR('',#12117);
#11876=FILL_AREA_STYLE_COLOUR('',#12117);
#11877=FILL_AREA_STYLE_COLOUR('',#12117);
#11878=FILL_AREA_STYLE_COLOUR('',#12117);
#11879=FILL_AREA_STYLE_COLOUR('',#12117);
#11880=FILL_AREA_STYLE_COLOUR('',#12117);
#11881=FILL_AREA_STYLE_COLOUR('',#12117);
#11882=FILL_AREA_STYLE_COLOUR('',#12117);
#11883=FILL_AREA_STYLE_COLOUR('',#12117);
#11884=FILL_AREA_STYLE_COLOUR('',#12117);
#11885=FILL_AREA_STYLE_COLOUR('',#12117);
#11886=FILL_AREA_STYLE_COLOUR('',#12117);
#11887=FILL_AREA_STYLE_COLOUR('',#12117);
#11888=FILL_AREA_STYLE_COLOUR('',#12117);
#11889=FILL_AREA_STYLE_COLOUR('',#12117);
#11890=FILL_AREA_STYLE_COLOUR('',#12117);
#11891=FILL_AREA_STYLE_COLOUR('',#12117);
#11892=FILL_AREA_STYLE_COLOUR('',#12117);
#11893=FILL_AREA_STYLE_COLOUR('',#12117);
#11894=FILL_AREA_STYLE_COLOUR('',#12117);
#11895=FILL_AREA_STYLE_COLOUR('',#12117);
#11896=FILL_AREA_STYLE_COLOUR('',#12117);
#11897=FILL_AREA_STYLE_COLOUR('',#12117);
#11898=FILL_AREA_STYLE_COLOUR('',#12117);
#11899=FILL_AREA_STYLE_COLOUR('',#12117);
#11900=FILL_AREA_STYLE_COLOUR('',#12117);
#11901=FILL_AREA_STYLE_COLOUR('',#12117);
#11902=FILL_AREA_STYLE_COLOUR('',#12117);
#11903=FILL_AREA_STYLE_COLOUR('',#12117);
#11904=FILL_AREA_STYLE_COLOUR('',#12117);
#11905=FILL_AREA_STYLE_COLOUR('',#12117);
#11906=FILL_AREA_STYLE_COLOUR('',#12117);
#11907=FILL_AREA_STYLE_COLOUR('',#12117);
#11908=FILL_AREA_STYLE_COLOUR('',#12117);
#11909=FILL_AREA_STYLE_COLOUR('',#12117);
#11910=FILL_AREA_STYLE_COLOUR('',#12117);
#11911=FILL_AREA_STYLE_COLOUR('',#12117);
#11912=FILL_AREA_STYLE_COLOUR('',#12117);
#11913=FILL_AREA_STYLE_COLOUR('',#12117);
#11914=FILL_AREA_STYLE_COLOUR('',#12117);
#11915=FILL_AREA_STYLE_COLOUR('',#12117);
#11916=FILL_AREA_STYLE_COLOUR('',#12117);
#11917=FILL_AREA_STYLE_COLOUR('',#12117);
#11918=FILL_AREA_STYLE_COLOUR('',#12117);
#11919=FILL_AREA_STYLE_COLOUR('',#12117);
#11920=FILL_AREA_STYLE_COLOUR('',#12117);
#11921=FILL_AREA_STYLE_COLOUR('',#12117);
#11922=FILL_AREA_STYLE_COLOUR('',#12117);
#11923=FILL_AREA_STYLE_COLOUR('',#12117);
#11924=FILL_AREA_STYLE_COLOUR('',#12117);
#11925=FILL_AREA_STYLE_COLOUR('',#12117);
#11926=FILL_AREA_STYLE_COLOUR('',#12117);
#11927=FILL_AREA_STYLE_COLOUR('',#12117);
#11928=FILL_AREA_STYLE_COLOUR('',#12117);
#11929=FILL_AREA_STYLE_COLOUR('',#12117);
#11930=FILL_AREA_STYLE_COLOUR('',#12117);
#11931=FILL_AREA_STYLE_COLOUR('',#12117);
#11932=FILL_AREA_STYLE_COLOUR('',#12117);
#11933=FILL_AREA_STYLE_COLOUR('',#12117);
#11934=FILL_AREA_STYLE_COLOUR('',#12117);
#11935=FILL_AREA_STYLE_COLOUR('',#12117);
#11936=FILL_AREA_STYLE_COLOUR('',#12117);
#11937=FILL_AREA_STYLE_COLOUR('',#12117);
#11938=FILL_AREA_STYLE_COLOUR('',#12117);
#11939=FILL_AREA_STYLE_COLOUR('',#12117);
#11940=FILL_AREA_STYLE_COLOUR('',#12117);
#11941=FILL_AREA_STYLE_COLOUR('',#12117);
#11942=FILL_AREA_STYLE_COLOUR('',#12117);
#11943=FILL_AREA_STYLE_COLOUR('',#12117);
#11944=FILL_AREA_STYLE_COLOUR('',#12117);
#11945=FILL_AREA_STYLE_COLOUR('',#12117);
#11946=FILL_AREA_STYLE_COLOUR('',#12117);
#11947=FILL_AREA_STYLE_COLOUR('',#12117);
#11948=FILL_AREA_STYLE_COLOUR('',#12118);
#11949=FILL_AREA_STYLE_COLOUR('',#12117);
#11950=FILL_AREA_STYLE_COLOUR('',#12118);
#11951=FILL_AREA_STYLE_COLOUR('',#12117);
#11952=FILL_AREA_STYLE_COLOUR('',#12118);
#11953=FILL_AREA_STYLE_COLOUR('',#12117);
#11954=FILL_AREA_STYLE_COLOUR('',#12118);
#11955=FILL_AREA_STYLE_COLOUR('',#12117);
#11956=FILL_AREA_STYLE_COLOUR('',#12118);
#11957=FILL_AREA_STYLE_COLOUR('',#12117);
#11958=FILL_AREA_STYLE_COLOUR('',#12118);
#11959=FILL_AREA_STYLE_COLOUR('',#12117);
#11960=FILL_AREA_STYLE_COLOUR('',#12118);
#11961=FILL_AREA_STYLE_COLOUR('',#12117);
#11962=FILL_AREA_STYLE_COLOUR('',#12118);
#11963=FILL_AREA_STYLE_COLOUR('',#12117);
#11964=FILL_AREA_STYLE_COLOUR('',#12118);
#11965=FILL_AREA_STYLE_COLOUR('',#12117);
#11966=FILL_AREA_STYLE_COLOUR('',#12118);
#11967=FILL_AREA_STYLE_COLOUR('',#12117);
#11968=FILL_AREA_STYLE_COLOUR('',#12118);
#11969=FILL_AREA_STYLE_COLOUR('',#12117);
#11970=FILL_AREA_STYLE_COLOUR('',#12118);
#11971=FILL_AREA_STYLE_COLOUR('',#12117);
#11972=FILL_AREA_STYLE_COLOUR('',#12118);
#11973=FILL_AREA_STYLE_COLOUR('',#12117);
#11974=FILL_AREA_STYLE_COLOUR('',#12118);
#11975=FILL_AREA_STYLE_COLOUR('',#12117);
#11976=FILL_AREA_STYLE_COLOUR('',#12117);
#11977=FILL_AREA_STYLE_COLOUR('',#12117);
#11978=FILL_AREA_STYLE_COLOUR('',#12117);
#11979=FILL_AREA_STYLE_COLOUR('',#12117);
#11980=FILL_AREA_STYLE_COLOUR('',#12117);
#11981=FILL_AREA_STYLE_COLOUR('',#12117);
#11982=FILL_AREA_STYLE_COLOUR('',#12117);
#11983=FILL_AREA_STYLE_COLOUR('',#12117);
#11984=FILL_AREA_STYLE_COLOUR('',#12117);
#11985=FILL_AREA_STYLE_COLOUR('',#12117);
#11986=FILL_AREA_STYLE_COLOUR('',#12117);
#11987=FILL_AREA_STYLE_COLOUR('',#12117);
#11988=FILL_AREA_STYLE_COLOUR('',#12117);
#11989=FILL_AREA_STYLE_COLOUR('',#12117);
#11990=FILL_AREA_STYLE_COLOUR('',#12117);
#11991=FILL_AREA_STYLE_COLOUR('',#12117);
#11992=FILL_AREA_STYLE_COLOUR('',#12117);
#11993=FILL_AREA_STYLE_COLOUR('',#12117);
#11994=FILL_AREA_STYLE_COLOUR('',#12117);
#11995=FILL_AREA_STYLE_COLOUR('',#12117);
#11996=FILL_AREA_STYLE_COLOUR('',#12117);
#11997=FILL_AREA_STYLE_COLOUR('',#12117);
#11998=FILL_AREA_STYLE_COLOUR('',#12117);
#11999=FILL_AREA_STYLE_COLOUR('',#12117);
#12000=FILL_AREA_STYLE_COLOUR('',#12117);
#12001=FILL_AREA_STYLE_COLOUR('',#12117);
#12002=FILL_AREA_STYLE_COLOUR('',#12117);
#12003=FILL_AREA_STYLE_COLOUR('',#12117);
#12004=FILL_AREA_STYLE_COLOUR('',#12117);
#12005=FILL_AREA_STYLE_COLOUR('',#12117);
#12006=FILL_AREA_STYLE_COLOUR('',#12117);
#12007=FILL_AREA_STYLE_COLOUR('',#12117);
#12008=FILL_AREA_STYLE_COLOUR('',#12117);
#12009=FILL_AREA_STYLE_COLOUR('',#12117);
#12010=FILL_AREA_STYLE_COLOUR('',#12117);
#12011=FILL_AREA_STYLE_COLOUR('',#12117);
#12012=FILL_AREA_STYLE_COLOUR('',#12117);
#12013=FILL_AREA_STYLE_COLOUR('',#12117);
#12014=FILL_AREA_STYLE_COLOUR('',#12117);
#12015=FILL_AREA_STYLE_COLOUR('',#12117);
#12016=FILL_AREA_STYLE_COLOUR('',#12117);
#12017=FILL_AREA_STYLE_COLOUR('',#12117);
#12018=FILL_AREA_STYLE_COLOUR('',#12117);
#12019=FILL_AREA_STYLE_COLOUR('',#12117);
#12020=FILL_AREA_STYLE_COLOUR('',#12117);
#12021=FILL_AREA_STYLE_COLOUR('',#12117);
#12022=FILL_AREA_STYLE_COLOUR('',#12117);
#12023=FILL_AREA_STYLE_COLOUR('',#12117);
#12024=FILL_AREA_STYLE_COLOUR('',#12117);
#12025=FILL_AREA_STYLE_COLOUR('',#12117);
#12026=FILL_AREA_STYLE_COLOUR('',#12117);
#12027=FILL_AREA_STYLE_COLOUR('',#12117);
#12028=FILL_AREA_STYLE_COLOUR('',#12117);
#12029=FILL_AREA_STYLE_COLOUR('',#12117);
#12030=FILL_AREA_STYLE_COLOUR('',#12117);
#12031=FILL_AREA_STYLE_COLOUR('',#12117);
#12032=FILL_AREA_STYLE_COLOUR('',#12117);
#12033=FILL_AREA_STYLE_COLOUR('',#12117);
#12034=FILL_AREA_STYLE_COLOUR('',#12117);
#12035=FILL_AREA_STYLE_COLOUR('',#12117);
#12036=FILL_AREA_STYLE_COLOUR('',#12117);
#12037=FILL_AREA_STYLE_COLOUR('',#12117);
#12038=FILL_AREA_STYLE_COLOUR('',#12117);
#12039=FILL_AREA_STYLE_COLOUR('',#12117);
#12040=FILL_AREA_STYLE_COLOUR('',#12117);
#12041=FILL_AREA_STYLE_COLOUR('',#12117);
#12042=FILL_AREA_STYLE_COLOUR('',#12117);
#12043=FILL_AREA_STYLE_COLOUR('',#12117);
#12044=FILL_AREA_STYLE_COLOUR('',#12117);
#12045=FILL_AREA_STYLE_COLOUR('',#12117);
#12046=FILL_AREA_STYLE_COLOUR('',#12117);
#12047=FILL_AREA_STYLE_COLOUR('',#12117);
#12048=FILL_AREA_STYLE_COLOUR('',#12117);
#12049=FILL_AREA_STYLE_COLOUR('',#12117);
#12050=FILL_AREA_STYLE_COLOUR('',#12119);
#12051=FILL_AREA_STYLE_COLOUR('',#12119);
#12052=FILL_AREA_STYLE_COLOUR('',#12119);
#12053=FILL_AREA_STYLE_COLOUR('',#12119);
#12054=FILL_AREA_STYLE_COLOUR('',#12117);
#12055=FILL_AREA_STYLE_COLOUR('',#12117);
#12056=FILL_AREA_STYLE_COLOUR('',#12117);
#12057=FILL_AREA_STYLE_COLOUR('',#12117);
#12058=FILL_AREA_STYLE_COLOUR('',#12117);
#12059=FILL_AREA_STYLE_COLOUR('',#12117);
#12060=FILL_AREA_STYLE_COLOUR('',#12117);
#12061=FILL_AREA_STYLE_COLOUR('',#12117);
#12062=FILL_AREA_STYLE_COLOUR('',#12117);
#12063=FILL_AREA_STYLE_COLOUR('',#12117);
#12064=FILL_AREA_STYLE_COLOUR('',#12117);
#12065=FILL_AREA_STYLE_COLOUR('',#12117);
#12066=FILL_AREA_STYLE_COLOUR('',#12117);
#12067=FILL_AREA_STYLE_COLOUR('',#12117);
#12068=FILL_AREA_STYLE_COLOUR('',#12117);
#12069=FILL_AREA_STYLE_COLOUR('',#12117);
#12070=FILL_AREA_STYLE_COLOUR('',#12117);
#12071=FILL_AREA_STYLE_COLOUR('',#12117);
#12072=FILL_AREA_STYLE_COLOUR('',#12117);
#12073=FILL_AREA_STYLE_COLOUR('',#12117);
#12074=FILL_AREA_STYLE_COLOUR('',#12117);
#12075=FILL_AREA_STYLE_COLOUR('',#12117);
#12076=FILL_AREA_STYLE_COLOUR('',#12117);
#12077=FILL_AREA_STYLE_COLOUR('',#12117);
#12078=FILL_AREA_STYLE_COLOUR('',#12117);
#12079=FILL_AREA_STYLE_COLOUR('',#12117);
#12080=FILL_AREA_STYLE_COLOUR('',#12117);
#12081=FILL_AREA_STYLE_COLOUR('',#12117);
#12082=FILL_AREA_STYLE_COLOUR('',#12117);
#12083=FILL_AREA_STYLE_COLOUR('',#12117);
#12084=FILL_AREA_STYLE_COLOUR('',#12117);
#12085=FILL_AREA_STYLE_COLOUR('',#12117);
#12086=FILL_AREA_STYLE_COLOUR('',#12117);
#12087=FILL_AREA_STYLE_COLOUR('',#12117);
#12088=FILL_AREA_STYLE_COLOUR('',#12117);
#12089=FILL_AREA_STYLE_COLOUR('',#12117);
#12090=FILL_AREA_STYLE_COLOUR('',#12117);
#12091=FILL_AREA_STYLE_COLOUR('',#12117);
#12092=FILL_AREA_STYLE_COLOUR('',#12117);
#12093=FILL_AREA_STYLE_COLOUR('',#12117);
#12094=FILL_AREA_STYLE_COLOUR('',#12117);
#12095=FILL_AREA_STYLE_COLOUR('',#12117);
#12096=FILL_AREA_STYLE_COLOUR('',#12117);
#12097=FILL_AREA_STYLE_COLOUR('',#12120);
#12098=FILL_AREA_STYLE_COLOUR('',#12120);
#12099=FILL_AREA_STYLE_COLOUR('',#12120);
#12100=FILL_AREA_STYLE_COLOUR('',#12120);
#12101=FILL_AREA_STYLE_COLOUR('',#12117);
#12102=FILL_AREA_STYLE_COLOUR('',#12117);
#12103=FILL_AREA_STYLE_COLOUR('',#12117);
#12104=FILL_AREA_STYLE_COLOUR('',#12117);
#12105=FILL_AREA_STYLE_COLOUR('',#12117);
#12106=FILL_AREA_STYLE_COLOUR('',#12117);
#12107=FILL_AREA_STYLE_COLOUR('',#12117);
#12108=FILL_AREA_STYLE_COLOUR('',#12117);
#12109=FILL_AREA_STYLE_COLOUR('',#12117);
#12110=FILL_AREA_STYLE_COLOUR('',#12117);
#12111=FILL_AREA_STYLE_COLOUR('',#12117);
#12112=FILL_AREA_STYLE_COLOUR('',#12117);
#12113=FILL_AREA_STYLE_COLOUR('',#12117);
#12114=FILL_AREA_STYLE_COLOUR('',#12117);
#12115=FILL_AREA_STYLE_COLOUR('',#12117);
#12116=FILL_AREA_STYLE_COLOUR('',#12117);
#12117=COLOUR_RGB('',0.689999997615814,0.689999997615814,0.689999997615814);
#12118=COLOUR_RGB('',1.,0.50199997425079,0.);
#12119=COLOUR_RGB('',0.50199997425079,0.50199997425079,1.);
#12120=COLOUR_RGB('',0.,0.50199997425079,0.75300002098083);
#12121=ADVANCED_FACE('',(#7918,#7919,#7920,#7921,#7922,#7923,#7924,#7925,
#7926,#7927),#8976,.T.);
#12122=ADVANCED_FACE('',(#7928,#7929),#8977,.F.);
#12123=ADVANCED_FACE('',(#7930),#276,.T.);
#12124=ADVANCED_FACE('',(#7931,#7932),#8978,.F.);
#12125=ADVANCED_FACE('',(#7933,#7934),#160,.F.);
#12126=ADVANCED_FACE('',(#7935,#7936),#8979,.F.);
#12127=ADVANCED_FACE('',(#7937),#277,.T.);
#12128=ADVANCED_FACE('',(#7938,#7939),#8980,.F.);
#12129=ADVANCED_FACE('',(#7940,#7941),#161,.F.);
#12130=ADVANCED_FACE('',(#7942,#7943),#8981,.F.);
#12131=ADVANCED_FACE('',(#7944,#7945),#8982,.F.);
#12132=ADVANCED_FACE('',(#7946,#7947),#8983,.F.);
#12133=ADVANCED_FACE('',(#7948,#7949),#8984,.F.);
#12134=ADVANCED_FACE('',(#7950,#7951,#7952,#7953,#7954,#7955,#7956,#7957,
#7958,#7959),#278,.T.);
#12135=ADVANCED_FACE('',(#7960),#8985,.F.);
#12136=ADVANCED_FACE('',(#7961),#8986,.F.);
#12137=ADVANCED_FACE('',(#7962,#7963),#279,.T.);
#12138=ADVANCED_FACE('',(#7964,#7965),#280,.T.);
#12139=ADVANCED_FACE('',(#7966,#7967),#281,.T.);
#12140=ADVANCED_FACE('',(#7968),#8987,.F.);
#12141=ADVANCED_FACE('',(#7969),#8988,.F.);
#12142=ADVANCED_FACE('',(#7970),#8989,.T.);
#12143=ADVANCED_FACE('',(#7971),#8990,.F.);
#12144=ADVANCED_FACE('',(#7972),#8991,.T.);
#12145=ADVANCED_FACE('',(#7973),#8992,.F.);
#12146=ADVANCED_FACE('',(#7974),#8993,.F.);
#12147=ADVANCED_FACE('',(#7975),#8994,.T.);
#12148=ADVANCED_FACE('',(#7976),#8995,.F.);
#12149=ADVANCED_FACE('',(#7977),#8996,.T.);
#12150=ADVANCED_FACE('',(#7978),#107,.F.);
#12151=ADVANCED_FACE('',(#7979),#108,.F.);
#12152=ADVANCED_FACE('',(#7980),#109,.F.);
#12153=ADVANCED_FACE('',(#7981),#110,.F.);
#12154=ADVANCED_FACE('',(#7982),#111,.F.);
#12155=ADVANCED_FACE('',(#7983),#112,.F.);
#12156=ADVANCED_FACE('',(#7984),#282,.F.);
#12157=ADVANCED_FACE('',(#7985,#7986),#162,.T.);
#12158=ADVANCED_FACE('',(#7987,#7988),#163,.F.);
#12159=ADVANCED_FACE('',(#7989,#7990),#283,.F.);
#12160=ADVANCED_FACE('',(#7991,#7992),#164,.T.);
#12161=ADVANCED_FACE('',(#7993,#7994),#8997,.T.);
#12162=ADVANCED_FACE('',(#7995,#7996,#7997,#7998,#7999,#8000,#8001,#8002,
#8003,#8004,#8005),#284,.F.);
#12163=ADVANCED_FACE('',(#8006,#8007),#165,.T.);
#12164=ADVANCED_FACE('',(#8008,#8009),#166,.T.);
#12165=ADVANCED_FACE('',(#8010,#8011),#285,.F.);
#12166=ADVANCED_FACE('',(#8012),#8998,.F.);
#12167=ADVANCED_FACE('',(#8013),#8999,.F.);
#12168=ADVANCED_FACE('',(#8014),#113,.F.);
#12169=ADVANCED_FACE('',(#8015),#114,.F.);
#12170=ADVANCED_FACE('',(#8016),#167,.F.);
#12171=ADVANCED_FACE('',(#8017),#168,.F.);
#12172=ADVANCED_FACE('',(#8018),#115,.T.);
#12173=ADVANCED_FACE('',(#8019),#169,.F.);
#12174=ADVANCED_FACE('',(#8020),#116,.T.);
#12175=ADVANCED_FACE('',(#8021,#8022),#9000,.F.);
#12176=ADVANCED_FACE('',(#8023),#117,.T.);
#12177=ADVANCED_FACE('',(#8024),#170,.F.);
#12178=ADVANCED_FACE('',(#8025),#118,.T.);
#12179=ADVANCED_FACE('',(#8026),#171,.F.);
#12180=ADVANCED_FACE('',(#8027),#172,.F.);
#12181=ADVANCED_FACE('',(#8028),#173,.F.);
#12182=ADVANCED_FACE('',(#8029),#174,.T.);
#12183=ADVANCED_FACE('',(#8030),#175,.T.);
#12184=ADVANCED_FACE('',(#8031),#176,.F.);
#12185=ADVANCED_FACE('',(#8032),#177,.F.);
#12186=ADVANCED_FACE('',(#8033),#178,.T.);
#12187=ADVANCED_FACE('',(#8034),#179,.T.);
#12188=ADVANCED_FACE('',(#8035),#180,.F.);
#12189=ADVANCED_FACE('',(#8036),#181,.F.);
#12190=ADVANCED_FACE('',(#8037),#182,.F.);
#12191=ADVANCED_FACE('',(#8038),#9001,.F.);
#12192=ADVANCED_FACE('',(#8039),#9002,.T.);
#12193=ADVANCED_FACE('',(#8040),#9003,.F.);
#12194=ADVANCED_FACE('',(#8041),#9004,.T.);
#12195=ADVANCED_FACE('',(#8042),#9005,.F.);
#12196=ADVANCED_FACE('',(#8043),#9006,.F.);
#12197=ADVANCED_FACE('',(#8044),#9007,.T.);
#12198=ADVANCED_FACE('',(#8045),#9008,.F.);
#12199=ADVANCED_FACE('',(#8046),#9009,.T.);
#12200=ADVANCED_FACE('',(#8047),#9010,.F.);
#12201=ADVANCED_FACE('',(#8048,#8049),#286,.T.);
#12202=ADVANCED_FACE('',(#8050),#287,.T.);
#12203=ADVANCED_FACE('',(#8051),#288,.T.);
#12204=ADVANCED_FACE('',(#8052),#9011,.T.);
#12205=ADVANCED_FACE('',(#8053),#289,.T.);
#12206=ADVANCED_FACE('',(#8054),#9012,.T.);
#12207=ADVANCED_FACE('',(#8055),#9013,.T.);
#12208=ADVANCED_FACE('',(#8056),#290,.T.);
#12209=ADVANCED_FACE('',(#8057),#9014,.T.);
#12210=ADVANCED_FACE('',(#8058),#183,.T.);
#12211=ADVANCED_FACE('',(#8059),#184,.F.);
#12212=ADVANCED_FACE('',(#8060),#185,.F.);
#12213=ADVANCED_FACE('',(#8061),#186,.T.);
#12214=ADVANCED_FACE('',(#8062,#8063),#187,.F.);
#12215=ADVANCED_FACE('',(#8064,#8065),#188,.F.);
#12216=ADVANCED_FACE('',(#8066,#8067),#9015,.T.);
#12217=ADVANCED_FACE('',(#8068,#8069),#119,.T.);
#12218=ADVANCED_FACE('',(#8070,#8071),#189,.F.);
#12219=ADVANCED_FACE('',(#8072,#8073),#120,.T.);
#12220=ADVANCED_FACE('',(#8074,#8075),#9016,.F.);
#12221=ADVANCED_FACE('',(#8076,#8077),#190,.F.);
#12222=ADVANCED_FACE('',(#8078),#291,.T.);
#12223=ADVANCED_FACE('',(#8079,#8080),#9017,.T.);
#12224=ADVANCED_FACE('',(#8081,#8082),#121,.T.);
#12225=ADVANCED_FACE('',(#8083,#8084),#191,.F.);
#12226=ADVANCED_FACE('',(#8085,#8086),#122,.T.);
#12227=ADVANCED_FACE('',(#8087,#8088),#9018,.F.);
#12228=ADVANCED_FACE('',(#8089,#8090),#192,.F.);
#12229=ADVANCED_FACE('',(#8091),#292,.T.);
#12230=ADVANCED_FACE('',(#8092,#8093),#9019,.F.);
#12231=ADVANCED_FACE('',(#8094,#8095),#193,.F.);
#12232=ADVANCED_FACE('',(#8096,#8097),#9020,.F.);
#12233=ADVANCED_FACE('',(#8098,#8099),#194,.F.);
#12234=ADVANCED_FACE('',(#8100,#8101),#9021,.F.);
#12235=ADVANCED_FACE('',(#8102,#8103),#195,.F.);
#12236=ADVANCED_FACE('',(#8104,#8105),#9022,.F.);
#12237=ADVANCED_FACE('',(#8106,#8107),#196,.F.);
#12238=ADVANCED_FACE('',(#8108),#293,.F.);
#12239=ADVANCED_FACE('',(#8109),#9023,.F.);
#12240=ADVANCED_FACE('',(#8110),#9024,.T.);
#12241=ADVANCED_FACE('',(#8111),#9025,.F.);
#12242=ADVANCED_FACE('',(#8112),#294,.F.);
#12243=ADVANCED_FACE('',(#8113),#9026,.F.);
#12244=ADVANCED_FACE('',(#8114),#9027,.T.);
#12245=ADVANCED_FACE('',(#8115),#9028,.F.);
#12246=ADVANCED_FACE('',(#8116),#295,.F.);
#12247=ADVANCED_FACE('',(#8117),#9029,.F.);
#12248=ADVANCED_FACE('',(#8118),#9030,.T.);
#12249=ADVANCED_FACE('',(#8119),#9031,.F.);
#12250=ADVANCED_FACE('',(#8120),#296,.F.);
#12251=ADVANCED_FACE('',(#8121),#9032,.F.);
#12252=ADVANCED_FACE('',(#8122),#9033,.T.);
#12253=ADVANCED_FACE('',(#8123),#9034,.F.);
#12254=ADVANCED_FACE('',(#8124,#8125),#297,.T.);
#12255=ADVANCED_FACE('',(#8126),#298,.T.);
#12256=ADVANCED_FACE('',(#8127),#9035,.T.);
#12257=ADVANCED_FACE('',(#8128),#9036,.F.);
#12258=ADVANCED_FACE('',(#8129),#9037,.T.);
#12259=ADVANCED_FACE('',(#8130),#299,.T.);
#12260=ADVANCED_FACE('',(#8131),#9038,.T.);
#12261=ADVANCED_FACE('',(#8132),#9039,.F.);
#12262=ADVANCED_FACE('',(#8133),#9040,.T.);
#12263=ADVANCED_FACE('',(#8134),#300,.T.);
#12264=ADVANCED_FACE('',(#8135),#9041,.T.);
#12265=ADVANCED_FACE('',(#8136),#9042,.F.);
#12266=ADVANCED_FACE('',(#8137),#9043,.T.);
#12267=ADVANCED_FACE('',(#8138),#301,.T.);
#12268=ADVANCED_FACE('',(#8139),#9044,.T.);
#12269=ADVANCED_FACE('',(#8140),#9045,.F.);
#12270=ADVANCED_FACE('',(#8141),#9046,.F.);
#12271=ADVANCED_FACE('',(#8142),#302,.F.);
#12272=ADVANCED_FACE('',(#8143),#9047,.F.);
#12273=ADVANCED_FACE('',(#8144),#303,.F.);
#12274=ADVANCED_FACE('',(#8145),#9048,.F.);
#12275=ADVANCED_FACE('',(#8146),#304,.F.);
#12276=ADVANCED_FACE('',(#8147),#9049,.F.);
#12277=ADVANCED_FACE('',(#8148),#305,.F.);
#12278=ADVANCED_FACE('',(#8149),#9050,.T.);
#12279=ADVANCED_FACE('',(#8150,#8151),#306,.T.);
#12280=ADVANCED_FACE('',(#8152,#8153),#307,.T.);
#12281=ADVANCED_FACE('',(#8154),#308,.T.);
#12282=ADVANCED_FACE('',(#8155),#309,.T.);
#12283=ADVANCED_FACE('',(#8156),#310,.T.);
#12284=ADVANCED_FACE('',(#8157),#311,.T.);
#12285=ADVANCED_FACE('',(#8158),#312,.T.);
#12286=ADVANCED_FACE('',(#8159),#313,.T.);
#12287=ADVANCED_FACE('',(#8160),#314,.T.);
#12288=ADVANCED_FACE('',(#8161),#315,.T.);
#12289=ADVANCED_FACE('',(#8162),#316,.T.);
#12290=ADVANCED_FACE('',(#8163),#317,.T.);
#12291=ADVANCED_FACE('',(#8164),#318,.T.);
#12292=ADVANCED_FACE('',(#8165),#319,.T.);
#12293=ADVANCED_FACE('',(#8166),#320,.T.);
#12294=ADVANCED_FACE('',(#8167),#321,.T.);
#12295=ADVANCED_FACE('',(#8168),#322,.T.);
#12296=ADVANCED_FACE('',(#8169),#323,.T.);
#12297=ADVANCED_FACE('',(#8170),#324,.T.);
#12298=ADVANCED_FACE('',(#8171),#325,.T.);
#12299=ADVANCED_FACE('',(#8172),#326,.T.);
#12300=ADVANCED_FACE('',(#8173),#327,.T.);
#12301=ADVANCED_FACE('',(#8174),#328,.T.);
#12302=ADVANCED_FACE('',(#8175),#329,.T.);
#12303=ADVANCED_FACE('',(#8176),#330,.T.);
#12304=ADVANCED_FACE('',(#8177),#331,.T.);
#12305=ADVANCED_FACE('',(#8178),#332,.T.);
#12306=ADVANCED_FACE('',(#8179),#333,.T.);
#12307=ADVANCED_FACE('',(#8180),#334,.T.);
#12308=ADVANCED_FACE('',(#8181),#335,.T.);
#12309=ADVANCED_FACE('',(#8182),#336,.T.);
#12310=ADVANCED_FACE('',(#8183),#337,.T.);
#12311=ADVANCED_FACE('',(#8184),#338,.T.);
#12312=ADVANCED_FACE('',(#8185),#339,.T.);
#12313=ADVANCED_FACE('',(#8186),#340,.T.);
#12314=ADVANCED_FACE('',(#8187),#341,.T.);
#12315=ADVANCED_FACE('',(#8188),#342,.T.);
#12316=ADVANCED_FACE('',(#8189),#343,.T.);
#12317=ADVANCED_FACE('',(#8190),#344,.T.);
#12318=ADVANCED_FACE('',(#8191),#345,.T.);
#12319=ADVANCED_FACE('',(#8192),#346,.T.);
#12320=ADVANCED_FACE('',(#8193),#347,.T.);
#12321=ADVANCED_FACE('',(#8194),#348,.T.);
#12322=ADVANCED_FACE('',(#8195),#349,.T.);
#12323=ADVANCED_FACE('',(#8196),#350,.T.);
#12324=ADVANCED_FACE('',(#8197),#351,.T.);
#12325=ADVANCED_FACE('',(#8198),#352,.T.);
#12326=ADVANCED_FACE('',(#8199),#353,.T.);
#12327=ADVANCED_FACE('',(#8200),#354,.T.);
#12328=ADVANCED_FACE('',(#8201),#355,.T.);
#12329=ADVANCED_FACE('',(#8202),#356,.T.);
#12330=ADVANCED_FACE('',(#8203),#357,.T.);
#12331=ADVANCED_FACE('',(#8204),#358,.T.);
#12332=ADVANCED_FACE('',(#8205),#359,.T.);
#12333=ADVANCED_FACE('',(#8206),#360,.T.);
#12334=ADVANCED_FACE('',(#8207),#361,.T.);
#12335=ADVANCED_FACE('',(#8208),#362,.T.);
#12336=ADVANCED_FACE('',(#8209),#363,.T.);
#12337=ADVANCED_FACE('',(#8210),#364,.T.);
#12338=ADVANCED_FACE('',(#8211),#365,.T.);
#12339=ADVANCED_FACE('',(#8212),#366,.T.);
#12340=ADVANCED_FACE('',(#8213,#8214),#9051,.F.);
#12341=ADVANCED_FACE('',(#8215,#8216),#9052,.F.);
#12342=ADVANCED_FACE('',(#8217,#8218),#9053,.F.);
#12343=ADVANCED_FACE('',(#8219,#8220),#9054,.F.);
#12344=ADVANCED_FACE('',(#8221,#8222),#9055,.F.);
#12345=ADVANCED_FACE('',(#8223,#8224),#9056,.F.);
#12346=ADVANCED_FACE('',(#8225,#8226),#9057,.F.);
#12347=ADVANCED_FACE('',(#8227,#8228),#9058,.F.);
#12348=ADVANCED_FACE('',(#8229,#8230),#9059,.F.);
#12349=ADVANCED_FACE('',(#8231,#8232),#9060,.F.);
#12350=ADVANCED_FACE('',(#8233,#8234),#9061,.F.);
#12351=ADVANCED_FACE('',(#8235,#8236),#9062,.F.);
#12352=ADVANCED_FACE('',(#8237,#8238),#9063,.F.);
#12353=ADVANCED_FACE('',(#8239,#8240),#9064,.F.);
#12354=ADVANCED_FACE('',(#8241),#367,.T.);
#12355=ADVANCED_FACE('',(#8242,#8243,#8244,#8245,#8246,#8247,#8248,#8249,
#8250,#8251,#8252,#8253,#8254,#8255,#8256),#368,.T.);
#12356=ADVANCED_FACE('',(#8257,#8258),#369,.T.);
#12357=ADVANCED_FACE('',(#8259,#8260),#370,.T.);
#12358=ADVANCED_FACE('',(#8261,#8262),#371,.T.);
#12359=ADVANCED_FACE('',(#8263,#8264),#372,.T.);
#12360=ADVANCED_FACE('',(#8265,#8266),#373,.T.);
#12361=ADVANCED_FACE('',(#8267,#8268),#374,.T.);
#12362=ADVANCED_FACE('',(#8269,#8270),#375,.T.);
#12363=ADVANCED_FACE('',(#8271,#8272),#376,.T.);
#12364=ADVANCED_FACE('',(#8273,#8274),#377,.T.);
#12365=ADVANCED_FACE('',(#8275,#8276),#378,.T.);
#12366=ADVANCED_FACE('',(#8277,#8278),#379,.T.);
#12367=ADVANCED_FACE('',(#8279,#8280),#380,.T.);
#12368=ADVANCED_FACE('',(#8281,#8282),#381,.T.);
#12369=ADVANCED_FACE('',(#8283,#8284),#382,.T.);
#12370=ADVANCED_FACE('',(#8285,#8286),#9065,.T.);
#12371=ADVANCED_FACE('',(#8287),#383,.T.);
#12372=ADVANCED_FACE('',(#8288,#8289),#9066,.T.);
#12373=ADVANCED_FACE('',(#8290),#384,.T.);
#12374=ADVANCED_FACE('',(#8291,#8292),#9067,.T.);
#12375=ADVANCED_FACE('',(#8293),#385,.T.);
#12376=ADVANCED_FACE('',(#8294,#8295),#9068,.T.);
#12377=ADVANCED_FACE('',(#8296),#386,.T.);
#12378=ADVANCED_FACE('',(#8297,#8298),#9069,.T.);
#12379=ADVANCED_FACE('',(#8299),#387,.T.);
#12380=ADVANCED_FACE('',(#8300,#8301),#9070,.T.);
#12381=ADVANCED_FACE('',(#8302),#388,.T.);
#12382=ADVANCED_FACE('',(#8303,#8304),#9071,.T.);
#12383=ADVANCED_FACE('',(#8305),#389,.T.);
#12384=ADVANCED_FACE('',(#8306,#8307),#9072,.T.);
#12385=ADVANCED_FACE('',(#8308),#390,.T.);
#12386=ADVANCED_FACE('',(#8309,#8310),#9073,.T.);
#12387=ADVANCED_FACE('',(#8311),#391,.T.);
#12388=ADVANCED_FACE('',(#8312,#8313),#9074,.T.);
#12389=ADVANCED_FACE('',(#8314),#392,.T.);
#12390=ADVANCED_FACE('',(#8315,#8316),#9075,.T.);
#12391=ADVANCED_FACE('',(#8317),#393,.T.);
#12392=ADVANCED_FACE('',(#8318,#8319),#9076,.T.);
#12393=ADVANCED_FACE('',(#8320),#394,.T.);
#12394=ADVANCED_FACE('',(#8321,#8322),#9077,.T.);
#12395=ADVANCED_FACE('',(#8323),#395,.T.);
#12396=ADVANCED_FACE('',(#8324,#8325),#9078,.T.);
#12397=ADVANCED_FACE('',(#8326),#396,.T.);
#12398=ADVANCED_FACE('',(#8327,#8328),#397,.T.);
#12399=ADVANCED_FACE('',(#8329,#8330),#9079,.F.);
#12400=ADVANCED_FACE('',(#8331,#8332),#398,.T.);
#12401=ADVANCED_FACE('',(#8333,#8334),#9080,.F.);
#12402=ADVANCED_FACE('',(#8335),#399,.T.);
#12403=ADVANCED_FACE('',(#8336,#8337),#400,.T.);
#12404=ADVANCED_FACE('',(#8338,#8339),#9081,.F.);
#12405=ADVANCED_FACE('',(#8340),#401,.T.);
#12406=ADVANCED_FACE('',(#8341,#8342),#402,.T.);
#12407=ADVANCED_FACE('',(#8343,#8344),#9082,.F.);
#12408=ADVANCED_FACE('',(#8345,#8346),#197,.F.);
#12409=ADVANCED_FACE('',(#8347,#8348),#9083,.F.);
#12410=ADVANCED_FACE('',(#8349,#8350),#403,.T.);
#12411=ADVANCED_FACE('',(#8351,#8352),#123,.F.);
#12412=ADVANCED_FACE('',(#8353,#8354),#9084,.F.);
#12413=ADVANCED_FACE('',(#8355,#8356),#124,.F.);
#12414=ADVANCED_FACE('',(#8357,#8358),#404,.T.);
#12415=ADVANCED_FACE('',(#8359,#8360),#125,.T.);
#12416=ADVANCED_FACE('',(#8361,#8362),#9085,.F.);
#12417=ADVANCED_FACE('',(#8363),#198,.F.);
#12418=ADVANCED_FACE('',(#8364,#8365),#199,.F.);
#12419=ADVANCED_FACE('',(#8366,#8367),#9086,.F.);
#12420=ADVANCED_FACE('',(#8368,#8369),#405,.T.);
#12421=ADVANCED_FACE('',(#8370,#8371),#126,.F.);
#12422=ADVANCED_FACE('',(#8372,#8373),#9087,.F.);
#12423=ADVANCED_FACE('',(#8374,#8375),#127,.F.);
#12424=ADVANCED_FACE('',(#8376,#8377),#406,.T.);
#12425=ADVANCED_FACE('',(#8378,#8379),#128,.T.);
#12426=ADVANCED_FACE('',(#8380,#8381),#9088,.F.);
#12427=ADVANCED_FACE('',(#8382),#200,.F.);
#12428=ADVANCED_FACE('',(#8383,#8384),#201,.F.);
#12429=ADVANCED_FACE('',(#8385,#8386),#9089,.F.);
#12430=ADVANCED_FACE('',(#8387,#8388),#407,.T.);
#12431=ADVANCED_FACE('',(#8389,#8390),#129,.T.);
#12432=ADVANCED_FACE('',(#8391,#8392),#202,.F.);
#12433=ADVANCED_FACE('',(#8393,#8394),#9090,.F.);
#12434=ADVANCED_FACE('',(#8395,#8396),#408,.T.);
#12435=ADVANCED_FACE('',(#8397,#8398),#130,.T.);
#12436=ADVANCED_FACE('',(#8399,#8400),#131,.T.);
#12437=ADVANCED_FACE('',(#8401,#8402),#9091,.F.);
#12438=ADVANCED_FACE('',(#8403,#8404),#132,.T.);
#12439=ADVANCED_FACE('',(#8405,#8406),#133,.T.);
#12440=ADVANCED_FACE('',(#8407,#8408),#9092,.F.);
#12441=ADVANCED_FACE('',(#8409,#8410),#134,.T.);
#12442=ADVANCED_FACE('',(#8411,#8412),#135,.T.);
#12443=ADVANCED_FACE('',(#8413,#8414),#136,.T.);
#12444=ADVANCED_FACE('',(#8415,#8416),#9093,.F.);
#12445=ADVANCED_FACE('',(#8417,#8418),#137,.T.);
#12446=ADVANCED_FACE('',(#8419,#8420),#138,.T.);
#12447=ADVANCED_FACE('',(#8421,#8422),#9094,.F.);
#12448=ADVANCED_FACE('',(#8423,#8424),#203,.F.);
#12449=ADVANCED_FACE('',(#8425,#8426),#9095,.F.);
#12450=ADVANCED_FACE('',(#8427),#409,.T.);
#12451=ADVANCED_FACE('',(#8428,#8429),#204,.F.);
#12452=ADVANCED_FACE('',(#8430,#8431),#9096,.F.);
#12453=ADVANCED_FACE('',(#8432,#8433),#410,.T.);
#12454=ADVANCED_FACE('',(#8434,#8435),#9097,.F.);
#12455=ADVANCED_FACE('',(#8436),#411,.T.);
#12456=ADVANCED_FACE('',(#8437,#8438),#9098,.F.);
#12457=ADVANCED_FACE('',(#8439),#205,.F.);
#12458=ADVANCED_FACE('',(#8440,#8441),#412,.T.);
#12459=ADVANCED_FACE('',(#8442,#8443),#206,.F.);
#12460=ADVANCED_FACE('',(#8444,#8445),#9099,.F.);
#12461=ADVANCED_FACE('',(#8446),#207,.F.);
#12462=ADVANCED_FACE('',(#8447,#8448),#9100,.F.);
#12463=ADVANCED_FACE('',(#8449),#208,.F.);
#12464=ADVANCED_FACE('',(#8450,#8451),#413,.T.);
#12465=ADVANCED_FACE('',(#8452,#8453),#209,.F.);
#12466=ADVANCED_FACE('',(#8454,#8455),#9101,.F.);
#12467=ADVANCED_FACE('',(#8456),#210,.F.);
#12468=ADVANCED_FACE('',(#8457,#8458),#9102,.F.);
#12469=ADVANCED_FACE('',(#8459,#8460),#414,.T.);
#12470=ADVANCED_FACE('',(#8461,#8462),#9103,.F.);
#12471=ADVANCED_FACE('',(#8463,#8464),#211,.F.);
#12472=ADVANCED_FACE('',(#8465,#8466),#212,.F.);
#12473=ADVANCED_FACE('',(#8467,#8468),#213,.T.);
#12474=ADVANCED_FACE('',(#8469,#8470),#415,.F.);
#12475=ADVANCED_FACE('',(#8471,#8472),#139,.T.);
#12476=ADVANCED_FACE('',(#8473),#101,.F.);
#12477=ADVANCED_FACE('',(#8474),#416,.T.);
#12478=ADVANCED_FACE('',(#8475),#9104,.F.);
#12479=ADVANCED_FACE('',(#8476),#417,.T.);
#12480=ADVANCED_FACE('',(#8477),#9105,.F.);
#12481=ADVANCED_FACE('',(#8478),#418,.T.);
#12482=ADVANCED_FACE('',(#8479),#419,.F.);
#12483=ADVANCED_FACE('',(#8480),#420,.F.);
#12484=ADVANCED_FACE('',(#8481),#421,.F.);
#12485=ADVANCED_FACE('',(#8482),#9106,.F.);
#12486=ADVANCED_FACE('',(#8483,#8484),#422,.T.);
#12487=ADVANCED_FACE('',(#8485),#9107,.T.);
#12488=ADVANCED_FACE('',(#8486),#423,.T.);
#12489=ADVANCED_FACE('',(#8487,#8488),#424,.T.);
#12490=ADVANCED_FACE('',(#8489),#425,.T.);
#12491=ADVANCED_FACE('',(#8490,#8491),#9108,.F.);
#12492=ADVANCED_FACE('',(#8492,#8493),#426,.T.);
#12493=ADVANCED_FACE('',(#8494,#8495),#9109,.F.);
#12494=ADVANCED_FACE('',(#8496,#8497),#214,.F.);
#12495=ADVANCED_FACE('',(#8498),#427,.T.);
#12496=ADVANCED_FACE('',(#8499,#8500),#428,.T.);
#12497=ADVANCED_FACE('',(#8501),#429,.T.);
#12498=ADVANCED_FACE('',(#8502,#8503),#215,.F.);
#12499=ADVANCED_FACE('',(#8504,#8505),#9110,.F.);
#12500=ADVANCED_FACE('',(#8506,#8507),#430,.T.);
#12501=ADVANCED_FACE('',(#8508,#8509),#9111,.F.);
#12502=ADVANCED_FACE('',(#8510,#8511),#216,.T.);
#12503=ADVANCED_FACE('',(#8512,#8513),#431,.T.);
#12504=ADVANCED_FACE('',(#8514,#8515),#9112,.F.);
#12505=ADVANCED_FACE('',(#8516,#8517),#140,.T.);
#12506=ADVANCED_FACE('',(#8518,#8519,#8520,#8521,#8522,#8523),#432,.T.);
#12507=ADVANCED_FACE('',(#8524,#8525),#217,.T.);
#12508=ADVANCED_FACE('',(#8526,#8527),#9113,.T.);
#12509=ADVANCED_FACE('',(#8528,#8529),#218,.T.);
#12510=ADVANCED_FACE('',(#8530,#8531),#433,.T.);
#12511=ADVANCED_FACE('',(#8532,#8533),#9114,.T.);
#12512=ADVANCED_FACE('',(#8534,#8535),#9115,.F.);
#12513=ADVANCED_FACE('',(#8536),#434,.T.);
#12514=ADVANCED_FACE('',(#8537,#8538),#9116,.F.);
#12515=ADVANCED_FACE('',(#8539),#435,.T.);
#12516=ADVANCED_FACE('',(#8540,#8541),#9117,.F.);
#12517=ADVANCED_FACE('',(#8542),#436,.T.);
#12518=ADVANCED_FACE('',(#8543,#8544),#9118,.F.);
#12519=ADVANCED_FACE('',(#8545),#437,.T.);
#12520=ADVANCED_FACE('',(#8546,#8547),#438,.F.);
#12521=ADVANCED_FACE('',(#8548,#8549),#9119,.T.);
#12522=ADVANCED_FACE('',(#8550,#8551),#219,.T.);
#12523=ADVANCED_FACE('',(#8552,#8553),#9120,.T.);
#12524=ADVANCED_FACE('',(#8554,#8555,#8556,#8557),#9121,.T.);
#12525=ADVANCED_FACE('',(#8558),#9122,.T.);
#12526=ADVANCED_FACE('',(#8559,#8560),#439,.F.);
#12527=ADVANCED_FACE('',(#8561),#220,.T.);
#12528=ADVANCED_FACE('',(#8562),#221,.T.);
#12529=ADVANCED_FACE('',(#8563),#222,.T.);
#12530=ADVANCED_FACE('',(#8564),#223,.T.);
#12531=ADVANCED_FACE('',(#8565),#224,.T.);
#12532=ADVANCED_FACE('',(#8566),#225,.T.);
#12533=ADVANCED_FACE('',(#8567),#9123,.T.);
#12534=ADVANCED_FACE('',(#8568),#9124,.T.);
#12535=ADVANCED_FACE('',(#8569),#9125,.T.);
#12536=ADVANCED_FACE('',(#8570),#9126,.T.);
#12537=ADVANCED_FACE('',(#8571),#9127,.T.);
#12538=ADVANCED_FACE('',(#8572),#9128,.T.);
#12539=ADVANCED_FACE('',(#8573,#8574),#9129,.T.);
#12540=ADVANCED_FACE('',(#8575,#8576),#9130,.T.);
#12541=ADVANCED_FACE('',(#8577,#8578),#9131,.T.);
#12542=ADVANCED_FACE('',(#8579,#8580),#9132,.T.);
#12543=ADVANCED_FACE('',(#8581),#440,.F.);
#12544=ADVANCED_FACE('',(#8582),#102,.T.);
#12545=ADVANCED_FACE('',(#8583),#103,.T.);
#12546=ADVANCED_FACE('',(#8584,#8585),#441,.F.);
#12547=ADVANCED_FACE('',(#8586,#8587),#226,.T.);
#12548=ADVANCED_FACE('',(#8588,#8589),#442,.F.);
#12549=ADVANCED_FACE('',(#8590,#8591),#9133,.T.);
#12550=ADVANCED_FACE('',(#8592,#8593),#141,.F.);
#12551=ADVANCED_FACE('',(#8594,#8595),#227,.T.);
#12552=ADVANCED_FACE('',(#8596,#8597),#142,.T.);
#12553=ADVANCED_FACE('',(#8598,#8599),#9134,.T.);
#12554=ADVANCED_FACE('',(#8600,#8601),#443,.F.);
#12555=ADVANCED_FACE('',(#8602,#8603),#9135,.T.);
#12556=ADVANCED_FACE('',(#8604,#8605),#444,.F.);
#12557=ADVANCED_FACE('',(#8606,#8607),#143,.T.);
#12558=ADVANCED_FACE('',(#8608,#8609),#9136,.T.);
#12559=ADVANCED_FACE('',(#8610,#8611),#228,.T.);
#12560=ADVANCED_FACE('',(#8612,#8613),#445,.F.);
#12561=ADVANCED_FACE('',(#8614),#9137,.T.);
#12562=ADVANCED_FACE('',(#8615,#8616),#229,.T.);
#12563=ADVANCED_FACE('',(#8617,#8618),#9138,.T.);
#12564=ADVANCED_FACE('',(#8619,#8620),#446,.F.);
#12565=ADVANCED_FACE('',(#8621,#8622),#9139,.F.);
#12566=ADVANCED_FACE('',(#8623,#8624,#8625,#8626),#447,.F.);
#12567=ADVANCED_FACE('',(#8627),#104,.T.);
#12568=ADVANCED_FACE('',(#8628),#448,.T.);
#12569=ADVANCED_FACE('',(#8629),#449,.T.);
#12570=ADVANCED_FACE('',(#8630),#450,.T.);
#12571=ADVANCED_FACE('',(#8631),#451,.T.);
#12572=ADVANCED_FACE('',(#8632),#452,.T.);
#12573=ADVANCED_FACE('',(#8633),#453,.T.);
#12574=ADVANCED_FACE('',(#8634),#454,.F.);
#12575=ADVANCED_FACE('',(#8635),#455,.F.);
#12576=ADVANCED_FACE('',(#8636),#9140,.F.);
#12577=ADVANCED_FACE('',(#8637),#9141,.F.);
#12578=ADVANCED_FACE('',(#8638),#456,.T.);
#12579=ADVANCED_FACE('',(#8639),#9142,.F.);
#12580=ADVANCED_FACE('',(#8640),#457,.T.);
#12581=ADVANCED_FACE('',(#8641),#9143,.F.);
#12582=ADVANCED_FACE('',(#8642,#8643),#9144,.T.);
#12583=ADVANCED_FACE('',(#8644,#8645),#144,.T.);
#12584=ADVANCED_FACE('',(#8646,#8647),#9145,.T.);
#12585=ADVANCED_FACE('',(#8648,#8649),#145,.T.);
#12586=ADVANCED_FACE('',(#8650,#8651),#9146,.T.);
#12587=ADVANCED_FACE('',(#8652,#8653),#146,.T.);
#12588=ADVANCED_FACE('',(#8654,#8655),#9147,.T.);
#12589=ADVANCED_FACE('',(#8656,#8657),#230,.T.);
#12590=ADVANCED_FACE('',(#8658,#8659),#458,.F.);
#12591=ADVANCED_FACE('',(#8660),#459,.F.);
#12592=ADVANCED_FACE('',(#8661,#8662),#460,.F.);
#12593=ADVANCED_FACE('',(#8663),#461,.F.);
#12594=ADVANCED_FACE('',(#8664),#9148,.T.);
#12595=ADVANCED_FACE('',(#8665,#8666),#462,.T.);
#12596=ADVANCED_FACE('',(#8667),#463,.F.);
#12597=ADVANCED_FACE('',(#8668,#8669),#9149,.T.);
#12598=ADVANCED_FACE('',(#8670,#8671),#231,.T.);
#12599=ADVANCED_FACE('',(#8672,#8673),#464,.F.);
#12600=ADVANCED_FACE('',(#8674,#8675),#9150,.T.);
#12601=ADVANCED_FACE('',(#8676,#8677),#232,.T.);
#12602=ADVANCED_FACE('',(#8678,#8679),#9151,.T.);
#12603=ADVANCED_FACE('',(#8680,#8681),#233,.T.);
#12604=ADVANCED_FACE('',(#8682,#8683),#465,.F.);
#12605=ADVANCED_FACE('',(#8684,#8685),#9152,.T.);
#12606=ADVANCED_FACE('',(#8686,#8687),#466,.F.);
#12607=ADVANCED_FACE('',(#8688,#8689),#234,.T.);
#12608=ADVANCED_FACE('',(#8690,#8691),#9153,.T.);
#12609=ADVANCED_FACE('',(#8692,#8693),#235,.T.);
#12610=ADVANCED_FACE('',(#8694,#8695),#147,.T.);
#12611=ADVANCED_FACE('',(#8696,#8697),#467,.F.);
#12612=ADVANCED_FACE('',(#8698,#8699),#9154,.F.);
#12613=ADVANCED_FACE('',(#8700,#8701,#8702,#8703,#8704),#468,.F.);
#12614=ADVANCED_FACE('',(#8705),#469,.T.);
#12615=ADVANCED_FACE('',(#8706),#470,.T.);
#12616=ADVANCED_FACE('',(#8707),#471,.T.);
#12617=ADVANCED_FACE('',(#8708),#472,.T.);
#12618=ADVANCED_FACE('',(#8709),#473,.T.);
#12619=ADVANCED_FACE('',(#8710),#474,.T.);
#12620=ADVANCED_FACE('',(#8711),#475,.T.);
#12621=ADVANCED_FACE('',(#8712),#476,.T.);
#12622=ADVANCED_FACE('',(#8713),#477,.T.);
#12623=ADVANCED_FACE('',(#8714),#478,.T.);
#12624=ADVANCED_FACE('',(#8715),#479,.T.);
#12625=ADVANCED_FACE('',(#8716),#480,.T.);
#12626=ADVANCED_FACE('',(#8717,#8718),#9155,.T.);
#12627=ADVANCED_FACE('',(#8719),#481,.T.);
#12628=ADVANCED_FACE('',(#8720,#8721),#9156,.T.);
#12629=ADVANCED_FACE('',(#8722),#482,.T.);
#12630=ADVANCED_FACE('',(#8723,#8724),#9157,.T.);
#12631=ADVANCED_FACE('',(#8725),#483,.T.);
#12632=ADVANCED_FACE('',(#8726,#8727),#9158,.T.);
#12633=ADVANCED_FACE('',(#8728),#484,.T.);
#12634=ADVANCED_FACE('',(#8729,#8730),#9159,.T.);
#12635=ADVANCED_FACE('',(#8731),#485,.T.);
#12636=ADVANCED_FACE('',(#8732,#8733),#9160,.T.);
#12637=ADVANCED_FACE('',(#8734),#486,.T.);
#12638=ADVANCED_FACE('',(#8735,#8736),#9161,.T.);
#12639=ADVANCED_FACE('',(#8737),#487,.T.);
#12640=ADVANCED_FACE('',(#8738,#8739),#10,.T.);
#12641=ADVANCED_FACE('',(#8740,#8741),#11,.T.);
#12642=ADVANCED_FACE('',(#8742,#8743),#12,.T.);
#12643=ADVANCED_FACE('',(#8744,#8745),#13,.T.);
#12644=ADVANCED_FACE('',(#8746,#8747),#14,.T.);
#12645=ADVANCED_FACE('',(#8748,#8749),#15,.T.);
#12646=ADVANCED_FACE('',(#8750,#8751),#16,.T.);
#12647=ADVANCED_FACE('',(#8752),#488,.F.);
#12648=ADVANCED_FACE('',(#8753,#8754),#236,.T.);
#12649=ADVANCED_FACE('',(#8755,#8756),#9162,.T.);
#12650=ADVANCED_FACE('',(#8757,#8758),#237,.T.);
#12651=ADVANCED_FACE('',(#8759,#8760),#489,.F.);
#12652=ADVANCED_FACE('',(#8761,#8762),#238,.F.);
#12653=ADVANCED_FACE('',(#8763),#490,.F.);
#12654=ADVANCED_FACE('',(#8764),#491,.F.);
#12655=ADVANCED_FACE('',(#8765),#492,.F.);
#12656=ADVANCED_FACE('',(#8766),#493,.F.);
#12657=ADVANCED_FACE('',(#8767),#494,.F.);
#12658=ADVANCED_FACE('',(#8768),#495,.F.);
#12659=ADVANCED_FACE('',(#8769),#496,.T.);
#12660=ADVANCED_FACE('',(#8770),#497,.T.);
#12661=ADVANCED_FACE('',(#8771),#498,.T.);
#12662=ADVANCED_FACE('',(#8772),#499,.T.);
#12663=ADVANCED_FACE('',(#8773),#500,.T.);
#12664=ADVANCED_FACE('',(#8774),#501,.T.);
#12665=ADVANCED_FACE('',(#8775,#8776),#239,.F.);
#12666=ADVANCED_FACE('',(#8777),#240,.F.);
#12667=ADVANCED_FACE('',(#8778),#241,.F.);
#12668=ADVANCED_FACE('',(#8779),#242,.F.);
#12669=ADVANCED_FACE('',(#8780),#243,.F.);
#12670=ADVANCED_FACE('',(#8781),#244,.F.);
#12671=ADVANCED_FACE('',(#8782),#245,.F.);
#12672=ADVANCED_FACE('',(#8783),#502,.F.);
#12673=ADVANCED_FACE('',(#8784,#8785),#246,.T.);
#12674=ADVANCED_FACE('',(#8786,#8787),#9163,.T.);
#12675=ADVANCED_FACE('',(#8788,#8789),#247,.T.);
#12676=ADVANCED_FACE('',(#8790,#8791),#503,.F.);
#12677=ADVANCED_FACE('',(#8792),#504,.T.);
#12678=ADVANCED_FACE('',(#8793),#505,.T.);
#12679=ADVANCED_FACE('',(#8794),#506,.T.);
#12680=ADVANCED_FACE('',(#8795),#507,.T.);
#12681=ADVANCED_FACE('',(#8796),#508,.T.);
#12682=ADVANCED_FACE('',(#8797),#509,.T.);
#12683=ADVANCED_FACE('',(#8798),#510,.F.);
#12684=ADVANCED_FACE('',(#8799,#8800),#511,.F.);
#12685=ADVANCED_FACE('',(#8801,#8802),#148,.T.);
#12686=ADVANCED_FACE('',(#8803,#8804),#9164,.T.);
#12687=ADVANCED_FACE('',(#8805,#8806),#512,.F.);
#12688=ADVANCED_FACE('',(#8807,#8808),#149,.F.);
#12689=ADVANCED_FACE('',(#8809,#8810),#248,.T.);
#12690=ADVANCED_FACE('',(#8811,#8812),#150,.F.);
#12691=ADVANCED_FACE('',(#8813,#8814),#9165,.T.);
#12692=ADVANCED_FACE('',(#8815,#8816),#249,.T.);
#12693=ADVANCED_FACE('',(#8817),#513,.F.);
#12694=ADVANCED_FACE('',(#8818,#8819),#514,.F.);
#12695=ADVANCED_FACE('',(#8820),#515,.F.);
#12696=ADVANCED_FACE('',(#8821),#516,.F.);
#12697=ADVANCED_FACE('',(#8822),#517,.F.);
#12698=ADVANCED_FACE('',(#8823),#518,.F.);
#12699=ADVANCED_FACE('',(#8824),#519,.F.);
#12700=ADVANCED_FACE('',(#8825),#520,.F.);
#12701=ADVANCED_FACE('',(#8826,#8827),#250,.F.);
#12702=ADVANCED_FACE('',(#8828,#8829),#105,.T.);
#12703=ADVANCED_FACE('',(#8830,#8831),#251,.T.);
#12704=ADVANCED_FACE('',(#8832,#8833),#9166,.T.);
#12705=ADVANCED_FACE('',(#8834),#106,.T.);
#12706=ADVANCED_FACE('',(#8835,#8836),#521,.T.);
#12707=ADVANCED_FACE('',(#8837,#8838),#9167,.F.);
#12708=ADVANCED_FACE('',(#8839),#522,.T.);
#12709=ADVANCED_FACE('',(#8840),#252,.F.);
#12710=ADVANCED_FACE('',(#8841),#253,.F.);
#12711=ADVANCED_FACE('',(#8842),#254,.F.);
#12712=ADVANCED_FACE('',(#8843),#255,.F.);
#12713=ADVANCED_FACE('',(#8844),#256,.F.);
#12714=ADVANCED_FACE('',(#8845),#257,.F.);
#12715=ADVANCED_FACE('',(#8846),#523,.F.);
#12716=ADVANCED_FACE('',(#8847,#8848),#258,.T.);
#12717=ADVANCED_FACE('',(#8849,#8850),#9168,.T.);
#12718=ADVANCED_FACE('',(#8851,#8852),#259,.T.);
#12719=ADVANCED_FACE('',(#8853,#8854),#524,.F.);
#12720=ADVANCED_FACE('',(#8855),#525,.T.);
#12721=ADVANCED_FACE('',(#8856),#526,.T.);
#12722=ADVANCED_FACE('',(#8857),#527,.T.);
#12723=ADVANCED_FACE('',(#8858),#528,.T.);
#12724=ADVANCED_FACE('',(#8859),#529,.T.);
#12725=ADVANCED_FACE('',(#8860),#530,.T.);
#12726=ADVANCED_FACE('',(#8861),#531,.F.);
#12727=ADVANCED_FACE('',(#8862),#532,.T.);
#12728=ADVANCED_FACE('',(#8863),#533,.T.);
#12729=ADVANCED_FACE('',(#8864),#534,.F.);
#12730=ADVANCED_FACE('',(#8865),#535,.F.);
#12731=ADVANCED_FACE('',(#8866),#536,.F.);
#12732=ADVANCED_FACE('',(#8867),#537,.F.);
#12733=ADVANCED_FACE('',(#8868),#538,.F.);
#12734=ADVANCED_FACE('',(#8869,#8870),#539,.F.);
#12735=ADVANCED_FACE('',(#8871),#540,.F.);
#12736=ADVANCED_FACE('',(#8872),#9169,.T.);
#12737=ADVANCED_FACE('',(#8873,#8874),#541,.T.);
#12738=ADVANCED_FACE('',(#8875,#8876),#9170,.F.);
#12739=ADVANCED_FACE('',(#8877,#8878),#542,.T.);
#12740=ADVANCED_FACE('',(#8879),#543,.T.);
#12741=ADVANCED_FACE('',(#8880),#544,.T.);
#12742=ADVANCED_FACE('',(#8881),#545,.F.);
#12743=ADVANCED_FACE('',(#8882),#546,.F.);
#12744=ADVANCED_FACE('',(#8883),#547,.F.);
#12745=ADVANCED_FACE('',(#8884),#548,.F.);
#12746=ADVANCED_FACE('',(#8885),#549,.F.);
#12747=ADVANCED_FACE('',(#8886),#550,.T.);
#12748=ADVANCED_FACE('',(#8887),#551,.T.);
#12749=ADVANCED_FACE('',(#8888,#8889),#260,.F.);
#12750=ADVANCED_FACE('',(#8890,#8891),#552,.F.);
#12751=ADVANCED_FACE('',(#8892,#8893),#9171,.T.);
#12752=ADVANCED_FACE('',(#8894),#553,.F.);
#12753=ADVANCED_FACE('',(#8895,#8896),#261,.T.);
#12754=ADVANCED_FACE('',(#8897,#8898),#9172,.T.);
#12755=ADVANCED_FACE('',(#8899),#554,.F.);
#12756=ADVANCED_FACE('',(#8900),#555,.F.);
#12757=ADVANCED_FACE('',(#8901),#556,.F.);
#12758=ADVANCED_FACE('',(#8902),#557,.F.);
#12759=ADVANCED_FACE('',(#8903),#558,.F.);
#12760=ADVANCED_FACE('',(#8904),#559,.F.);
#12761=ADVANCED_FACE('',(#8905),#560,.T.);
#12762=ADVANCED_FACE('',(#8906,#8907,#8908),#561,.F.);
#12763=ADVANCED_FACE('',(#8909,#8910),#262,.T.);
#12764=ADVANCED_FACE('',(#8911,#8912),#263,.F.);
#12765=ADVANCED_FACE('',(#8913,#8914),#562,.F.);
#12766=ADVANCED_FACE('',(#8915,#8916),#264,.T.);
#12767=ADVANCED_FACE('',(#8917,#8918),#9173,.T.);
#12768=ADVANCED_FACE('',(#8919,#8920,#8921,#8922,#8923,#8924,#8925),#563,
 .F.);
#12769=ADVANCED_FACE('',(#8926,#8927),#265,.T.);
#12770=ADVANCED_FACE('',(#8928,#8929),#9174,.T.);
#12771=ADVANCED_FACE('',(#8930,#8931),#266,.T.);
#12772=ADVANCED_FACE('',(#8932,#8933),#267,.T.);
#12773=ADVANCED_FACE('',(#8934,#8935),#9175,.T.);
#12774=ADVANCED_FACE('',(#8936,#8937),#268,.T.);
#12775=ADVANCED_FACE('',(#8938,#8939,#8940,#8941,#8942,#8943,#8944),#564,
 .F.);
#12776=ADVANCED_FACE('',(#8945,#8946),#9176,.F.);
#12777=ADVANCED_FACE('',(#8947),#565,.F.);
#12778=ADVANCED_FACE('',(#8948,#8949),#9177,.F.);
#12779=ADVANCED_FACE('',(#8950,#8951),#269,.F.);
#12780=ADVANCED_FACE('',(#8952,#8953),#9178,.F.);
#12781=ADVANCED_FACE('',(#8954,#8955),#270,.F.);
#12782=ADVANCED_FACE('',(#8956,#8957),#9179,.F.);
#12783=ADVANCED_FACE('',(#8958,#8959),#271,.F.);
#12784=ADVANCED_FACE('',(#8960,#8961),#9180,.F.);
#12785=ADVANCED_FACE('',(#8962,#8963),#272,.F.);
#12786=ADVANCED_FACE('',(#8964,#8965),#273,.F.);
#12787=ADVANCED_FACE('',(#8966,#8967),#9181,.F.);
#12788=ADVANCED_FACE('',(#8968,#8969),#274,.F.);
#12789=ADVANCED_FACE('',(#8970,#8971),#9182,.F.);
#12790=ADVANCED_FACE('',(#8972,#8973),#275,.F.);
#12791=ADVANCED_FACE('',(#8974,#8975),#9183,.F.);
#12792=CLOSED_SHELL('',(#12121,#12122,#12123,#12124,#12125,#12126,#12127,
#12128,#12129,#12130,#12131,#12132,#12133,#12134,#12135,#12136,#12137,#12138,
#12139,#12140,#12141,#12142,#12143,#12144,#12145,#12146,#12147,#12148,#12149,
#12150,#12151,#12152,#12153,#12154,#12155,#12156,#12157,#12158,#12159,#12160,
#12161,#12162,#12163,#12164,#12165,#12166,#12167,#12168,#12169,#12170,#12171,
#12172,#12173,#12174,#12175,#12176,#12177,#12178,#12179,#12180,#12181,#12182,
#12183,#12184,#12185,#12186,#12187,#12188,#12189,#12190,#12191,#12192,#12193,
#12194,#12195,#12196,#12197,#12198,#12199,#12200,#12201,#12202,#12203,#12204,
#12205,#12206,#12207,#12208,#12209,#12210,#12211,#12212,#12213,#12214,#12215,
#12216,#12217,#12218,#12219,#12220,#12221,#12222,#12223,#12224,#12225,#12226,
#12227,#12228,#12229,#12230,#12231,#12232,#12233,#12234,#12235,#12236,#12237,
#12238,#12239,#12240,#12241,#12242,#12243,#12244,#12245,#12246,#12247,#12248,
#12249,#12250,#12251,#12252,#12253,#12254,#12255,#12256,#12257,#12258,#12259,
#12260,#12261,#12262,#12263,#12264,#12265,#12266,#12267,#12268,#12269,#12270,
#12271,#12272,#12273,#12274,#12275,#12276,#12277,#12278,#12279,#12280,#12281,
#12282,#12283,#12284,#12285,#12286,#12287,#12288,#12289,#12290,#12291,#12292,
#12293,#12294,#12295,#12296,#12297,#12298,#12299,#12300,#12301,#12302,#12303,
#12304,#12305,#12306,#12307,#12308,#12309,#12310,#12311,#12312,#12313,#12314,
#12315,#12316,#12317,#12318,#12319,#12320,#12321,#12322,#12323,#12324,#12325,
#12326,#12327,#12328,#12329,#12330,#12331,#12332,#12333,#12334,#12335,#12336,
#12337,#12338,#12339,#12340,#12341,#12342,#12343,#12344,#12345,#12346,#12347,
#12348,#12349,#12350,#12351,#12352,#12353,#12354,#12355,#12356,#12357,#12358,
#12359,#12360,#12361,#12362,#12363,#12364,#12365,#12366,#12367,#12368,#12369,
#12370,#12371,#12372,#12373,#12374,#12375,#12376,#12377,#12378,#12379,#12380,
#12381,#12382,#12383,#12384,#12385,#12386,#12387,#12388,#12389,#12390,#12391,
#12392,#12393,#12394,#12395,#12396,#12397,#12398,#12399,#12400,#12401,#12402,
#12403,#12404,#12405,#12406,#12407,#12408,#12409,#12410,#12411,#12412,#12413,
#12414,#12415,#12416,#12417,#12418,#12419,#12420,#12421,#12422,#12423,#12424,
#12425,#12426,#12427,#12428,#12429,#12430,#12431,#12432,#12433,#12434,#12435,
#12436,#12437,#12438,#12439,#12440,#12441,#12442,#12443,#12444,#12445,#12446,
#12447,#12448,#12449,#12450,#12451,#12452,#12453,#12454,#12455,#12456,#12457,
#12458,#12459,#12460,#12461,#12462,#12463,#12464,#12465,#12466,#12467,#12468,
#12469,#12470,#12471,#12472,#12473,#12474,#12475,#12476,#12477,#12478,#12479,
#12480,#12481,#12482,#12483,#12484,#12485,#12486,#12487,#12488,#12489,#12490,
#12491,#12492,#12493,#12494,#12495,#12496,#12497,#12498,#12499,#12500,#12501));
#12793=CLOSED_SHELL('',(#12502,#12503,#12504,#12505,#12506,#12507,#12508,
#12509,#12510,#12511,#12512,#12513,#12514,#12515,#12516,#12517,#12518,#12519));
#12794=CLOSED_SHELL('',(#12520,#12521,#12522,#12523,#12524,#12525,#12526,
#12527,#12528,#12529,#12530,#12531,#12532,#12533,#12534,#12535,#12536,#12537,
#12538,#12539,#12540,#12541,#12542,#12543,#12544,#12545,#12546,#12547,#12548,
#12549,#12550,#12551,#12552,#12553,#12554,#12555,#12556,#12557,#12558,#12559,
#12560,#12561,#12562,#12563,#12564,#12565,#12566,#12567,#12568,#12569,#12570,
#12571,#12572,#12573,#12574,#12575,#12576,#12577,#12578,#12579,#12580,#12581,
#12582,#12583,#12584,#12585,#12586,#12587,#12588,#12589,#12590,#12591,#12592,
#12593,#12594,#12595,#12596,#12597,#12598,#12599,#12600,#12601,#12602,#12603,
#12604,#12605,#12606,#12607,#12608,#12609,#12610,#12611,#12612,#12613,#12614,
#12615,#12616,#12617,#12618,#12619,#12620,#12621,#12622,#12623,#12624,#12625,
#12626,#12627,#12628,#12629,#12630,#12631,#12632,#12633,#12634,#12635,#12636,
#12637,#12638,#12639,#12640,#12641,#12642,#12643,#12644,#12645,#12646));
#12795=CLOSED_SHELL('',(#12647,#12648,#12649,#12650,#12651,#12652,#12653,
#12654,#12655,#12656,#12657,#12658,#12659,#12660,#12661,#12662,#12663,#12664,
#12665));
#12796=CLOSED_SHELL('',(#12666,#12667,#12668,#12669,#12670,#12671,#12672,
#12673,#12674,#12675,#12676,#12677,#12678,#12679,#12680,#12681,#12682,#12683));
#12797=CLOSED_SHELL('',(#12684,#12685,#12686,#12687,#12688,#12689,#12690,
#12691,#12692,#12693,#12694,#12695,#12696,#12697,#12698,#12699,#12700,#12701));
#12798=CLOSED_SHELL('',(#12702,#12703,#12704,#12705,#12706,#12707,#12708));
#12799=CLOSED_SHELL('',(#12709,#12710,#12711,#12712,#12713,#12714,#12715,
#12716,#12717,#12718,#12719,#12720,#12721,#12722,#12723,#12724,#12725,#12726));
#12800=CLOSED_SHELL('',(#12727,#12728,#12729,#12730,#12731,#12732,#12733,
#12734,#12735,#12736,#12737,#12738,#12739,#12740,#12741,#12742,#12743,#12744,
#12745,#12746,#12747,#12748,#12749,#12750,#12751,#12752,#12753,#12754,#12755,
#12756,#12757,#12758,#12759,#12760,#12761));
#12801=CLOSED_SHELL('',(#12762,#12763,#12764,#12765,#12766,#12767,#12768,
#12769,#12770,#12771,#12772,#12773,#12774,#12775,#12776,#12777,#12778,#12779,
#12780,#12781,#12782,#12783,#12784,#12785,#12786,#12787,#12788,#12789,#12790,
#12791));
#12802=MANIFOLD_SOLID_BREP('ZMOD121401',#12792);
#12803=MANIFOLD_SOLID_BREP('ZMOD115341',#12793);
#12804=MANIFOLD_SOLID_BREP('ZELE125596',#12794);
#12805=MANIFOLD_SOLID_BREP('120845',#12795);
#12806=MANIFOLD_SOLID_BREP('GewindestiftDIN913-3x3x0.5',#12796);
#12807=MANIFOLD_SOLID_BREP('ZylinderschraubeDIN912-6x20x11',#12797);
#12808=MANIFOLD_SOLID_BREP('ZylinderstiftDIN6325-6x18',#12798);
#12809=MANIFOLD_SOLID_BREP('GewindestiftDIN913-4x4x0.7',#12799);
#12810=MANIFOLD_SOLID_BREP('ZUB123084',#12800);
#12811=MANIFOLD_SOLID_BREP('113987',#12801);
#12812=SHAPE_DEFINITION_REPRESENTATION(#20471,#12823);
#12813=SHAPE_DEFINITION_REPRESENTATION(#20472,#12824);
#12814=SHAPE_DEFINITION_REPRESENTATION(#20474,#12825);
#12815=SHAPE_DEFINITION_REPRESENTATION(#20476,#12826);
#12816=SHAPE_DEFINITION_REPRESENTATION(#20478,#12827);
#12817=SHAPE_DEFINITION_REPRESENTATION(#20481,#12828);
#12818=SHAPE_DEFINITION_REPRESENTATION(#20483,#12829);
#12819=SHAPE_DEFINITION_REPRESENTATION(#20485,#12830);
#12820=SHAPE_DEFINITION_REPRESENTATION(#20490,#12831);
#12821=SHAPE_DEFINITION_REPRESENTATION(#20492,#12832);
#12822=SHAPE_DEFINITION_REPRESENTATION(#20496,#12833);
#12823=SHAPE_REPRESENTATION('LWR50F-13-05-A',(#12834,#13564,#13601,#13847,
#13878,#13879,#13908,#13937,#13951,#13952,#13953,#13954,#13983,#14029,#14030,
#14031,#14096),#20446);
#12824=SHAPE_REPRESENTATION('ZMOD121401',(#12834),#20447);
#12825=SHAPE_REPRESENTATION('ZMOD115341',(#12834),#20448);
#12826=SHAPE_REPRESENTATION('ZELE125596',(#12834),#20449);
#12827=SHAPE_REPRESENTATION('120845',(#12834),#20450);
#12828=SHAPE_REPRESENTATION('GewindestiftDIN913-3x3x0.5',(#12834),#20451);
#12829=SHAPE_REPRESENTATION('ZylinderschraubeDIN912-6x20x11',(#12834),#20452);
#12830=SHAPE_REPRESENTATION('ZylinderstiftDIN6325-6x18',(#12834),#20453);
#12831=SHAPE_REPRESENTATION('GewindestiftDIN913-4x4x0.7',(#12834),#20454);
#12832=SHAPE_REPRESENTATION('ZUB123084',(#12834),#20455);
#12833=SHAPE_REPRESENTATION('113987',(#12834),#20456);
#12834=AXIS2_PLACEMENT_3D('',#17156,#14097,#14098);
#12835=AXIS2_PLACEMENT_3D('',#17157,#14099,#14100);
#12836=AXIS2_PLACEMENT_3D('',#17158,#14101,#14102);
#12837=AXIS2_PLACEMENT_3D('',#17163,#14104,#14105);
#12838=AXIS2_PLACEMENT_3D('',#17252,#14107,#14108);
#12839=AXIS2_PLACEMENT_3D('',#17254,#14109,#14110);
#12840=AXIS2_PLACEMENT_3D('',#17256,#14111,#14112);
#12841=AXIS2_PLACEMENT_3D('',#17265,#14113,#14114);
#12842=AXIS2_PLACEMENT_3D('',#17273,#14115,#14116);
#12843=AXIS2_PLACEMENT_3D('',#17280,#14117,#14118);
#12844=AXIS2_PLACEMENT_3D('',#17285,#14120,#14121);
#12845=AXIS2_PLACEMENT_3D('',#17288,#14123,#14124);
#12846=AXIS2_PLACEMENT_3D('',#17289,#14125,#14126);
#12847=AXIS2_PLACEMENT_3D('',#17309,#14127,#14128);
#12848=AXIS2_PLACEMENT_3D('',#17326,#14130,#14131);
#12849=AXIS2_PLACEMENT_3D('',#17332,#14132,#14133);
#12850=AXIS2_PLACEMENT_3D('',#17333,#14134,#14135);
#12851=AXIS2_PLACEMENT_3D('',#17334,#14136,#14137);
#12852=AXIS2_PLACEMENT_3D('',#17349,#14138,#14139);
#12853=AXIS2_PLACEMENT_3D('',#17350,#14140,#14141);
#12854=AXIS2_PLACEMENT_3D('',#17361,#14142,#14143);
#12855=AXIS2_PLACEMENT_3D('',#17362,#14144,#14145);
#12856=AXIS2_PLACEMENT_3D('',#17391,#14147,#14148);
#12857=AXIS2_PLACEMENT_3D('',#17398,#14149,#14150);
#12858=AXIS2_PLACEMENT_3D('',#17399,#14151,#14152);
#12859=AXIS2_PLACEMENT_3D('',#17405,#14153,#14154);
#12860=AXIS2_PLACEMENT_3D('',#17406,#14155,#14156);
#12861=AXIS2_PLACEMENT_3D('',#17408,#14157,#14158);
#12862=AXIS2_PLACEMENT_3D('',#17422,#14159,#14160);
#12863=AXIS2_PLACEMENT_3D('',#17433,#14161,#14162);
#12864=AXIS2_PLACEMENT_3D('',#17434,#14163,#14164);
#12865=AXIS2_PLACEMENT_3D('',#17436,#14165,#14166);
#12866=AXIS2_PLACEMENT_3D('',#17438,#14167,#14168);
#12867=AXIS2_PLACEMENT_3D('',#17439,#14169,#14170);
#12868=AXIS2_PLACEMENT_3D('',#17441,#14171,#14172);
#12869=AXIS2_PLACEMENT_3D('',#17443,#14173,#14174);
#12870=AXIS2_PLACEMENT_3D('',#17444,#14175,#14176);
#12871=AXIS2_PLACEMENT_3D('',#17446,#14177,#14178);
#12872=AXIS2_PLACEMENT_3D('',#17466,#14181,#14182);
#12873=AXIS2_PLACEMENT_3D('',#17467,#14183,#14184);
#12874=AXIS2_PLACEMENT_3D('',#17469,#14185,#14186);
#12875=AXIS2_PLACEMENT_3D('',#17489,#14189,#14190);
#12876=AXIS2_PLACEMENT_3D('',#17490,#14191,#14192);
#12877=AXIS2_PLACEMENT_3D('',#17492,#14193,#14194);
#12878=AXIS2_PLACEMENT_3D('',#17494,#14195,#14196);
#12879=AXIS2_PLACEMENT_3D('',#17496,#14197,#14198);
#12880=AXIS2_PLACEMENT_3D('',#17501,#14200,#14201);
#12881=AXIS2_PLACEMENT_3D('',#17503,#14202,#14203);
#12882=AXIS2_PLACEMENT_3D('',#17505,#14204,#14205);
#12883=AXIS2_PLACEMENT_3D('',#17509,#14207,#14208);
#12884=AXIS2_PLACEMENT_3D('',#17511,#14209,#14210);
#12885=AXIS2_PLACEMENT_3D('',#17513,#14211,#14212);
#12886=AXIS2_PLACEMENT_3D('',#17517,#14214,#14215);
#12887=AXIS2_PLACEMENT_3D('',#17519,#14216,#14217);
#12888=AXIS2_PLACEMENT_3D('',#17521,#14218,#14219);
#12889=AXIS2_PLACEMENT_3D('',#17525,#14221,#14222);
#12890=AXIS2_PLACEMENT_3D('',#17527,#14223,#14224);
#12891=AXIS2_PLACEMENT_3D('',#17529,#14225,#14226);
#12892=AXIS2_PLACEMENT_3D('',#17530,#14227,#14228);
#12893=AXIS2_PLACEMENT_3D('',#17532,#14229,#14230);
#12894=AXIS2_PLACEMENT_3D('',#17534,#14231,#14232);
#12895=AXIS2_PLACEMENT_3D('',#17536,#14233,#14234);
#12896=AXIS2_PLACEMENT_3D('',#17539,#14235,#14236);
#12897=AXIS2_PLACEMENT_3D('',#17543,#14238,#14239);
#12898=AXIS2_PLACEMENT_3D('',#17545,#14240,#14241);
#12899=AXIS2_PLACEMENT_3D('',#17547,#14242,#14243);
#12900=AXIS2_PLACEMENT_3D('',#17549,#14244,#14245);
#12901=AXIS2_PLACEMENT_3D('',#17551,#14246,#14247);
#12902=AXIS2_PLACEMENT_3D('',#17555,#14249,#14250);
#12903=AXIS2_PLACEMENT_3D('',#17556,#14251,#14252);
#12904=AXIS2_PLACEMENT_3D('',#17559,#14253,#14254);
#12905=AXIS2_PLACEMENT_3D('',#17561,#14255,#14256);
#12906=AXIS2_PLACEMENT_3D('',#17565,#14258,#14259);
#12907=AXIS2_PLACEMENT_3D('',#17567,#14260,#14261);
#12908=AXIS2_PLACEMENT_3D('',#17569,#14262,#14263);
#12909=AXIS2_PLACEMENT_3D('',#17573,#14265,#14266);
#12910=AXIS2_PLACEMENT_3D('',#17575,#14267,#14268);
#12911=AXIS2_PLACEMENT_3D('',#17576,#14269,#14270);
#12912=AXIS2_PLACEMENT_3D('',#17580,#14272,#14273);
#12913=AXIS2_PLACEMENT_3D('',#17584,#14275,#14276);
#12914=AXIS2_PLACEMENT_3D('',#17585,#14277,#14278);
#12915=AXIS2_PLACEMENT_3D('',#17589,#14280,#14281);
#12916=AXIS2_PLACEMENT_3D('',#17593,#14283,#14284);
#12917=AXIS2_PLACEMENT_3D('',#17594,#14285,#14286);
#12918=AXIS2_PLACEMENT_3D('',#17595,#14287,#14288);
#12919=AXIS2_PLACEMENT_3D('',#17597,#14289,#14290);
#12920=AXIS2_PLACEMENT_3D('',#17600,#14291,#14292);
#12921=AXIS2_PLACEMENT_3D('',#17602,#14293,#14294);
#12922=AXIS2_PLACEMENT_3D('',#17604,#14295,#14296);
#12923=AXIS2_PLACEMENT_3D('',#17607,#14298,#14299);
#12924=AXIS2_PLACEMENT_3D('',#17608,#14300,#14301);
#12925=AXIS2_PLACEMENT_3D('',#17613,#14303,#14304);
#12926=AXIS2_PLACEMENT_3D('',#17615,#14305,#14306);
#12927=AXIS2_PLACEMENT_3D('',#17616,#14307,#14308);
#12928=AXIS2_PLACEMENT_3D('',#17617,#14309,#14310);
#12929=AXIS2_PLACEMENT_3D('',#17618,#14311,#14312);
#12930=AXIS2_PLACEMENT_3D('',#17620,#14313,#14314);
#12931=AXIS2_PLACEMENT_3D('',#17623,#14315,#14316);
#12932=AXIS2_PLACEMENT_3D('',#17625,#14317,#14318);
#12933=AXIS2_PLACEMENT_3D('',#17627,#14319,#14320);
#12934=AXIS2_PLACEMENT_3D('',#17630,#14322,#14323);
#12935=AXIS2_PLACEMENT_3D('',#17634,#14325,#14326);
#12936=AXIS2_PLACEMENT_3D('',#17638,#14328,#14329);
#12937=AXIS2_PLACEMENT_3D('',#17652,#14331,#14332);
#12938=AXIS2_PLACEMENT_3D('',#17656,#14334,#14335);
#12939=AXIS2_PLACEMENT_3D('',#17673,#14338,#14339);
#12940=AXIS2_PLACEMENT_3D('',#17674,#14340,#14341);
#12941=AXIS2_PLACEMENT_3D('',#17675,#14342,#14343);
#12942=AXIS2_PLACEMENT_3D('',#17698,#14345,#14346);
#12943=AXIS2_PLACEMENT_3D('',#17699,#14347,#14348);
#12944=AXIS2_PLACEMENT_3D('',#17703,#14350,#14351);
#12945=AXIS2_PLACEMENT_3D('',#17704,#14352,#14353);
#12946=AXIS2_PLACEMENT_3D('',#17705,#14354,#14355);
#12947=AXIS2_PLACEMENT_3D('',#17728,#14357,#14358);
#12948=AXIS2_PLACEMENT_3D('',#17729,#14359,#14360);
#12949=AXIS2_PLACEMENT_3D('',#17733,#14362,#14363);
#12950=AXIS2_PLACEMENT_3D('',#17747,#14365,#14366);
#12951=AXIS2_PLACEMENT_3D('',#17751,#14368,#14369);
#12952=AXIS2_PLACEMENT_3D('',#17768,#14372,#14373);
#12953=AXIS2_PLACEMENT_3D('',#17769,#14374,#14375);
#12954=AXIS2_PLACEMENT_3D('',#17770,#14376,#14377);
#12955=AXIS2_PLACEMENT_3D('',#17793,#14379,#14380);
#12956=AXIS2_PLACEMENT_3D('',#17794,#14381,#14382);
#12957=AXIS2_PLACEMENT_3D('',#17798,#14384,#14385);
#12958=AXIS2_PLACEMENT_3D('',#17799,#14386,#14387);
#12959=AXIS2_PLACEMENT_3D('',#17800,#14388,#14389);
#12960=AXIS2_PLACEMENT_3D('',#17820,#14390,#14391);
#12961=AXIS2_PLACEMENT_3D('',#17828,#14392,#14393);
#12962=AXIS2_PLACEMENT_3D('',#17829,#14394,#14395);
#12963=AXIS2_PLACEMENT_3D('',#17830,#14396,#14397);
#12964=AXIS2_PLACEMENT_3D('',#17832,#14398,#14399);
#12965=AXIS2_PLACEMENT_3D('',#17833,#14400,#14401);
#12966=AXIS2_PLACEMENT_3D('',#17834,#14402,#14403);
#12967=AXIS2_PLACEMENT_3D('',#17841,#14404,#14405);
#12968=AXIS2_PLACEMENT_3D('',#17849,#14406,#14407);
#12969=AXIS2_PLACEMENT_3D('',#17850,#14408,#14409);
#12970=AXIS2_PLACEMENT_3D('',#17851,#14410,#14411);
#12971=AXIS2_PLACEMENT_3D('',#17853,#14412,#14413);
#12972=AXIS2_PLACEMENT_3D('',#17854,#14414,#14415);
#12973=AXIS2_PLACEMENT_3D('',#17855,#14416,#14417);
#12974=AXIS2_PLACEMENT_3D('',#17862,#14418,#14419);
#12975=AXIS2_PLACEMENT_3D('',#17863,#14420,#14421);
#12976=AXIS2_PLACEMENT_3D('',#17865,#14422,#14423);
#12977=AXIS2_PLACEMENT_3D('',#17866,#14424,#14425);
#12978=AXIS2_PLACEMENT_3D('',#17868,#14426,#14427);
#12979=AXIS2_PLACEMENT_3D('',#17869,#14428,#14429);
#12980=AXIS2_PLACEMENT_3D('',#17871,#14430,#14431);
#12981=AXIS2_PLACEMENT_3D('',#17872,#14432,#14433);
#12982=AXIS2_PLACEMENT_3D('',#17874,#14434,#14435);
#12983=AXIS2_PLACEMENT_3D('',#17875,#14436,#14437);
#12984=AXIS2_PLACEMENT_3D('',#17877,#14438,#14439);
#12985=AXIS2_PLACEMENT_3D('',#17878,#14440,#14441);
#12986=AXIS2_PLACEMENT_3D('',#17880,#14442,#14443);
#12987=AXIS2_PLACEMENT_3D('',#17881,#14444,#14445);
#12988=AXIS2_PLACEMENT_3D('',#17883,#14446,#14447);
#12989=AXIS2_PLACEMENT_3D('',#17885,#14448,#14449);
#12990=AXIS2_PLACEMENT_3D('',#17887,#14450,#14451);
#12991=AXIS2_PLACEMENT_3D('',#17889,#14452,#14453);
#12992=AXIS2_PLACEMENT_3D('',#17891,#14454,#14455);
#12993=AXIS2_PLACEMENT_3D('',#17893,#14456,#14457);
#12994=AXIS2_PLACEMENT_3D('',#17895,#14458,#14459);
#12995=AXIS2_PLACEMENT_3D('',#17897,#14460,#14461);
#12996=AXIS2_PLACEMENT_3D('',#17899,#14462,#14463);
#12997=AXIS2_PLACEMENT_3D('',#17901,#14464,#14465);
#12998=AXIS2_PLACEMENT_3D('',#17902,#14466,#14467);
#12999=AXIS2_PLACEMENT_3D('',#17903,#14468,#14469);
#13000=AXIS2_PLACEMENT_3D('',#17905,#14470,#14471);
#13001=AXIS2_PLACEMENT_3D('',#17906,#14472,#14473);
#13002=AXIS2_PLACEMENT_3D('',#17909,#14474,#14475);
#13003=AXIS2_PLACEMENT_3D('',#17911,#14476,#14477);
#13004=AXIS2_PLACEMENT_3D('',#17913,#14478,#14479);
#13005=AXIS2_PLACEMENT_3D('',#17915,#14480,#14481);
#13006=AXIS2_PLACEMENT_3D('',#17917,#14482,#14483);
#13007=AXIS2_PLACEMENT_3D('',#17919,#14484,#14485);
#13008=AXIS2_PLACEMENT_3D('',#17921,#14486,#14487);
#13009=AXIS2_PLACEMENT_3D('',#17923,#14488,#14489);
#13010=AXIS2_PLACEMENT_3D('',#17925,#14490,#14491);
#13011=AXIS2_PLACEMENT_3D('',#17927,#14492,#14493);
#13012=AXIS2_PLACEMENT_3D('',#17929,#14494,#14495);
#13013=AXIS2_PLACEMENT_3D('',#17930,#14496,#14497);
#13014=AXIS2_PLACEMENT_3D('',#17931,#14498,#14499);
#13015=AXIS2_PLACEMENT_3D('',#17932,#14500,#14501);
#13016=AXIS2_PLACEMENT_3D('',#17933,#14502,#14503);
#13017=AXIS2_PLACEMENT_3D('',#17934,#14504,#14505);
#13018=AXIS2_PLACEMENT_3D('',#17935,#14506,#14507);
#13019=AXIS2_PLACEMENT_3D('',#17936,#14508,#14509);
#13020=AXIS2_PLACEMENT_3D('',#17937,#14510,#14511);
#13021=AXIS2_PLACEMENT_3D('',#17938,#14512,#14513);
#13022=AXIS2_PLACEMENT_3D('',#17939,#14514,#14515);
#13023=AXIS2_PLACEMENT_3D('',#17940,#14516,#14517);
#13024=AXIS2_PLACEMENT_3D('',#17941,#14518,#14519);
#13025=AXIS2_PLACEMENT_3D('',#17942,#14520,#14521);
#13026=AXIS2_PLACEMENT_3D('',#17943,#14522,#14523);
#13027=AXIS2_PLACEMENT_3D('',#17944,#14524,#14525);
#13028=AXIS2_PLACEMENT_3D('',#17945,#14526,#14527);
#13029=AXIS2_PLACEMENT_3D('',#17946,#14528,#14529);
#13030=AXIS2_PLACEMENT_3D('',#17947,#14530,#14531);
#13031=AXIS2_PLACEMENT_3D('',#17948,#14532,#14533);
#13032=AXIS2_PLACEMENT_3D('',#17949,#14534,#14535);
#13033=AXIS2_PLACEMENT_3D('',#17950,#14536,#14537);
#13034=AXIS2_PLACEMENT_3D('',#17951,#14538,#14539);
#13035=AXIS2_PLACEMENT_3D('',#17952,#14540,#14541);
#13036=AXIS2_PLACEMENT_3D('',#17953,#14542,#14543);
#13037=AXIS2_PLACEMENT_3D('',#17954,#14544,#14545);
#13038=AXIS2_PLACEMENT_3D('',#17955,#14546,#14547);
#13039=AXIS2_PLACEMENT_3D('',#17958,#14550,#14551);
#13040=AXIS2_PLACEMENT_3D('',#17960,#14553,#14554);
#13041=AXIS2_PLACEMENT_3D('',#17962,#14556,#14557);
#13042=AXIS2_PLACEMENT_3D('',#17964,#14559,#14560);
#13043=AXIS2_PLACEMENT_3D('',#17966,#14562,#14563);
#13044=AXIS2_PLACEMENT_3D('',#17968,#14565,#14566);
#13045=AXIS2_PLACEMENT_3D('',#17970,#14568,#14569);
#13046=AXIS2_PLACEMENT_3D('',#17972,#14571,#14572);
#13047=AXIS2_PLACEMENT_3D('',#17974,#14574,#14575);
#13048=AXIS2_PLACEMENT_3D('',#17976,#14577,#14578);
#13049=AXIS2_PLACEMENT_3D('',#17978,#14580,#14581);
#13050=AXIS2_PLACEMENT_3D('',#17979,#14582,#14583);
#13051=AXIS2_PLACEMENT_3D('',#17982,#14586,#14587);
#13052=AXIS2_PLACEMENT_3D('',#17987,#14588,#14589);
#13053=AXIS2_PLACEMENT_3D('',#17990,#14591,#14592);
#13054=AXIS2_PLACEMENT_3D('',#17993,#14594,#14595);
#13055=AXIS2_PLACEMENT_3D('',#17999,#14597,#14598);
#13056=AXIS2_PLACEMENT_3D('',#18001,#14600,#14601);
#13057=AXIS2_PLACEMENT_3D('',#18004,#14603,#14604);
#13058=AXIS2_PLACEMENT_3D('',#18007,#14606,#14607);
#13059=AXIS2_PLACEMENT_3D('',#18012,#14608,#14609);
#13060=AXIS2_PLACEMENT_3D('',#18013,#14610,#14611);
#13061=AXIS2_PLACEMENT_3D('',#18016,#14613,#14614);
#13062=AXIS2_PLACEMENT_3D('',#18019,#14616,#14617);
#13063=AXIS2_PLACEMENT_3D('',#18025,#14619,#14620);
#13064=AXIS2_PLACEMENT_3D('',#18027,#14622,#14623);
#13065=AXIS2_PLACEMENT_3D('',#18028,#14624,#14625);
#13066=AXIS2_PLACEMENT_3D('',#18032,#14627,#14628);
#13067=AXIS2_PLACEMENT_3D('',#18033,#14629,#14630);
#13068=AXIS2_PLACEMENT_3D('',#18035,#14632,#14633);
#13069=AXIS2_PLACEMENT_3D('',#18037,#14635,#14636);
#13070=AXIS2_PLACEMENT_3D('',#18042,#14637,#14638);
#13071=AXIS2_PLACEMENT_3D('',#18044,#14640,#14641);
#13072=AXIS2_PLACEMENT_3D('',#18049,#14642,#14643);
#13073=AXIS2_PLACEMENT_3D('',#18054,#14644,#14645);
#13074=AXIS2_PLACEMENT_3D('',#18056,#14647,#14648);
#13075=AXIS2_PLACEMENT_3D('',#18061,#14649,#14650);
#13076=AXIS2_PLACEMENT_3D('',#18062,#14651,#14652);
#13077=AXIS2_PLACEMENT_3D('',#18063,#14653,#14654);
#13078=AXIS2_PLACEMENT_3D('',#18064,#14655,#14656);
#13079=AXIS2_PLACEMENT_3D('',#18065,#14657,#14658);
#13080=AXIS2_PLACEMENT_3D('',#18066,#14659,#14660);
#13081=AXIS2_PLACEMENT_3D('',#18067,#14661,#14662);
#13082=AXIS2_PLACEMENT_3D('',#18068,#14663,#14664);
#13083=AXIS2_PLACEMENT_3D('',#18070,#14665,#14666);
#13084=AXIS2_PLACEMENT_3D('',#18071,#14667,#14668);
#13085=AXIS2_PLACEMENT_3D('',#18073,#14669,#14670);
#13086=AXIS2_PLACEMENT_3D('',#18074,#14671,#14672);
#13087=AXIS2_PLACEMENT_3D('',#18076,#14673,#14674);
#13088=AXIS2_PLACEMENT_3D('',#18077,#14675,#14676);
#13089=AXIS2_PLACEMENT_3D('',#18079,#14677,#14678);
#13090=AXIS2_PLACEMENT_3D('',#18080,#14679,#14680);
#13091=AXIS2_PLACEMENT_3D('',#18082,#14681,#14682);
#13092=AXIS2_PLACEMENT_3D('',#18083,#14683,#14684);
#13093=AXIS2_PLACEMENT_3D('',#18085,#14685,#14686);
#13094=AXIS2_PLACEMENT_3D('',#18086,#14687,#14688);
#13095=AXIS2_PLACEMENT_3D('',#18088,#14689,#14690);
#13096=AXIS2_PLACEMENT_3D('',#18089,#14691,#14692);
#13097=AXIS2_PLACEMENT_3D('',#18091,#14693,#14694);
#13098=AXIS2_PLACEMENT_3D('',#18092,#14695,#14696);
#13099=AXIS2_PLACEMENT_3D('',#18093,#14697,#14698);
#13100=AXIS2_PLACEMENT_3D('',#18095,#14699,#14700);
#13101=AXIS2_PLACEMENT_3D('',#18096,#14701,#14702);
#13102=AXIS2_PLACEMENT_3D('',#18098,#14703,#14704);
#13103=AXIS2_PLACEMENT_3D('',#18099,#14705,#14706);
#13104=AXIS2_PLACEMENT_3D('',#18101,#14707,#14708);
#13105=AXIS2_PLACEMENT_3D('',#18102,#14709,#14710);
#13106=AXIS2_PLACEMENT_3D('',#18104,#14711,#14712);
#13107=AXIS2_PLACEMENT_3D('',#18105,#14713,#14714);
#13108=AXIS2_PLACEMENT_3D('',#18107,#14715,#14716);
#13109=AXIS2_PLACEMENT_3D('',#18108,#14717,#14718);
#13110=AXIS2_PLACEMENT_3D('',#18110,#14719,#14720);
#13111=AXIS2_PLACEMENT_3D('',#18111,#14721,#14722);
#13112=AXIS2_PLACEMENT_3D('',#18112,#14723,#14724);
#13113=AXIS2_PLACEMENT_3D('',#18114,#14725,#14726);
#13114=AXIS2_PLACEMENT_3D('',#18115,#14727,#14728);
#13115=AXIS2_PLACEMENT_3D('',#18116,#14729,#14730);
#13116=AXIS2_PLACEMENT_3D('',#18118,#14731,#14732);
#13117=AXIS2_PLACEMENT_3D('',#18119,#14733,#14734);
#13118=AXIS2_PLACEMENT_3D('',#18120,#14735,#14736);
#13119=AXIS2_PLACEMENT_3D('',#18122,#14737,#14738);
#13120=AXIS2_PLACEMENT_3D('',#18123,#14739,#14740);
#13121=AXIS2_PLACEMENT_3D('',#18124,#14741,#14742);
#13122=AXIS2_PLACEMENT_3D('',#18126,#14743,#14744);
#13123=AXIS2_PLACEMENT_3D('',#18127,#14745,#14746);
#13124=AXIS2_PLACEMENT_3D('',#18133,#14750,#14751);
#13125=AXIS2_PLACEMENT_3D('',#18136,#14753,#14754);
#13126=AXIS2_PLACEMENT_3D('',#18137,#14755,#14756);
#13127=AXIS2_PLACEMENT_3D('',#18140,#14758,#14759);
#13128=AXIS2_PLACEMENT_3D('',#18141,#14760,#14761);
#13129=AXIS2_PLACEMENT_3D('',#18144,#14763,#14764);
#13130=AXIS2_PLACEMENT_3D('',#18145,#14765,#14766);
#13131=AXIS2_PLACEMENT_3D('',#18149,#14769,#14770);
#13132=AXIS2_PLACEMENT_3D('',#18152,#14772,#14773);
#13133=AXIS2_PLACEMENT_3D('',#18153,#14774,#14775);
#13134=AXIS2_PLACEMENT_3D('',#18156,#14777,#14778);
#13135=AXIS2_PLACEMENT_3D('',#18157,#14779,#14780);
#13136=AXIS2_PLACEMENT_3D('',#18160,#14782,#14783);
#13137=AXIS2_PLACEMENT_3D('',#18161,#14784,#14785);
#13138=AXIS2_PLACEMENT_3D('',#18165,#14788,#14789);
#13139=AXIS2_PLACEMENT_3D('',#18168,#14791,#14792);
#13140=AXIS2_PLACEMENT_3D('',#18169,#14793,#14794);
#13141=AXIS2_PLACEMENT_3D('',#18172,#14796,#14797);
#13142=AXIS2_PLACEMENT_3D('',#18173,#14798,#14799);
#13143=AXIS2_PLACEMENT_3D('',#18176,#14801,#14802);
#13144=AXIS2_PLACEMENT_3D('',#18177,#14803,#14804);
#13145=AXIS2_PLACEMENT_3D('',#18181,#14807,#14808);
#13146=AXIS2_PLACEMENT_3D('',#18184,#14810,#14811);
#13147=AXIS2_PLACEMENT_3D('',#18185,#14812,#14813);
#13148=AXIS2_PLACEMENT_3D('',#18188,#14815,#14816);
#13149=AXIS2_PLACEMENT_3D('',#18189,#14817,#14818);
#13150=AXIS2_PLACEMENT_3D('',#18190,#14819,#14820);
#13151=AXIS2_PLACEMENT_3D('',#18191,#14821,#14822);
#13152=AXIS2_PLACEMENT_3D('',#18195,#14824,#14825);
#13153=AXIS2_PLACEMENT_3D('',#18197,#14826,#14827);
#13154=AXIS2_PLACEMENT_3D('',#18199,#14828,#14829);
#13155=AXIS2_PLACEMENT_3D('',#18203,#14831,#14832);
#13156=AXIS2_PLACEMENT_3D('',#18205,#14833,#14834);
#13157=AXIS2_PLACEMENT_3D('',#18207,#14835,#14836);
#13158=AXIS2_PLACEMENT_3D('',#18211,#14838,#14839);
#13159=AXIS2_PLACEMENT_3D('',#18213,#14840,#14841);
#13160=AXIS2_PLACEMENT_3D('',#18215,#14842,#14843);
#13161=AXIS2_PLACEMENT_3D('',#18219,#14845,#14846);
#13162=AXIS2_PLACEMENT_3D('',#18221,#14847,#14848);
#13163=AXIS2_PLACEMENT_3D('',#18223,#14849,#14850);
#13164=AXIS2_PLACEMENT_3D('',#18224,#14851,#14852);
#13165=AXIS2_PLACEMENT_3D('',#18230,#14856,#14857);
#13166=AXIS2_PLACEMENT_3D('',#18231,#14858,#14859);
#13167=AXIS2_PLACEMENT_3D('',#18234,#14861,#14862);
#13168=AXIS2_PLACEMENT_3D('',#18235,#14863,#14864);
#13169=AXIS2_PLACEMENT_3D('',#18238,#14866,#14867);
#13170=AXIS2_PLACEMENT_3D('',#18239,#14868,#14869);
#13171=AXIS2_PLACEMENT_3D('',#18242,#14871,#14872);
#13172=AXIS2_PLACEMENT_3D('',#18246,#14875,#14876);
#13173=AXIS2_PLACEMENT_3D('',#18247,#14877,#14878);
#13174=AXIS2_PLACEMENT_3D('',#18250,#14880,#14881);
#13175=AXIS2_PLACEMENT_3D('',#18251,#14882,#14883);
#13176=AXIS2_PLACEMENT_3D('',#18254,#14885,#14886);
#13177=AXIS2_PLACEMENT_3D('',#18255,#14887,#14888);
#13178=AXIS2_PLACEMENT_3D('',#18258,#14890,#14891);
#13179=AXIS2_PLACEMENT_3D('',#18262,#14894,#14895);
#13180=AXIS2_PLACEMENT_3D('',#18263,#14896,#14897);
#13181=AXIS2_PLACEMENT_3D('',#18266,#14899,#14900);
#13182=AXIS2_PLACEMENT_3D('',#18267,#14901,#14902);
#13183=AXIS2_PLACEMENT_3D('',#18270,#14904,#14905);
#13184=AXIS2_PLACEMENT_3D('',#18271,#14906,#14907);
#13185=AXIS2_PLACEMENT_3D('',#18274,#14909,#14910);
#13186=AXIS2_PLACEMENT_3D('',#18278,#14913,#14914);
#13187=AXIS2_PLACEMENT_3D('',#18279,#14915,#14916);
#13188=AXIS2_PLACEMENT_3D('',#18282,#14918,#14919);
#13189=AXIS2_PLACEMENT_3D('',#18283,#14920,#14921);
#13190=AXIS2_PLACEMENT_3D('',#18286,#14923,#14924);
#13191=AXIS2_PLACEMENT_3D('',#18287,#14925,#14926);
#13192=AXIS2_PLACEMENT_3D('',#18292,#14928,#14929);
#13193=AXIS2_PLACEMENT_3D('',#18295,#14931,#14932);
#13194=AXIS2_PLACEMENT_3D('',#18301,#14936,#14937);
#13195=AXIS2_PLACEMENT_3D('',#18302,#14938,#14939);
#13196=AXIS2_PLACEMENT_3D('',#18304,#14940,#14941);
#13197=AXIS2_PLACEMENT_3D('',#18307,#14943,#14944);
#13198=AXIS2_PLACEMENT_3D('',#18313,#14948,#14949);
#13199=AXIS2_PLACEMENT_3D('',#18314,#14950,#14951);
#13200=AXIS2_PLACEMENT_3D('',#18316,#14952,#14953);
#13201=AXIS2_PLACEMENT_3D('',#18319,#14955,#14956);
#13202=AXIS2_PLACEMENT_3D('',#18325,#14960,#14961);
#13203=AXIS2_PLACEMENT_3D('',#18326,#14962,#14963);
#13204=AXIS2_PLACEMENT_3D('',#18328,#14964,#14965);
#13205=AXIS2_PLACEMENT_3D('',#18331,#14967,#14968);
#13206=AXIS2_PLACEMENT_3D('',#18334,#14971,#14972);
#13207=AXIS2_PLACEMENT_3D('',#18335,#14973,#14974);
#13208=AXIS2_PLACEMENT_3D('',#18336,#14975,#14976);
#13209=AXIS2_PLACEMENT_3D('',#18337,#14977,#14978);
#13210=AXIS2_PLACEMENT_3D('',#18458,#15039,#15040);
#13211=AXIS2_PLACEMENT_3D('',#18464,#15044,#15045);
#13212=AXIS2_PLACEMENT_3D('',#18468,#15048,#15049);
#13213=AXIS2_PLACEMENT_3D('',#18472,#15052,#15053);
#13214=AXIS2_PLACEMENT_3D('',#18476,#15056,#15057);
#13215=AXIS2_PLACEMENT_3D('',#18480,#15060,#15061);
#13216=AXIS2_PLACEMENT_3D('',#18484,#15064,#15065);
#13217=AXIS2_PLACEMENT_3D('',#18488,#15068,#15069);
#13218=AXIS2_PLACEMENT_3D('',#18492,#15072,#15073);
#13219=AXIS2_PLACEMENT_3D('',#18496,#15076,#15077);
#13220=AXIS2_PLACEMENT_3D('',#18500,#15080,#15081);
#13221=AXIS2_PLACEMENT_3D('',#18504,#15084,#15085);
#13222=AXIS2_PLACEMENT_3D('',#18508,#15088,#15089);
#13223=AXIS2_PLACEMENT_3D('',#18512,#15092,#15093);
#13224=AXIS2_PLACEMENT_3D('',#18516,#15096,#15097);
#13225=AXIS2_PLACEMENT_3D('',#18520,#15100,#15101);
#13226=AXIS2_PLACEMENT_3D('',#18524,#15104,#15105);
#13227=AXIS2_PLACEMENT_3D('',#18528,#15108,#15109);
#13228=AXIS2_PLACEMENT_3D('',#18532,#15112,#15113);
#13229=AXIS2_PLACEMENT_3D('',#18536,#15116,#15117);
#13230=AXIS2_PLACEMENT_3D('',#18540,#15120,#15121);
#13231=AXIS2_PLACEMENT_3D('',#18544,#15124,#15125);
#13232=AXIS2_PLACEMENT_3D('',#18548,#15128,#15129);
#13233=AXIS2_PLACEMENT_3D('',#18552,#15132,#15133);
#13234=AXIS2_PLACEMENT_3D('',#18556,#15136,#15137);
#13235=AXIS2_PLACEMENT_3D('',#18560,#15140,#15141);
#13236=AXIS2_PLACEMENT_3D('',#18564,#15144,#15145);
#13237=AXIS2_PLACEMENT_3D('',#18568,#15148,#15149);
#13238=AXIS2_PLACEMENT_3D('',#18572,#15152,#15153);
#13239=AXIS2_PLACEMENT_3D('',#18576,#15156,#15157);
#13240=AXIS2_PLACEMENT_3D('',#18580,#15160,#15161);
#13241=AXIS2_PLACEMENT_3D('',#18584,#15164,#15165);
#13242=AXIS2_PLACEMENT_3D('',#18588,#15168,#15169);
#13243=AXIS2_PLACEMENT_3D('',#18592,#15172,#15173);
#13244=AXIS2_PLACEMENT_3D('',#18596,#15176,#15177);
#13245=AXIS2_PLACEMENT_3D('',#18600,#15180,#15181);
#13246=AXIS2_PLACEMENT_3D('',#18604,#15184,#15185);
#13247=AXIS2_PLACEMENT_3D('',#18608,#15188,#15189);
#13248=AXIS2_PLACEMENT_3D('',#18612,#15192,#15193);
#13249=AXIS2_PLACEMENT_3D('',#18616,#15196,#15197);
#13250=AXIS2_PLACEMENT_3D('',#18620,#15200,#15201);
#13251=AXIS2_PLACEMENT_3D('',#18624,#15204,#15205);
#13252=AXIS2_PLACEMENT_3D('',#18628,#15208,#15209);
#13253=AXIS2_PLACEMENT_3D('',#18632,#15212,#15213);
#13254=AXIS2_PLACEMENT_3D('',#18636,#15216,#15217);
#13255=AXIS2_PLACEMENT_3D('',#18640,#15220,#15221);
#13256=AXIS2_PLACEMENT_3D('',#18644,#15224,#15225);
#13257=AXIS2_PLACEMENT_3D('',#18648,#15228,#15229);
#13258=AXIS2_PLACEMENT_3D('',#18652,#15232,#15233);
#13259=AXIS2_PLACEMENT_3D('',#18656,#15236,#15237);
#13260=AXIS2_PLACEMENT_3D('',#18660,#15240,#15241);
#13261=AXIS2_PLACEMENT_3D('',#18664,#15244,#15245);
#13262=AXIS2_PLACEMENT_3D('',#18668,#15248,#15249);
#13263=AXIS2_PLACEMENT_3D('',#18672,#15252,#15253);
#13264=AXIS2_PLACEMENT_3D('',#18676,#15256,#15257);
#13265=AXIS2_PLACEMENT_3D('',#18680,#15260,#15261);
#13266=AXIS2_PLACEMENT_3D('',#18684,#15264,#15265);
#13267=AXIS2_PLACEMENT_3D('',#18688,#15268,#15269);
#13268=AXIS2_PLACEMENT_3D('',#18692,#15272,#15273);
#13269=AXIS2_PLACEMENT_3D('',#18696,#15276,#15277);
#13270=AXIS2_PLACEMENT_3D('',#18697,#15278,#15279);
#13271=AXIS2_PLACEMENT_3D('',#18699,#15280,#15281);
#13272=AXIS2_PLACEMENT_3D('',#18701,#15282,#15283);
#13273=AXIS2_PLACEMENT_3D('',#18702,#15284,#15285);
#13274=AXIS2_PLACEMENT_3D('',#18704,#15286,#15287);
#13275=AXIS2_PLACEMENT_3D('',#18706,#15288,#15289);
#13276=AXIS2_PLACEMENT_3D('',#18707,#15290,#15291);
#13277=AXIS2_PLACEMENT_3D('',#18709,#15292,#15293);
#13278=AXIS2_PLACEMENT_3D('',#18711,#15294,#15295);
#13279=AXIS2_PLACEMENT_3D('',#18712,#15296,#15297);
#13280=AXIS2_PLACEMENT_3D('',#18714,#15298,#15299);
#13281=AXIS2_PLACEMENT_3D('',#18716,#15300,#15301);
#13282=AXIS2_PLACEMENT_3D('',#18717,#15302,#15303);
#13283=AXIS2_PLACEMENT_3D('',#18719,#15304,#15305);
#13284=AXIS2_PLACEMENT_3D('',#18721,#15306,#15307);
#13285=AXIS2_PLACEMENT_3D('',#18722,#15308,#15309);
#13286=AXIS2_PLACEMENT_3D('',#18724,#15310,#15311);
#13287=AXIS2_PLACEMENT_3D('',#18726,#15312,#15313);
#13288=AXIS2_PLACEMENT_3D('',#18727,#15314,#15315);
#13289=AXIS2_PLACEMENT_3D('',#18729,#15316,#15317);
#13290=AXIS2_PLACEMENT_3D('',#18731,#15318,#15319);
#13291=AXIS2_PLACEMENT_3D('',#18732,#15320,#15321);
#13292=AXIS2_PLACEMENT_3D('',#18734,#15322,#15323);
#13293=AXIS2_PLACEMENT_3D('',#18736,#15324,#15325);
#13294=AXIS2_PLACEMENT_3D('',#18737,#15326,#15327);
#13295=AXIS2_PLACEMENT_3D('',#18739,#15328,#15329);
#13296=AXIS2_PLACEMENT_3D('',#18741,#15330,#15331);
#13297=AXIS2_PLACEMENT_3D('',#18742,#15332,#15333);
#13298=AXIS2_PLACEMENT_3D('',#18744,#15334,#15335);
#13299=AXIS2_PLACEMENT_3D('',#18746,#15336,#15337);
#13300=AXIS2_PLACEMENT_3D('',#18747,#15338,#15339);
#13301=AXIS2_PLACEMENT_3D('',#18749,#15340,#15341);
#13302=AXIS2_PLACEMENT_3D('',#18751,#15342,#15343);
#13303=AXIS2_PLACEMENT_3D('',#18752,#15344,#15345);
#13304=AXIS2_PLACEMENT_3D('',#18754,#15346,#15347);
#13305=AXIS2_PLACEMENT_3D('',#18756,#15348,#15349);
#13306=AXIS2_PLACEMENT_3D('',#18757,#15350,#15351);
#13307=AXIS2_PLACEMENT_3D('',#18759,#15352,#15353);
#13308=AXIS2_PLACEMENT_3D('',#18761,#15354,#15355);
#13309=AXIS2_PLACEMENT_3D('',#18762,#15356,#15357);
#13310=AXIS2_PLACEMENT_3D('',#18764,#15358,#15359);
#13311=AXIS2_PLACEMENT_3D('',#18766,#15360,#15361);
#13312=AXIS2_PLACEMENT_3D('',#18768,#15363,#15364);
#13313=AXIS2_PLACEMENT_3D('',#18769,#15365,#15366);
#13314=AXIS2_PLACEMENT_3D('',#18770,#15367,#15368);
#13315=AXIS2_PLACEMENT_3D('',#18772,#15369,#15370);
#13316=AXIS2_PLACEMENT_3D('',#18773,#15371,#15372);
#13317=AXIS2_PLACEMENT_3D('',#18775,#15373,#15374);
#13318=AXIS2_PLACEMENT_3D('',#18776,#15375,#15376);
#13319=AXIS2_PLACEMENT_3D('',#18778,#15377,#15378);
#13320=AXIS2_PLACEMENT_3D('',#18779,#15379,#15380);
#13321=AXIS2_PLACEMENT_3D('',#18781,#15381,#15382);
#13322=AXIS2_PLACEMENT_3D('',#18782,#15383,#15384);
#13323=AXIS2_PLACEMENT_3D('',#18784,#15385,#15386);
#13324=AXIS2_PLACEMENT_3D('',#18785,#15387,#15388);
#13325=AXIS2_PLACEMENT_3D('',#18787,#15389,#15390);
#13326=AXIS2_PLACEMENT_3D('',#18788,#15391,#15392);
#13327=AXIS2_PLACEMENT_3D('',#18790,#15393,#15394);
#13328=AXIS2_PLACEMENT_3D('',#18791,#15395,#15396);
#13329=AXIS2_PLACEMENT_3D('',#18793,#15397,#15398);
#13330=AXIS2_PLACEMENT_3D('',#18794,#15399,#15400);
#13331=AXIS2_PLACEMENT_3D('',#18796,#15401,#15402);
#13332=AXIS2_PLACEMENT_3D('',#18797,#15403,#15404);
#13333=AXIS2_PLACEMENT_3D('',#18799,#15405,#15406);
#13334=AXIS2_PLACEMENT_3D('',#18800,#15407,#15408);
#13335=AXIS2_PLACEMENT_3D('',#18802,#15409,#15410);
#13336=AXIS2_PLACEMENT_3D('',#18803,#15411,#15412);
#13337=AXIS2_PLACEMENT_3D('',#18805,#15413,#15414);
#13338=AXIS2_PLACEMENT_3D('',#18806,#15415,#15416);
#13339=AXIS2_PLACEMENT_3D('',#18808,#15417,#15418);
#13340=AXIS2_PLACEMENT_3D('',#18809,#15419,#15420);
#13341=AXIS2_PLACEMENT_3D('',#18811,#15421,#15422);
#13342=AXIS2_PLACEMENT_3D('',#18812,#15423,#15424);
#13343=AXIS2_PLACEMENT_3D('',#18814,#15425,#15426);
#13344=AXIS2_PLACEMENT_3D('',#18815,#15427,#15428);
#13345=AXIS2_PLACEMENT_3D('',#18816,#15429,#15430);
#13346=AXIS2_PLACEMENT_3D('',#18818,#15431,#15432);
#13347=AXIS2_PLACEMENT_3D('',#18819,#15433,#15434);
#13348=AXIS2_PLACEMENT_3D('',#18820,#15435,#15436);
#13349=AXIS2_PLACEMENT_3D('',#18822,#15437,#15438);
#13350=AXIS2_PLACEMENT_3D('',#18823,#15439,#15440);
#13351=AXIS2_PLACEMENT_3D('',#18824,#15441,#15442);
#13352=AXIS2_PLACEMENT_3D('',#18826,#15443,#15444);
#13353=AXIS2_PLACEMENT_3D('',#18827,#15445,#15446);
#13354=AXIS2_PLACEMENT_3D('',#18828,#15447,#15448);
#13355=AXIS2_PLACEMENT_3D('',#18830,#15449,#15450);
#13356=AXIS2_PLACEMENT_3D('',#18831,#15451,#15452);
#13357=AXIS2_PLACEMENT_3D('',#18832,#15453,#15454);
#13358=AXIS2_PLACEMENT_3D('',#18834,#15455,#15456);
#13359=AXIS2_PLACEMENT_3D('',#18835,#15457,#15458);
#13360=AXIS2_PLACEMENT_3D('',#18836,#15459,#15460);
#13361=AXIS2_PLACEMENT_3D('',#18838,#15461,#15462);
#13362=AXIS2_PLACEMENT_3D('',#18839,#15463,#15464);
#13363=AXIS2_PLACEMENT_3D('',#18840,#15465,#15466);
#13364=AXIS2_PLACEMENT_3D('',#18842,#15467,#15468);
#13365=AXIS2_PLACEMENT_3D('',#18843,#15469,#15470);
#13366=AXIS2_PLACEMENT_3D('',#18844,#15471,#15472);
#13367=AXIS2_PLACEMENT_3D('',#18846,#15473,#15474);
#13368=AXIS2_PLACEMENT_3D('',#18847,#15475,#15476);
#13369=AXIS2_PLACEMENT_3D('',#18848,#15477,#15478);
#13370=AXIS2_PLACEMENT_3D('',#18850,#15479,#15480);
#13371=AXIS2_PLACEMENT_3D('',#18851,#15481,#15482);
#13372=AXIS2_PLACEMENT_3D('',#18852,#15483,#15484);
#13373=AXIS2_PLACEMENT_3D('',#18854,#15485,#15486);
#13374=AXIS2_PLACEMENT_3D('',#18855,#15487,#15488);
#13375=AXIS2_PLACEMENT_3D('',#18856,#15489,#15490);
#13376=AXIS2_PLACEMENT_3D('',#18858,#15491,#15492);
#13377=AXIS2_PLACEMENT_3D('',#18859,#15493,#15494);
#13378=AXIS2_PLACEMENT_3D('',#18860,#15495,#15496);
#13379=AXIS2_PLACEMENT_3D('',#18862,#15497,#15498);
#13380=AXIS2_PLACEMENT_3D('',#18863,#15499,#15500);
#13381=AXIS2_PLACEMENT_3D('',#18864,#15501,#15502);
#13382=AXIS2_PLACEMENT_3D('',#18866,#15503,#15504);
#13383=AXIS2_PLACEMENT_3D('',#18867,#15505,#15506);
#13384=AXIS2_PLACEMENT_3D('',#18868,#15507,#15508);
#13385=AXIS2_PLACEMENT_3D('',#18870,#15509,#15510);
#13386=AXIS2_PLACEMENT_3D('',#18871,#15511,#15512);
#13387=AXIS2_PLACEMENT_3D('',#18872,#15513,#15514);
#13388=AXIS2_PLACEMENT_3D('',#18874,#15515,#15516);
#13389=AXIS2_PLACEMENT_3D('',#18875,#15517,#15518);
#13390=AXIS2_PLACEMENT_3D('',#18876,#15519,#15520);
#13391=AXIS2_PLACEMENT_3D('',#18877,#15521,#15522);
#13392=AXIS2_PLACEMENT_3D('',#18878,#15523,#15524);
#13393=AXIS2_PLACEMENT_3D('',#18880,#15525,#15526);
#13394=AXIS2_PLACEMENT_3D('',#18881,#15527,#15528);
#13395=AXIS2_PLACEMENT_3D('',#18882,#15529,#15530);
#13396=AXIS2_PLACEMENT_3D('',#18883,#15531,#15532);
#13397=AXIS2_PLACEMENT_3D('',#18884,#15533,#15534);
#13398=AXIS2_PLACEMENT_3D('',#18886,#15535,#15536);
#13399=AXIS2_PLACEMENT_3D('',#18887,#15537,#15538);
#13400=AXIS2_PLACEMENT_3D('',#18888,#15539,#15540);
#13401=AXIS2_PLACEMENT_3D('',#18890,#15541,#15542);
#13402=AXIS2_PLACEMENT_3D('',#18891,#15543,#15544);
#13403=AXIS2_PLACEMENT_3D('',#18893,#15545,#15546);
#13404=AXIS2_PLACEMENT_3D('',#18894,#15547,#15548);
#13405=AXIS2_PLACEMENT_3D('',#18896,#15549,#15550);
#13406=AXIS2_PLACEMENT_3D('',#18897,#15551,#15552);
#13407=AXIS2_PLACEMENT_3D('',#18899,#15553,#15554);
#13408=AXIS2_PLACEMENT_3D('',#18900,#15555,#15556);
#13409=AXIS2_PLACEMENT_3D('',#18902,#15557,#15558);
#13410=AXIS2_PLACEMENT_3D('',#18903,#15559,#15560);
#13411=AXIS2_PLACEMENT_3D('',#18905,#15561,#15562);
#13412=AXIS2_PLACEMENT_3D('',#18906,#15563,#15564);
#13413=AXIS2_PLACEMENT_3D('',#18908,#15565,#15566);
#13414=AXIS2_PLACEMENT_3D('',#18909,#15567,#15568);
#13415=AXIS2_PLACEMENT_3D('',#18911,#15569,#15570);
#13416=AXIS2_PLACEMENT_3D('',#18912,#15571,#15572);
#13417=AXIS2_PLACEMENT_3D('',#18913,#15573,#15574);
#13418=AXIS2_PLACEMENT_3D('',#18914,#15575,#15576);
#13419=AXIS2_PLACEMENT_3D('',#18915,#15577,#15578);
#13420=AXIS2_PLACEMENT_3D('',#18917,#15579,#15580);
#13421=AXIS2_PLACEMENT_3D('',#18918,#15581,#15582);
#13422=AXIS2_PLACEMENT_3D('',#18920,#15583,#15584);
#13423=AXIS2_PLACEMENT_3D('',#18921,#15585,#15586);
#13424=AXIS2_PLACEMENT_3D('',#18923,#15587,#15588);
#13425=AXIS2_PLACEMENT_3D('',#18924,#15589,#15590);
#13426=AXIS2_PLACEMENT_3D('',#18926,#15591,#15592);
#13427=AXIS2_PLACEMENT_3D('',#18927,#15593,#15594);
#13428=AXIS2_PLACEMENT_3D('',#18929,#15595,#15596);
#13429=AXIS2_PLACEMENT_3D('',#18930,#15597,#15598);
#13430=AXIS2_PLACEMENT_3D('',#18932,#15599,#15600);
#13431=AXIS2_PLACEMENT_3D('',#18933,#15601,#15602);
#13432=AXIS2_PLACEMENT_3D('',#18935,#15603,#15604);
#13433=AXIS2_PLACEMENT_3D('',#18936,#15605,#15606);
#13434=AXIS2_PLACEMENT_3D('',#18938,#15607,#15608);
#13435=AXIS2_PLACEMENT_3D('',#18939,#15609,#15610);
#13436=AXIS2_PLACEMENT_3D('',#18940,#15611,#15612);
#13437=AXIS2_PLACEMENT_3D('',#18941,#15613,#15614);
#13438=AXIS2_PLACEMENT_3D('',#18942,#15615,#15616);
#13439=AXIS2_PLACEMENT_3D('',#18944,#15617,#15618);
#13440=AXIS2_PLACEMENT_3D('',#18945,#15619,#15620);
#13441=AXIS2_PLACEMENT_3D('',#18947,#15621,#15622);
#13442=AXIS2_PLACEMENT_3D('',#18948,#15623,#15624);
#13443=AXIS2_PLACEMENT_3D('',#18950,#15625,#15626);
#13444=AXIS2_PLACEMENT_3D('',#18952,#15627,#15628);
#13445=AXIS2_PLACEMENT_3D('',#18953,#15629,#15630);
#13446=AXIS2_PLACEMENT_3D('',#18954,#15631,#15632);
#13447=AXIS2_PLACEMENT_3D('',#18956,#15633,#15634);
#13448=AXIS2_PLACEMENT_3D('',#18957,#15635,#15636);
#13449=AXIS2_PLACEMENT_3D('',#18959,#15637,#15638);
#13450=AXIS2_PLACEMENT_3D('',#18960,#15639,#15640);
#13451=AXIS2_PLACEMENT_3D('',#18962,#15641,#15642);
#13452=AXIS2_PLACEMENT_3D('',#18964,#15643,#15644);
#13453=AXIS2_PLACEMENT_3D('',#18965,#15645,#15646);
#13454=AXIS2_PLACEMENT_3D('',#18966,#15647,#15648);
#13455=AXIS2_PLACEMENT_3D('',#18968,#15649,#15650);
#13456=AXIS2_PLACEMENT_3D('',#18969,#15651,#15652);
#13457=AXIS2_PLACEMENT_3D('',#18971,#15653,#15654);
#13458=AXIS2_PLACEMENT_3D('',#18972,#15655,#15656);
#13459=AXIS2_PLACEMENT_3D('',#18973,#15657,#15658);
#13460=AXIS2_PLACEMENT_3D('',#18975,#15659,#15660);
#13461=AXIS2_PLACEMENT_3D('',#18976,#15661,#15662);
#13462=AXIS2_PLACEMENT_3D('',#18978,#15663,#15664);
#13463=AXIS2_PLACEMENT_3D('',#18979,#15665,#15666);
#13464=AXIS2_PLACEMENT_3D('',#18980,#15667,#15668);
#13465=AXIS2_PLACEMENT_3D('',#18982,#15669,#15670);
#13466=AXIS2_PLACEMENT_3D('',#18983,#15671,#15672);
#13467=AXIS2_PLACEMENT_3D('',#18985,#15673,#15674);
#13468=AXIS2_PLACEMENT_3D('',#18986,#15675,#15676);
#13469=AXIS2_PLACEMENT_3D('',#18987,#15677,#15678);
#13470=AXIS2_PLACEMENT_3D('',#18989,#15679,#15680);
#13471=AXIS2_PLACEMENT_3D('',#18990,#15681,#15682);
#13472=AXIS2_PLACEMENT_3D('',#18992,#15683,#15684);
#13473=AXIS2_PLACEMENT_3D('',#18993,#15685,#15686);
#13474=AXIS2_PLACEMENT_3D('',#18994,#15687,#15688);
#13475=AXIS2_PLACEMENT_3D('',#18996,#15689,#15690);
#13476=AXIS2_PLACEMENT_3D('',#18997,#15691,#15692);
#13477=AXIS2_PLACEMENT_3D('',#18999,#15693,#15694);
#13478=AXIS2_PLACEMENT_3D('',#19000,#15695,#15696);
#13479=AXIS2_PLACEMENT_3D('',#19001,#15697,#15698);
#13480=AXIS2_PLACEMENT_3D('',#19003,#15699,#15700);
#13481=AXIS2_PLACEMENT_3D('',#19004,#15701,#15702);
#13482=AXIS2_PLACEMENT_3D('',#19006,#15703,#15704);
#13483=AXIS2_PLACEMENT_3D('',#19007,#15705,#15706);
#13484=AXIS2_PLACEMENT_3D('',#19009,#15707,#15708);
#13485=AXIS2_PLACEMENT_3D('',#19010,#15709,#15710);
#13486=AXIS2_PLACEMENT_3D('',#19012,#15711,#15712);
#13487=AXIS2_PLACEMENT_3D('',#19013,#15713,#15714);
#13488=AXIS2_PLACEMENT_3D('',#19014,#15715,#15716);
#13489=AXIS2_PLACEMENT_3D('',#19016,#15717,#15718);
#13490=AXIS2_PLACEMENT_3D('',#19017,#15719,#15720);
#13491=AXIS2_PLACEMENT_3D('',#19018,#15721,#15722);
#13492=AXIS2_PLACEMENT_3D('',#19019,#15723,#15724);
#13493=AXIS2_PLACEMENT_3D('',#19021,#15725,#15726);
#13494=AXIS2_PLACEMENT_3D('',#19022,#15727,#15728);
#13495=AXIS2_PLACEMENT_3D('',#19024,#15729,#15730);
#13496=AXIS2_PLACEMENT_3D('',#19025,#15731,#15732);
#13497=AXIS2_PLACEMENT_3D('',#19026,#15733,#15734);
#13498=AXIS2_PLACEMENT_3D('',#19027,#15735,#15736);
#13499=AXIS2_PLACEMENT_3D('',#19028,#15737,#15738);
#13500=AXIS2_PLACEMENT_3D('',#19030,#15739,#15740);
#13501=AXIS2_PLACEMENT_3D('',#19031,#15741,#15742);
#13502=AXIS2_PLACEMENT_3D('',#19032,#15743,#15744);
#13503=AXIS2_PLACEMENT_3D('',#19033,#15745,#15746);
#13504=AXIS2_PLACEMENT_3D('',#19035,#15747,#15748);
#13505=AXIS2_PLACEMENT_3D('',#19036,#15749,#15750);
#13506=AXIS2_PLACEMENT_3D('',#19038,#15751,#15752);
#13507=AXIS2_PLACEMENT_3D('',#19039,#15753,#15754);
#13508=AXIS2_PLACEMENT_3D('',#19040,#15755,#15756);
#13509=AXIS2_PLACEMENT_3D('',#19041,#15757,#15758);
#13510=AXIS2_PLACEMENT_3D('',#19042,#15759,#15760);
#13511=AXIS2_PLACEMENT_3D('',#19044,#15761,#15762);
#13512=AXIS2_PLACEMENT_3D('',#19045,#15763,#15764);
#13513=AXIS2_PLACEMENT_3D('',#19047,#15765,#15766);
#13514=AXIS2_PLACEMENT_3D('',#19048,#15767,#15768);
#13515=AXIS2_PLACEMENT_3D('',#19050,#15769,#15770);
#13516=AXIS2_PLACEMENT_3D('',#19052,#15771,#15772);
#13517=AXIS2_PLACEMENT_3D('',#19053,#15773,#15774);
#13518=AXIS2_PLACEMENT_3D('',#19055,#15775,#15776);
#13519=AXIS2_PLACEMENT_3D('',#19056,#15777,#15778);
#13520=AXIS2_PLACEMENT_3D('',#19058,#15779,#15780);
#13521=AXIS2_PLACEMENT_3D('',#19059,#15781,#15782);
#13522=AXIS2_PLACEMENT_3D('',#19061,#15783,#15784);
#13523=AXIS2_PLACEMENT_3D('',#19062,#15785,#15786);
#13524=AXIS2_PLACEMENT_3D('',#19064,#15787,#15788);
#13525=AXIS2_PLACEMENT_3D('',#19065,#15789,#15790);
#13526=AXIS2_PLACEMENT_3D('',#19071,#15794,#15795);
#13527=AXIS2_PLACEMENT_3D('',#19074,#15797,#15798);
#13528=AXIS2_PLACEMENT_3D('',#19075,#15799,#15800);
#13529=AXIS2_PLACEMENT_3D('',#19079,#15803,#15804);
#13530=AXIS2_PLACEMENT_3D('',#19082,#15806,#15807);
#13531=AXIS2_PLACEMENT_3D('',#19083,#15808,#15809);
#13532=AXIS2_PLACEMENT_3D('',#19087,#15812,#15813);
#13533=AXIS2_PLACEMENT_3D('',#19095,#15817,#15818);
#13534=AXIS2_PLACEMENT_3D('',#19096,#15819,#15820);
#13535=AXIS2_PLACEMENT_3D('',#19101,#15823,#15824);
#13536=AXIS2_PLACEMENT_3D('',#19102,#15825,#15826);
#13537=AXIS2_PLACEMENT_3D('',#19104,#15828,#15829);
#13538=AXIS2_PLACEMENT_3D('',#19105,#15830,#15831);
#13539=AXIS2_PLACEMENT_3D('',#19106,#15832,#15833);
#13540=AXIS2_PLACEMENT_3D('',#19107,#15834,#15835);
#13541=AXIS2_PLACEMENT_3D('',#19108,#15836,#15837);
#13542=AXIS2_PLACEMENT_3D('',#19109,#15838,#15839);
#13543=AXIS2_PLACEMENT_3D('',#19111,#15841,#15842);
#13544=AXIS2_PLACEMENT_3D('',#19112,#15843,#15844);
#13545=AXIS2_PLACEMENT_3D('',#19115,#15846,#15847);
#13546=AXIS2_PLACEMENT_3D('',#19116,#15848,#15849);
#13547=AXIS2_PLACEMENT_3D('',#19117,#15850,#15851);
#13548=AXIS2_PLACEMENT_3D('',#19119,#15852,#15853);
#13549=AXIS2_PLACEMENT_3D('',#19120,#15854,#15855);
#13550=AXIS2_PLACEMENT_3D('',#19122,#15856,#15857);
#13551=AXIS2_PLACEMENT_3D('',#19123,#15858,#15859);
#13552=AXIS2_PLACEMENT_3D('',#19125,#15860,#15861);
#13553=AXIS2_PLACEMENT_3D('',#19127,#15862,#15863);
#13554=AXIS2_PLACEMENT_3D('',#19129,#15865,#15866);
#13555=AXIS2_PLACEMENT_3D('',#19130,#15867,#15868);
#13556=AXIS2_PLACEMENT_3D('',#19133,#15870,#15871);
#13557=AXIS2_PLACEMENT_3D('',#19134,#15872,#15873);
#13558=AXIS2_PLACEMENT_3D('',#19135,#15874,#15875);
#13559=AXIS2_PLACEMENT_3D('',#19138,#15876,#15877);
#13560=AXIS2_PLACEMENT_3D('',#19139,#15878,#15879);
#13561=AXIS2_PLACEMENT_3D('',#19141,#15880,#15881);
#13562=AXIS2_PLACEMENT_3D('',#19142,#15882,#15883);
#13563=AXIS2_PLACEMENT_3D('',#19144,#15884,#15885);
#13564=AXIS2_PLACEMENT_3D('',#19145,#15886,#15887);
#13565=AXIS2_PLACEMENT_3D('',#19146,#15888,#15889);
#13566=AXIS2_PLACEMENT_3D('',#19147,#15890,#15891);
#13567=AXIS2_PLACEMENT_3D('',#19149,#15892,#15893);
#13568=AXIS2_PLACEMENT_3D('',#19151,#15894,#15895);
#13569=AXIS2_PLACEMENT_3D('',#19152,#15896,#15897);
#13570=AXIS2_PLACEMENT_3D('',#19154,#15898,#15899);
#13571=AXIS2_PLACEMENT_3D('',#19155,#15900,#15901);
#13572=AXIS2_PLACEMENT_3D('',#19157,#15902,#15903);
#13573=AXIS2_PLACEMENT_3D('',#19158,#15904,#15905);
#13574=AXIS2_PLACEMENT_3D('',#19160,#15906,#15907);
#13575=AXIS2_PLACEMENT_3D('',#19161,#15908,#15909);
#13576=AXIS2_PLACEMENT_3D('',#19163,#15910,#15911);
#13577=AXIS2_PLACEMENT_3D('',#19165,#15912,#15913);
#13578=AXIS2_PLACEMENT_3D('',#19167,#15914,#15915);
#13579=AXIS2_PLACEMENT_3D('',#19169,#15916,#15917);
#13580=AXIS2_PLACEMENT_3D('',#19171,#15918,#15919);
#13581=AXIS2_PLACEMENT_3D('',#19172,#15920,#15921);
#13582=AXIS2_PLACEMENT_3D('',#19174,#15922,#15923);
#13583=AXIS2_PLACEMENT_3D('',#19175,#15924,#15925);
#13584=AXIS2_PLACEMENT_3D('',#19177,#15926,#15927);
#13585=AXIS2_PLACEMENT_3D('',#19178,#15928,#15929);
#13586=AXIS2_PLACEMENT_3D('',#19180,#15930,#15931);
#13587=AXIS2_PLACEMENT_3D('',#19181,#15932,#15933);
#13588=AXIS2_PLACEMENT_3D('',#19183,#15934,#15935);
#13589=AXIS2_PLACEMENT_3D('',#19184,#15936,#15937);
#13590=AXIS2_PLACEMENT_3D('',#19185,#15938,#15939);
#13591=AXIS2_PLACEMENT_3D('',#19187,#15940,#15941);
#13592=AXIS2_PLACEMENT_3D('',#19188,#15942,#15943);
#13593=AXIS2_PLACEMENT_3D('',#19189,#15944,#15945);
#13594=AXIS2_PLACEMENT_3D('',#19191,#15946,#15947);
#13595=AXIS2_PLACEMENT_3D('',#19192,#15948,#15949);
#13596=AXIS2_PLACEMENT_3D('',#19193,#15950,#15951);
#13597=AXIS2_PLACEMENT_3D('',#19195,#15952,#15953);
#13598=AXIS2_PLACEMENT_3D('',#19196,#15954,#15955);
#13599=AXIS2_PLACEMENT_3D('',#19197,#15956,#15957);
#13600=AXIS2_PLACEMENT_3D('',#19199,#15958,#15959);
#13601=AXIS2_PLACEMENT_3D('',#19200,#15960,#15961);
#13602=AXIS2_PLACEMENT_3D('',#19201,#15962,#15963);
#13603=AXIS2_PLACEMENT_3D('',#19202,#15964,#15965);
#13604=AXIS2_PLACEMENT_3D('',#19207,#15967,#15968);
#13605=AXIS2_PLACEMENT_3D('',#19211,#15970,#15971);
#13606=AXIS2_PLACEMENT_3D('',#19215,#15973,#15974);
#13607=AXIS2_PLACEMENT_3D('',#19219,#15976,#15977);
#13608=AXIS2_PLACEMENT_3D('',#19223,#15979,#15980);
#13609=AXIS2_PLACEMENT_3D('',#19227,#15982,#15983);
#13610=AXIS2_PLACEMENT_3D('',#19228,#15984,#15985);
#13611=AXIS2_PLACEMENT_3D('',#19229,#15986,#15987);
#13612=AXIS2_PLACEMENT_3D('',#19235,#15990,#15991);
#13613=AXIS2_PLACEMENT_3D('',#19240,#15994,#15995);
#13614=AXIS2_PLACEMENT_3D('',#19245,#15998,#15999);
#13615=AXIS2_PLACEMENT_3D('',#19250,#16002,#16003);
#13616=AXIS2_PLACEMENT_3D('',#19255,#16006,#16007);
#13617=AXIS2_PLACEMENT_3D('',#19260,#16010,#16011);
#13618=AXIS2_PLACEMENT_3D('',#19261,#16012,#16013);
#13619=AXIS2_PLACEMENT_3D('',#19262,#16014,#16015);
#13620=AXIS2_PLACEMENT_3D('',#19264,#16016,#16017);
#13621=AXIS2_PLACEMENT_3D('',#19266,#16018,#16019);
#13622=AXIS2_PLACEMENT_3D('',#19267,#16020,#16021);
#13623=AXIS2_PLACEMENT_3D('',#19270,#16022,#16023);
#13624=AXIS2_PLACEMENT_3D('',#19271,#16024,#16025);
#13625=AXIS2_PLACEMENT_3D('',#19273,#16026,#16027);
#13626=AXIS2_PLACEMENT_3D('',#19298,#16030,#16031);
#13627=AXIS2_PLACEMENT_3D('',#19300,#16032,#16033);
#13628=AXIS2_PLACEMENT_3D('',#19303,#16034,#16035);
#13629=AXIS2_PLACEMENT_3D('',#19328,#16038,#16039);
#13630=AXIS2_PLACEMENT_3D('',#19329,#16040,#16041);
#13631=AXIS2_PLACEMENT_3D('',#19334,#16043,#16044);
#13632=AXIS2_PLACEMENT_3D('',#19337,#16046,#16047);
#13633=AXIS2_PLACEMENT_3D('',#19338,#16048,#16049);
#13634=AXIS2_PLACEMENT_3D('',#19343,#16051,#16052);
#13635=AXIS2_PLACEMENT_3D('',#19347,#16054,#16055);
#13636=AXIS2_PLACEMENT_3D('',#19351,#16057,#16058);
#13637=AXIS2_PLACEMENT_3D('',#19355,#16060,#16061);
#13638=AXIS2_PLACEMENT_3D('',#19359,#16063,#16064);
#13639=AXIS2_PLACEMENT_3D('',#19363,#16066,#16067);
#13640=AXIS2_PLACEMENT_3D('',#19364,#16068,#16069);
#13641=AXIS2_PLACEMENT_3D('',#19370,#16070,#16071);
#13642=AXIS2_PLACEMENT_3D('',#19376,#16072,#16073);
#13643=AXIS2_PLACEMENT_3D('',#19387,#16074,#16075);
#13644=AXIS2_PLACEMENT_3D('',#19388,#16076,#16077);
#13645=AXIS2_PLACEMENT_3D('',#19399,#16078,#16079);
#13646=AXIS2_PLACEMENT_3D('',#19400,#16080,#16081);
#13647=AXIS2_PLACEMENT_3D('',#19411,#16082,#16083);
#13648=AXIS2_PLACEMENT_3D('',#19412,#16084,#16085);
#13649=AXIS2_PLACEMENT_3D('',#19423,#16086,#16087);
#13650=AXIS2_PLACEMENT_3D('',#19424,#16088,#16089);
#13651=AXIS2_PLACEMENT_3D('',#19435,#16090,#16091);
#13652=AXIS2_PLACEMENT_3D('',#19436,#16092,#16093);
#13653=AXIS2_PLACEMENT_3D('',#19441,#16096,#16097);
#13654=AXIS2_PLACEMENT_3D('',#19442,#16098,#16099);
#13655=AXIS2_PLACEMENT_3D('',#19445,#16101,#16102);
#13656=AXIS2_PLACEMENT_3D('',#19448,#16104,#16105);
#13657=AXIS2_PLACEMENT_3D('',#19453,#16108,#16109);
#13658=AXIS2_PLACEMENT_3D('',#19454,#16110,#16111);
#13659=AXIS2_PLACEMENT_3D('',#19459,#16114,#16115);
#13660=AXIS2_PLACEMENT_3D('',#19460,#16116,#16117);
#13661=AXIS2_PLACEMENT_3D('',#19465,#16120,#16121);
#13662=AXIS2_PLACEMENT_3D('',#19466,#16122,#16123);
#13663=AXIS2_PLACEMENT_3D('',#19471,#16126,#16127);
#13664=AXIS2_PLACEMENT_3D('',#19472,#16128,#16129);
#13665=AXIS2_PLACEMENT_3D('',#19473,#16130,#16131);
#13666=AXIS2_PLACEMENT_3D('',#19476,#16132,#16133);
#13667=AXIS2_PLACEMENT_3D('',#19477,#16134,#16135);
#13668=AXIS2_PLACEMENT_3D('',#19479,#16136,#16137);
#13669=AXIS2_PLACEMENT_3D('',#19480,#16138,#16139);
#13670=AXIS2_PLACEMENT_3D('',#19483,#16140,#16141);
#13671=AXIS2_PLACEMENT_3D('',#19484,#16142,#16143);
#13672=AXIS2_PLACEMENT_3D('',#19485,#16144,#16145);
#13673=AXIS2_PLACEMENT_3D('',#19486,#16146,#16147);
#13674=AXIS2_PLACEMENT_3D('',#19487,#16148,#16149);
#13675=AXIS2_PLACEMENT_3D('',#19488,#16150,#16151);
#13676=AXIS2_PLACEMENT_3D('',#19489,#16152,#16153);
#13677=AXIS2_PLACEMENT_3D('',#19491,#16154,#16155);
#13678=AXIS2_PLACEMENT_3D('',#19492,#16156,#16157);
#13679=AXIS2_PLACEMENT_3D('',#19493,#16158,#16159);
#13680=AXIS2_PLACEMENT_3D('',#19494,#16160,#16161);
#13681=AXIS2_PLACEMENT_3D('',#19495,#16162,#16163);
#13682=AXIS2_PLACEMENT_3D('',#19497,#16164,#16165);
#13683=AXIS2_PLACEMENT_3D('',#19498,#16166,#16167);
#13684=AXIS2_PLACEMENT_3D('',#19500,#16168,#16169);
#13685=AXIS2_PLACEMENT_3D('',#19501,#16170,#16171);
#13686=AXIS2_PLACEMENT_3D('',#19503,#16172,#16173);
#13687=AXIS2_PLACEMENT_3D('',#19504,#16174,#16175);
#13688=AXIS2_PLACEMENT_3D('',#19506,#16176,#16177);
#13689=AXIS2_PLACEMENT_3D('',#19507,#16178,#16179);
#13690=AXIS2_PLACEMENT_3D('',#19509,#16180,#16181);
#13691=AXIS2_PLACEMENT_3D('',#19510,#16182,#16183);
#13692=AXIS2_PLACEMENT_3D('',#19512,#16184,#16185);
#13693=AXIS2_PLACEMENT_3D('',#19513,#16186,#16187);
#13694=AXIS2_PLACEMENT_3D('',#19514,#16188,#16189);
#13695=AXIS2_PLACEMENT_3D('',#19516,#16190,#16191);
#13696=AXIS2_PLACEMENT_3D('',#19517,#16192,#16193);
#13697=AXIS2_PLACEMENT_3D('',#19518,#16194,#16195);
#13698=AXIS2_PLACEMENT_3D('',#19520,#16196,#16197);
#13699=AXIS2_PLACEMENT_3D('',#19521,#16198,#16199);
#13700=AXIS2_PLACEMENT_3D('',#19528,#16206,#16207);
#13701=AXIS2_PLACEMENT_3D('',#19530,#16208,#16209);
#13702=AXIS2_PLACEMENT_3D('',#19531,#16210,#16211);
#13703=AXIS2_PLACEMENT_3D('',#19533,#16212,#16213);
#13704=AXIS2_PLACEMENT_3D('',#19534,#16214,#16215);
#13705=AXIS2_PLACEMENT_3D('',#19536,#16216,#16217);
#13706=AXIS2_PLACEMENT_3D('',#19537,#16218,#16219);
#13707=AXIS2_PLACEMENT_3D('',#19539,#16220,#16221);
#13708=AXIS2_PLACEMENT_3D('',#19540,#16222,#16223);
#13709=AXIS2_PLACEMENT_3D('',#19545,#16226,#16227);
#13710=AXIS2_PLACEMENT_3D('',#19546,#16228,#16229);
#13711=AXIS2_PLACEMENT_3D('',#19551,#16232,#16233);
#13712=AXIS2_PLACEMENT_3D('',#19552,#16234,#16235);
#13713=AXIS2_PLACEMENT_3D('',#19564,#16236,#16237);
#13714=AXIS2_PLACEMENT_3D('',#19565,#16238,#16239);
#13715=AXIS2_PLACEMENT_3D('',#19567,#16240,#16241);
#13716=AXIS2_PLACEMENT_3D('',#19568,#16242,#16243);
#13717=AXIS2_PLACEMENT_3D('',#19570,#16244,#16245);
#13718=AXIS2_PLACEMENT_3D('',#19571,#16246,#16247);
#13719=AXIS2_PLACEMENT_3D('',#19573,#16248,#16249);
#13720=AXIS2_PLACEMENT_3D('',#19574,#16250,#16251);
#13721=AXIS2_PLACEMENT_3D('',#19576,#16252,#16253);
#13722=AXIS2_PLACEMENT_3D('',#19578,#16254,#16255);
#13723=AXIS2_PLACEMENT_3D('',#19580,#16256,#16257);
#13724=AXIS2_PLACEMENT_3D('',#19581,#16258,#16259);
#13725=AXIS2_PLACEMENT_3D('',#19582,#16260,#16261);
#13726=AXIS2_PLACEMENT_3D('',#19583,#16262,#16263);
#13727=AXIS2_PLACEMENT_3D('',#19584,#16264,#16265);
#13728=AXIS2_PLACEMENT_3D('',#19585,#16266,#16267);
#13729=AXIS2_PLACEMENT_3D('',#19586,#16268,#16269);
#13730=AXIS2_PLACEMENT_3D('',#19587,#16270,#16271);
#13731=AXIS2_PLACEMENT_3D('',#19588,#16272,#16273);
#13732=AXIS2_PLACEMENT_3D('',#19589,#16274,#16275);
#13733=AXIS2_PLACEMENT_3D('',#19591,#16277,#16278);
#13734=AXIS2_PLACEMENT_3D('',#19593,#16280,#16281);
#13735=AXIS2_PLACEMENT_3D('',#19594,#16282,#16283);
#13736=AXIS2_PLACEMENT_3D('',#19596,#16285,#16286);
#13737=AXIS2_PLACEMENT_3D('',#19598,#16288,#16289);
#13738=AXIS2_PLACEMENT_3D('',#19599,#16290,#16291);
#13739=AXIS2_PLACEMENT_3D('',#19600,#16292,#16293);
#13740=AXIS2_PLACEMENT_3D('',#19602,#16294,#16295);
#13741=AXIS2_PLACEMENT_3D('',#19603,#16296,#16297);
#13742=AXIS2_PLACEMENT_3D('',#19605,#16298,#16299);
#13743=AXIS2_PLACEMENT_3D('',#19606,#16300,#16301);
#13744=AXIS2_PLACEMENT_3D('',#19608,#16302,#16303);
#13745=AXIS2_PLACEMENT_3D('',#19609,#16304,#16305);
#13746=AXIS2_PLACEMENT_3D('',#19611,#16306,#16307);
#13747=AXIS2_PLACEMENT_3D('',#19612,#16308,#16309);
#13748=AXIS2_PLACEMENT_3D('',#19614,#16310,#16311);
#13749=AXIS2_PLACEMENT_3D('',#19615,#16312,#16313);
#13750=AXIS2_PLACEMENT_3D('',#19617,#16314,#16315);
#13751=AXIS2_PLACEMENT_3D('',#19618,#16316,#16317);
#13752=AXIS2_PLACEMENT_3D('',#19620,#16318,#16319);
#13753=AXIS2_PLACEMENT_3D('',#19621,#16320,#16321);
#13754=AXIS2_PLACEMENT_3D('',#19623,#16322,#16323);
#13755=AXIS2_PLACEMENT_3D('',#19624,#16324,#16325);
#13756=AXIS2_PLACEMENT_3D('',#19633,#16330,#16331);
#13757=AXIS2_PLACEMENT_3D('',#19639,#16335,#16336);
#13758=AXIS2_PLACEMENT_3D('',#19645,#16340,#16341);
#13759=AXIS2_PLACEMENT_3D('',#19646,#16342,#16343);
#13760=AXIS2_PLACEMENT_3D('',#19647,#16344,#16345);
#13761=AXIS2_PLACEMENT_3D('',#19648,#16346,#16347);
#13762=AXIS2_PLACEMENT_3D('',#19649,#16348,#16349);
#13763=AXIS2_PLACEMENT_3D('',#19651,#16350,#16351);
#13764=AXIS2_PLACEMENT_3D('',#19652,#16352,#16353);
#13765=AXIS2_PLACEMENT_3D('',#19653,#16354,#16355);
#13766=AXIS2_PLACEMENT_3D('',#19654,#16356,#16357);
#13767=AXIS2_PLACEMENT_3D('',#19656,#16358,#16359);
#13768=AXIS2_PLACEMENT_3D('',#19657,#16360,#16361);
#13769=AXIS2_PLACEMENT_3D('',#19659,#16362,#16363);
#13770=AXIS2_PLACEMENT_3D('',#19660,#16364,#16365);
#13771=AXIS2_PLACEMENT_3D('',#19662,#16366,#16367);
#13772=AXIS2_PLACEMENT_3D('',#19663,#16368,#16369);
#13773=AXIS2_PLACEMENT_3D('',#19665,#16370,#16371);
#13774=AXIS2_PLACEMENT_3D('',#19666,#16372,#16373);
#13775=AXIS2_PLACEMENT_3D('',#19668,#16374,#16375);
#13776=AXIS2_PLACEMENT_3D('',#19669,#16376,#16377);
#13777=AXIS2_PLACEMENT_3D('',#19671,#16378,#16379);
#13778=AXIS2_PLACEMENT_3D('',#19672,#16380,#16381);
#13779=AXIS2_PLACEMENT_3D('',#19674,#16382,#16383);
#13780=AXIS2_PLACEMENT_3D('',#19675,#16384,#16385);
#13781=AXIS2_PLACEMENT_3D('',#19677,#16386,#16387);
#13782=AXIS2_PLACEMENT_3D('',#19678,#16388,#16389);
#13783=AXIS2_PLACEMENT_3D('',#19680,#16390,#16391);
#13784=AXIS2_PLACEMENT_3D('',#19681,#16392,#16393);
#13785=AXIS2_PLACEMENT_3D('',#19683,#16394,#16395);
#13786=AXIS2_PLACEMENT_3D('',#19684,#16396,#16397);
#13787=AXIS2_PLACEMENT_3D('',#19686,#16398,#16399);
#13788=AXIS2_PLACEMENT_3D('',#19687,#16400,#16401);
#13789=AXIS2_PLACEMENT_3D('',#19689,#16402,#16403);
#13790=AXIS2_PLACEMENT_3D('',#19690,#16404,#16405);
#13791=AXIS2_PLACEMENT_3D('',#19692,#16406,#16407);
#13792=AXIS2_PLACEMENT_3D('',#19693,#16408,#16409);
#13793=AXIS2_PLACEMENT_3D('',#19695,#16410,#16411);
#13794=AXIS2_PLACEMENT_3D('',#19696,#16412,#16413);
#13795=AXIS2_PLACEMENT_3D('',#19698,#16414,#16415);
#13796=AXIS2_PLACEMENT_3D('',#19699,#16416,#16417);
#13797=AXIS2_PLACEMENT_3D('',#19701,#16418,#16419);
#13798=AXIS2_PLACEMENT_3D('',#19703,#16420,#16421);
#13799=AXIS2_PLACEMENT_3D('',#19705,#16422,#16423);
#13800=AXIS2_PLACEMENT_3D('',#19707,#16424,#16425);
#13801=AXIS2_PLACEMENT_3D('',#19709,#16427,#16428);
#13802=AXIS2_PLACEMENT_3D('',#19710,#16429,#16430);
#13803=AXIS2_PLACEMENT_3D('',#19712,#16432,#16433);
#13804=AXIS2_PLACEMENT_3D('',#19713,#16434,#16435);
#13805=AXIS2_PLACEMENT_3D('',#19715,#16437,#16438);
#13806=AXIS2_PLACEMENT_3D('',#19716,#16439,#16440);
#13807=AXIS2_PLACEMENT_3D('',#19718,#16442,#16443);
#13808=AXIS2_PLACEMENT_3D('',#19719,#16444,#16445);
#13809=AXIS2_PLACEMENT_3D('',#19721,#16447,#16448);
#13810=AXIS2_PLACEMENT_3D('',#19722,#16449,#16450);
#13811=AXIS2_PLACEMENT_3D('',#19724,#16452,#16453);
#13812=AXIS2_PLACEMENT_3D('',#19725,#16454,#16455);
#13813=AXIS2_PLACEMENT_3D('',#19726,#16456,#16457);
#13814=AXIS2_PLACEMENT_3D('',#19728,#16458,#16459);
#13815=AXIS2_PLACEMENT_3D('',#19729,#16460,#16461);
#13816=AXIS2_PLACEMENT_3D('',#19731,#16462,#16463);
#13817=AXIS2_PLACEMENT_3D('',#19732,#16464,#16465);
#13818=AXIS2_PLACEMENT_3D('',#19734,#16466,#16467);
#13819=AXIS2_PLACEMENT_3D('',#19735,#16468,#16469);
#13820=AXIS2_PLACEMENT_3D('',#19737,#16470,#16471);
#13821=AXIS2_PLACEMENT_3D('',#19738,#16472,#16473);
#13822=AXIS2_PLACEMENT_3D('',#19740,#16474,#16475);
#13823=AXIS2_PLACEMENT_3D('',#19741,#16476,#16477);
#13824=AXIS2_PLACEMENT_3D('',#19743,#16478,#16479);
#13825=AXIS2_PLACEMENT_3D('',#19744,#16480,#16481);
#13826=AXIS2_PLACEMENT_3D('',#19746,#16482,#16483);
#13827=AXIS2_PLACEMENT_3D('',#19747,#16484,#16485);
#13828=AXIS2_PLACEMENT_3D('',#19749,#16486,#16487);
#13829=AXIS2_PLACEMENT_3D('',#19750,#16488,#16489);
#13830=AXIS2_PLACEMENT_3D('',#19752,#16490,#16491);
#13831=AXIS2_PLACEMENT_3D('',#19753,#16492,#16493);
#13832=AXIS2_PLACEMENT_3D('',#19755,#16494,#16495);
#13833=AXIS2_PLACEMENT_3D('',#19756,#16496,#16497);
#13834=AXIS2_PLACEMENT_3D('',#19758,#16498,#16499);
#13835=AXIS2_PLACEMENT_3D('',#19759,#16500,#16501);
#13836=AXIS2_PLACEMENT_3D('',#19761,#16502,#16503);
#13837=AXIS2_PLACEMENT_3D('',#19762,#16504,#16505);
#13838=AXIS2_PLACEMENT_3D('',#19764,#16506,#16507);
#13839=AXIS2_PLACEMENT_3D('',#19765,#16508,#16509);
#13840=AXIS2_PLACEMENT_3D('',#19767,#16510,#16511);
#13841=AXIS2_PLACEMENT_3D('',#19768,#16512,#16513);
#13842=AXIS2_PLACEMENT_3D('',#19769,#16514,#16515);
#13843=AXIS2_PLACEMENT_3D('',#19770,#16516,#16517);
#13844=AXIS2_PLACEMENT_3D('',#19771,#16518,#16519);
#13845=AXIS2_PLACEMENT_3D('',#19772,#16520,#16521);
#13846=AXIS2_PLACEMENT_3D('',#19773,#16522,#16523);
#13847=AXIS2_PLACEMENT_3D('',#19774,#16524,#16525);
#13848=AXIS2_PLACEMENT_3D('',#19775,#16526,#16527);
#13849=AXIS2_PLACEMENT_3D('',#19776,#16528,#16529);
#13850=AXIS2_PLACEMENT_3D('',#19778,#16530,#16531);
#13851=AXIS2_PLACEMENT_3D('',#19779,#16532,#16533);
#13852=AXIS2_PLACEMENT_3D('',#19781,#16534,#16535);
#13853=AXIS2_PLACEMENT_3D('',#19782,#16536,#16537);
#13854=AXIS2_PLACEMENT_3D('',#19784,#16538,#16539);
#13855=AXIS2_PLACEMENT_3D('',#19785,#16540,#16541);
#13856=AXIS2_PLACEMENT_3D('',#19787,#16542,#16543);
#13857=AXIS2_PLACEMENT_3D('',#19788,#16544,#16545);
#13858=AXIS2_PLACEMENT_3D('',#19790,#16546,#16547);
#13859=AXIS2_PLACEMENT_3D('',#19827,#16548,#16549);
#13860=AXIS2_PLACEMENT_3D('',#19835,#16554,#16555);
#13861=AXIS2_PLACEMENT_3D('',#19841,#16559,#16560);
#13862=AXIS2_PLACEMENT_3D('',#19847,#16564,#16565);
#13863=AXIS2_PLACEMENT_3D('',#19853,#16569,#16570);
#13864=AXIS2_PLACEMENT_3D('',#19859,#16574,#16575);
#13865=AXIS2_PLACEMENT_3D('',#19863,#16578,#16579);
#13866=AXIS2_PLACEMENT_3D('',#19864,#16580,#16581);
#13867=AXIS2_PLACEMENT_3D('',#19865,#16582,#16583);
#13868=AXIS2_PLACEMENT_3D('',#19866,#16584,#16585);
#13869=AXIS2_PLACEMENT_3D('',#19867,#16586,#16587);
#13870=AXIS2_PLACEMENT_3D('',#19868,#16588,#16589);
#13871=AXIS2_PLACEMENT_3D('',#19869,#16590,#16591);
#13872=AXIS2_PLACEMENT_3D('',#19870,#16592,#16593);
#13873=AXIS2_PLACEMENT_3D('',#19871,#16594,#16595);
#13874=AXIS2_PLACEMENT_3D('',#19872,#16596,#16597);
#13875=AXIS2_PLACEMENT_3D('',#19873,#16598,#16599);
#13876=AXIS2_PLACEMENT_3D('',#19874,#16600,#16601);
#13877=AXIS2_PLACEMENT_3D('',#19875,#16602,#16603);
#13878=AXIS2_PLACEMENT_3D('',#19877,#16604,#16605);
#13879=AXIS2_PLACEMENT_3D('',#19878,#16606,#16607);
#13880=AXIS2_PLACEMENT_3D('',#19879,#16608,#16609);
#13881=AXIS2_PLACEMENT_3D('',#19886,#16610,#16611);
#13882=AXIS2_PLACEMENT_3D('',#19887,#16612,#16613);
#13883=AXIS2_PLACEMENT_3D('',#19893,#16614,#16615);
#13884=AXIS2_PLACEMENT_3D('',#19894,#16616,#16617);
#13885=AXIS2_PLACEMENT_3D('',#19900,#16618,#16619);
#13886=AXIS2_PLACEMENT_3D('',#19901,#16620,#16621);
#13887=AXIS2_PLACEMENT_3D('',#19907,#16622,#16623);
#13888=AXIS2_PLACEMENT_3D('',#19908,#16624,#16625);
#13889=AXIS2_PLACEMENT_3D('',#19914,#16626,#16627);
#13890=AXIS2_PLACEMENT_3D('',#19915,#16628,#16629);
#13891=AXIS2_PLACEMENT_3D('',#19920,#16630,#16631);
#13892=AXIS2_PLACEMENT_3D('',#19921,#16632,#16633);
#13893=AXIS2_PLACEMENT_3D('',#19922,#16634,#16635);
#13894=AXIS2_PLACEMENT_3D('',#19924,#16636,#16637);
#13895=AXIS2_PLACEMENT_3D('',#19925,#16638,#16639);
#13896=AXIS2_PLACEMENT_3D('',#19927,#16640,#16641);
#13897=AXIS2_PLACEMENT_3D('',#19928,#16642,#16643);
#13898=AXIS2_PLACEMENT_3D('',#19930,#16644,#16645);
#13899=AXIS2_PLACEMENT_3D('',#19931,#16646,#16647);
#13900=AXIS2_PLACEMENT_3D('',#19933,#16648,#16649);
#13901=AXIS2_PLACEMENT_3D('',#19934,#16650,#16651);
#13902=AXIS2_PLACEMENT_3D('',#19940,#16655,#16656);
#13903=AXIS2_PLACEMENT_3D('',#19944,#16659,#16660);
#13904=AXIS2_PLACEMENT_3D('',#19948,#16663,#16664);
#13905=AXIS2_PLACEMENT_3D('',#19952,#16667,#16668);
#13906=AXIS2_PLACEMENT_3D('',#19956,#16671,#16672);
#13907=AXIS2_PLACEMENT_3D('',#19958,#16674,#16675);
#13908=AXIS2_PLACEMENT_3D('',#19959,#16676,#16677);
#13909=AXIS2_PLACEMENT_3D('',#19960,#16678,#16679);
#13910=AXIS2_PLACEMENT_3D('',#19973,#16686,#16687);
#13911=AXIS2_PLACEMENT_3D('',#19975,#16688,#16689);
#13912=AXIS2_PLACEMENT_3D('',#19976,#16690,#16691);
#13913=AXIS2_PLACEMENT_3D('',#19978,#16692,#16693);
#13914=AXIS2_PLACEMENT_3D('',#19979,#16694,#16695);
#13915=AXIS2_PLACEMENT_3D('',#19981,#16696,#16697);
#13916=AXIS2_PLACEMENT_3D('',#19982,#16698,#16699);
#13917=AXIS2_PLACEMENT_3D('',#19984,#16700,#16701);
#13918=AXIS2_PLACEMENT_3D('',#19985,#16702,#16703);
#13919=AXIS2_PLACEMENT_3D('',#19987,#16704,#16705);
#13920=AXIS2_PLACEMENT_3D('',#19988,#16706,#16707);
#13921=AXIS2_PLACEMENT_3D('',#19990,#16708,#16709);
#13922=AXIS2_PLACEMENT_3D('',#19991,#16710,#16711);
#13923=AXIS2_PLACEMENT_3D('',#19993,#16712,#16713);
#13924=AXIS2_PLACEMENT_3D('',#19994,#16714,#16715);
#13925=AXIS2_PLACEMENT_3D('',#19996,#16716,#16717);
#13926=AXIS2_PLACEMENT_3D('',#19997,#16718,#16719);
#13927=AXIS2_PLACEMENT_3D('',#19999,#16720,#16721);
#13928=AXIS2_PLACEMENT_3D('',#20000,#16722,#16723);
#13929=AXIS2_PLACEMENT_3D('',#20013,#16730,#16731);
#13930=AXIS2_PLACEMENT_3D('',#20015,#16732,#16733);
#13931=AXIS2_PLACEMENT_3D('',#20018,#16736,#16737);
#13932=AXIS2_PLACEMENT_3D('',#20020,#16739,#16740);
#13933=AXIS2_PLACEMENT_3D('',#20022,#16742,#16743);
#13934=AXIS2_PLACEMENT_3D('',#20024,#16745,#16746);
#13935=AXIS2_PLACEMENT_3D('',#20026,#16748,#16749);
#13936=AXIS2_PLACEMENT_3D('',#20027,#16750,#16751);
#13937=AXIS2_PLACEMENT_3D('',#20029,#16752,#16753);
#13938=AXIS2_PLACEMENT_3D('',#20030,#16754,#16755);
#13939=AXIS2_PLACEMENT_3D('',#20031,#16756,#16757);
#13940=AXIS2_PLACEMENT_3D('',#20033,#16758,#16759);
#13941=AXIS2_PLACEMENT_3D('',#20035,#16760,#16761);
#13942=AXIS2_PLACEMENT_3D('',#20036,#16762,#16763);
#13943=AXIS2_PLACEMENT_3D('',#20038,#16764,#16765);
#13944=AXIS2_PLACEMENT_3D('',#20039,#16766,#16767);
#13945=AXIS2_PLACEMENT_3D('',#20041,#16768,#16769);
#13946=AXIS2_PLACEMENT_3D('',#20042,#16770,#16771);
#13947=AXIS2_PLACEMENT_3D('',#20043,#16772,#16773);
#13948=AXIS2_PLACEMENT_3D('',#20045,#16774,#16775);
#13949=AXIS2_PLACEMENT_3D('',#20046,#16776,#16777);
#13950=AXIS2_PLACEMENT_3D('',#20048,#16778,#16779);
#13951=AXIS2_PLACEMENT_3D('',#20049,#16780,#16781);
#13952=AXIS2_PLACEMENT_3D('',#20050,#16782,#16783);
#13953=AXIS2_PLACEMENT_3D('',#20051,#16784,#16785);
#13954=AXIS2_PLACEMENT_3D('',#20052,#16786,#16787);
#13955=AXIS2_PLACEMENT_3D('',#20053,#16788,#16789);
#13956=AXIS2_PLACEMENT_3D('',#20060,#16790,#16791);
#13957=AXIS2_PLACEMENT_3D('',#20061,#16792,#16793);
#13958=AXIS2_PLACEMENT_3D('',#20067,#16794,#16795);
#13959=AXIS2_PLACEMENT_3D('',#20068,#16796,#16797);
#13960=AXIS2_PLACEMENT_3D('',#20074,#16798,#16799);
#13961=AXIS2_PLACEMENT_3D('',#20075,#16800,#16801);
#13962=AXIS2_PLACEMENT_3D('',#20081,#16802,#16803);
#13963=AXIS2_PLACEMENT_3D('',#20082,#16804,#16805);
#13964=AXIS2_PLACEMENT_3D('',#20088,#16806,#16807);
#13965=AXIS2_PLACEMENT_3D('',#20089,#16808,#16809);
#13966=AXIS2_PLACEMENT_3D('',#20094,#16810,#16811);
#13967=AXIS2_PLACEMENT_3D('',#20095,#16812,#16813);
#13968=AXIS2_PLACEMENT_3D('',#20096,#16814,#16815);
#13969=AXIS2_PLACEMENT_3D('',#20098,#16816,#16817);
#13970=AXIS2_PLACEMENT_3D('',#20099,#16818,#16819);
#13971=AXIS2_PLACEMENT_3D('',#20101,#16820,#16821);
#13972=AXIS2_PLACEMENT_3D('',#20102,#16822,#16823);
#13973=AXIS2_PLACEMENT_3D('',#20104,#16824,#16825);
#13974=AXIS2_PLACEMENT_3D('',#20105,#16826,#16827);
#13975=AXIS2_PLACEMENT_3D('',#20107,#16828,#16829);
#13976=AXIS2_PLACEMENT_3D('',#20108,#16830,#16831);
#13977=AXIS2_PLACEMENT_3D('',#20114,#16835,#16836);
#13978=AXIS2_PLACEMENT_3D('',#20118,#16839,#16840);
#13979=AXIS2_PLACEMENT_3D('',#20122,#16843,#16844);
#13980=AXIS2_PLACEMENT_3D('',#20126,#16847,#16848);
#13981=AXIS2_PLACEMENT_3D('',#20130,#16851,#16852);
#13982=AXIS2_PLACEMENT_3D('',#20132,#16854,#16855);
#13983=AXIS2_PLACEMENT_3D('',#20133,#16856,#16857);
#13984=AXIS2_PLACEMENT_3D('',#20134,#16858,#16859);
#13985=AXIS2_PLACEMENT_3D('',#20159,#16872,#16873);
#13986=AXIS2_PLACEMENT_3D('',#20176,#16882,#16883);
#13987=AXIS2_PLACEMENT_3D('',#20187,#16890,#16891);
#13988=AXIS2_PLACEMENT_3D('',#20193,#16895,#16896);
#13989=AXIS2_PLACEMENT_3D('',#20199,#16900,#16901);
#13990=AXIS2_PLACEMENT_3D('',#20210,#16908,#16909);
#13991=AXIS2_PLACEMENT_3D('',#20221,#16916,#16917);
#13992=AXIS2_PLACEMENT_3D('',#20223,#16919,#16920);
#13993=AXIS2_PLACEMENT_3D('',#20224,#16921,#16922);
#13994=AXIS2_PLACEMENT_3D('',#20226,#16923,#16924);
#13995=AXIS2_PLACEMENT_3D('',#20228,#16926,#16927);
#13996=AXIS2_PLACEMENT_3D('',#20229,#16928,#16929);
#13997=AXIS2_PLACEMENT_3D('',#20230,#16930,#16931);
#13998=AXIS2_PLACEMENT_3D('',#20236,#16935,#16936);
#13999=AXIS2_PLACEMENT_3D('',#20238,#16937,#16938);
#14000=AXIS2_PLACEMENT_3D('',#20239,#16939,#16940);
#14001=AXIS2_PLACEMENT_3D('',#20241,#16941,#16942);
#14002=AXIS2_PLACEMENT_3D('',#20242,#16943,#16944);
#14003=AXIS2_PLACEMENT_3D('',#20244,#16945,#16946);
#14004=AXIS2_PLACEMENT_3D('',#20247,#16949,#16950);
#14005=AXIS2_PLACEMENT_3D('',#20253,#16954,#16955);
#14006=AXIS2_PLACEMENT_3D('',#20256,#16958,#16959);
#14007=AXIS2_PLACEMENT_3D('',#20258,#16961,#16962);
#14008=AXIS2_PLACEMENT_3D('',#20260,#16964,#16965);
#14009=AXIS2_PLACEMENT_3D('',#20262,#16967,#16968);
#14010=AXIS2_PLACEMENT_3D('',#20264,#16970,#16971);
#14011=AXIS2_PLACEMENT_3D('',#20265,#16972,#16973);
#14012=AXIS2_PLACEMENT_3D('',#20266,#16974,#16975);
#14013=AXIS2_PLACEMENT_3D('',#20303,#16976,#16977);
#14014=AXIS2_PLACEMENT_3D('',#20305,#16978,#16979);
#14015=AXIS2_PLACEMENT_3D('',#20306,#16980,#16981);
#14016=AXIS2_PLACEMENT_3D('',#20308,#16982,#16983);
#14017=AXIS2_PLACEMENT_3D('',#20309,#16984,#16985);
#14018=AXIS2_PLACEMENT_3D('',#20310,#16986,#16987);
#14019=AXIS2_PLACEMENT_3D('',#20312,#16988,#16989);
#14020=AXIS2_PLACEMENT_3D('',#20313,#16990,#16991);
#14021=AXIS2_PLACEMENT_3D('',#20315,#16992,#16993);
#14022=AXIS2_PLACEMENT_3D('',#20316,#16994,#16995);
#14023=AXIS2_PLACEMENT_3D('',#20322,#16999,#17000);
#14024=AXIS2_PLACEMENT_3D('',#20326,#17003,#17004);
#14025=AXIS2_PLACEMENT_3D('',#20330,#17007,#17008);
#14026=AXIS2_PLACEMENT_3D('',#20334,#17011,#17012);
#14027=AXIS2_PLACEMENT_3D('',#20338,#17015,#17016);
#14028=AXIS2_PLACEMENT_3D('',#20340,#17018,#17019);
#14029=AXIS2_PLACEMENT_3D('',#20341,#17020,#17021);
#14030=AXIS2_PLACEMENT_3D('',#20342,#17022,#17023);
#14031=AXIS2_PLACEMENT_3D('',#20343,#17024,#17025);
#14032=AXIS2_PLACEMENT_3D('',#20344,#17026,#17027);
#14033=AXIS2_PLACEMENT_3D('',#20345,#17028,#17029);
#14034=AXIS2_PLACEMENT_3D('',#20347,#17030,#17031);
#14035=AXIS2_PLACEMENT_3D('',#20349,#17032,#17033);
#14036=AXIS2_PLACEMENT_3D('',#20351,#17034,#17035);
#14037=AXIS2_PLACEMENT_3D('',#20352,#17036,#17037);
#14038=AXIS2_PLACEMENT_3D('',#20354,#17038,#17039);
#14039=AXIS2_PLACEMENT_3D('',#20355,#17040,#17041);
#14040=AXIS2_PLACEMENT_3D('',#20357,#17042,#17043);
#14041=AXIS2_PLACEMENT_3D('',#20358,#17044,#17045);
#14042=AXIS2_PLACEMENT_3D('',#20360,#17046,#17047);
#14043=AXIS2_PLACEMENT_3D('',#20361,#17048,#17049);
#14044=AXIS2_PLACEMENT_3D('',#20363,#17050,#17051);
#14045=AXIS2_PLACEMENT_3D('',#20364,#17052,#17053);
#14046=AXIS2_PLACEMENT_3D('',#20366,#17054,#17055);
#14047=AXIS2_PLACEMENT_3D('',#20367,#17056,#17057);
#14048=AXIS2_PLACEMENT_3D('',#20369,#17058,#17059);
#14049=AXIS2_PLACEMENT_3D('',#20371,#17060,#17061);
#14050=AXIS2_PLACEMENT_3D('',#20373,#17062,#17063);
#14051=AXIS2_PLACEMENT_3D('',#20375,#17064,#17065);
#14052=AXIS2_PLACEMENT_3D('',#20377,#17066,#17067);
#14053=AXIS2_PLACEMENT_3D('',#20379,#17068,#17069);
#14054=AXIS2_PLACEMENT_3D('',#20380,#17070,#17071);
#14055=AXIS2_PLACEMENT_3D('',#20382,#17072,#17073);
#14056=AXIS2_PLACEMENT_3D('',#20383,#17074,#17075);
#14057=AXIS2_PLACEMENT_3D('',#20385,#17076,#17077);
#14058=AXIS2_PLACEMENT_3D('',#20386,#17078,#17079);
#14059=AXIS2_PLACEMENT_3D('',#20388,#17080,#17081);
#14060=AXIS2_PLACEMENT_3D('',#20389,#17082,#17083);
#14061=AXIS2_PLACEMENT_3D('',#20391,#17084,#17085);
#14062=AXIS2_PLACEMENT_3D('',#20392,#17086,#17087);
#14063=AXIS2_PLACEMENT_3D('',#20394,#17088,#17089);
#14064=AXIS2_PLACEMENT_3D('',#20395,#17090,#17091);
#14065=AXIS2_PLACEMENT_3D('',#20397,#17092,#17093);
#14066=AXIS2_PLACEMENT_3D('',#20398,#17094,#17095);
#14067=AXIS2_PLACEMENT_3D('',#20400,#17096,#17097);
#14068=AXIS2_PLACEMENT_3D('',#20402,#17098,#17099);
#14069=AXIS2_PLACEMENT_3D('',#20404,#17100,#17101);
#14070=AXIS2_PLACEMENT_3D('',#20406,#17102,#17103);
#14071=AXIS2_PLACEMENT_3D('',#20408,#17104,#17105);
#14072=AXIS2_PLACEMENT_3D('',#20410,#17106,#17107);
#14073=AXIS2_PLACEMENT_3D('',#20411,#17108,#17109);
#14074=AXIS2_PLACEMENT_3D('',#20413,#17110,#17111);
#14075=AXIS2_PLACEMENT_3D('',#20414,#17112,#17113);
#14076=AXIS2_PLACEMENT_3D('',#20415,#17114,#17115);
#14077=AXIS2_PLACEMENT_3D('',#20417,#17116,#17117);
#14078=AXIS2_PLACEMENT_3D('',#20418,#17118,#17119);
#14079=AXIS2_PLACEMENT_3D('',#20419,#17120,#17121);
#14080=AXIS2_PLACEMENT_3D('',#20421,#17122,#17123);
#14081=AXIS2_PLACEMENT_3D('',#20422,#17124,#17125);
#14082=AXIS2_PLACEMENT_3D('',#20423,#17126,#17127);
#14083=AXIS2_PLACEMENT_3D('',#20425,#17128,#17129);
#14084=AXIS2_PLACEMENT_3D('',#20426,#17130,#17131);
#14085=AXIS2_PLACEMENT_3D('',#20427,#17132,#17133);
#14086=AXIS2_PLACEMENT_3D('',#20429,#17134,#17135);
#14087=AXIS2_PLACEMENT_3D('',#20430,#17136,#17137);
#14088=AXIS2_PLACEMENT_3D('',#20431,#17138,#17139);
#14089=AXIS2_PLACEMENT_3D('',#20433,#17140,#17141);
#14090=AXIS2_PLACEMENT_3D('',#20434,#17142,#17143);
#14091=AXIS2_PLACEMENT_3D('',#20435,#17144,#17145);
#14092=AXIS2_PLACEMENT_3D('',#20438,#17146,#17147);
#14093=AXIS2_PLACEMENT_3D('',#20439,#17148,#17149);
#14094=AXIS2_PLACEMENT_3D('',#20440,#17150,#17151);
#14095=AXIS2_PLACEMENT_3D('',#20443,#17152,#17153);
#14096=AXIS2_PLACEMENT_3D('',#20444,#17154,#17155);
#14097=DIRECTION('',(0.,0.,1.));
#14098=DIRECTION('',(1.,0.,0.));
#14099=DIRECTION('',(0.,-1.,0.));
#14100=DIRECTION('',(0.,0.,-1.));
#14101=DIRECTION('',(0.,1.,0.));
#14102=DIRECTION('',(0.,0.,1.));
#14103=DIRECTION('',(0.,-1.,0.));
#14104=DIRECTION('',(0.,-1.,0.));
#14105=DIRECTION('',(0.,0.,-1.));
#14106=DIRECTION('',(0.,-1.,0.));
#14107=DIRECTION('',(0.,-1.,0.));
#14108=DIRECTION('',(0.,0.,-1.));
#14109=DIRECTION('',(0.,-1.,0.));
#14110=DIRECTION('',(0.,0.,-1.));
#14111=DIRECTION('',(0.,-1.,0.));
#14112=DIRECTION('',(0.,0.,-1.));
#14113=DIRECTION('',(0.,0.5,0.866025403784438));
#14114=DIRECTION('',(0.,-0.866025403784438,0.5));
#14115=DIRECTION('',(0.,0.5,-0.866025403784439));
#14116=DIRECTION('',(0.,-0.866025403784439,-0.5));
#14117=DIRECTION('',(0.,-1.,0.));
#14118=DIRECTION('',(0.,0.,-1.));
#14119=DIRECTION('',(0.,-1.,0.));
#14120=DIRECTION('',(0.,1.,0.));
#14121=DIRECTION('',(0.,0.,1.));
#14122=DIRECTION('',(0.,-1.,0.));
#14123=DIRECTION('',(0.,1.,0.));
#14124=DIRECTION('',(0.,0.,1.));
#14125=DIRECTION('',(0.,1.,0.));
#14126=DIRECTION('',(0.,0.,1.));
#14127=DIRECTION('',(0.,1.,0.));
#14128=DIRECTION('',(0.,0.,1.));
#14129=DIRECTION('',(0.,1.,0.));
#14130=DIRECTION('',(0.,1.,0.));
#14131=DIRECTION('',(0.,0.,1.));
#14132=DIRECTION('',(0.,1.,0.));
#14133=DIRECTION('',(0.,0.,1.));
#14134=DIRECTION('',(0.,1.,0.));
#14135=DIRECTION('',(0.,0.,1.));
#14136=DIRECTION('',(0.,1.,0.));
#14137=DIRECTION('',(0.,0.,1.));
#14138=DIRECTION('',(0.,1.,0.));
#14139=DIRECTION('',(0.,0.,1.));
#14140=DIRECTION('',(0.,-1.,0.));
#14141=DIRECTION('',(0.,0.,-1.));
#14142=DIRECTION('',(0.,1.,0.));
#14143=DIRECTION('',(0.,0.,1.));
#14144=DIRECTION('',(0.,1.,0.));
#14145=DIRECTION('',(0.,0.,1.));
#14146=DIRECTION('',(0.,1.,0.));
#14147=DIRECTION('',(0.,1.,0.));
#14148=DIRECTION('',(0.,0.,1.));
#14149=DIRECTION('',(0.,1.,0.));
#14150=DIRECTION('',(0.,0.,1.));
#14151=DIRECTION('',(0.,1.,0.));
#14152=DIRECTION('',(0.,0.,1.));
#14153=DIRECTION('',(0.,1.,0.));
#14154=DIRECTION('',(0.,0.,1.));
#14155=DIRECTION('',(0.,1.,0.));
#14156=DIRECTION('',(0.,0.,1.));
#14157=DIRECTION('',(0.,1.,0.));
#14158=DIRECTION('',(0.,0.,1.));
#14159=DIRECTION('',(0.,-1.,0.));
#14160=DIRECTION('',(0.,0.,-1.));
#14161=DIRECTION('',(0.,1.,0.));
#14162=DIRECTION('',(0.,0.,1.));
#14163=DIRECTION('',(0.,1.,0.));
#14164=DIRECTION('',(0.,0.,1.));
#14165=DIRECTION('',(0.,1.,0.));
#14166=DIRECTION('',(0.,0.,1.));
#14167=DIRECTION('',(0.,1.,0.));
#14168=DIRECTION('',(0.,0.,1.));
#14169=DIRECTION('',(0.,1.,0.));
#14170=DIRECTION('',(0.,0.,1.));
#14171=DIRECTION('',(0.,1.,0.));
#14172=DIRECTION('',(0.,0.,1.));
#14173=DIRECTION('',(0.,1.,0.));
#14174=DIRECTION('',(0.,0.,1.));
#14175=DIRECTION('',(0.,1.,0.));
#14176=DIRECTION('',(0.,0.,1.));
#14177=DIRECTION('',(0.,1.,0.));
#14178=DIRECTION('',(0.,0.,1.));
#14179=DIRECTION('',(0.,1.,0.));
#14180=DIRECTION('',(0.,1.,0.));
#14181=DIRECTION('',(0.,1.,0.));
#14182=DIRECTION('',(0.,0.,1.));
#14183=DIRECTION('',(0.,1.,0.));
#14184=DIRECTION('',(0.,0.,1.));
#14185=DIRECTION('',(0.,1.,0.));
#14186=DIRECTION('',(0.,0.,1.));
#14187=DIRECTION('',(0.,1.,0.));
#14188=DIRECTION('',(0.,1.,0.));
#14189=DIRECTION('',(0.,-1.,0.));
#14190=DIRECTION('',(0.,0.,-1.));
#14191=DIRECTION('',(0.,1.,0.));
#14192=DIRECTION('',(0.,0.,1.));
#14193=DIRECTION('',(0.,1.,0.));
#14194=DIRECTION('',(0.,0.,1.));
#14195=DIRECTION('',(0.,1.,0.));
#14196=DIRECTION('',(0.,0.,1.));
#14197=DIRECTION('',(0.,1.,0.));
#14198=DIRECTION('',(0.,0.,1.));
#14199=DIRECTION('',(0.,0.,-1.));
#14200=DIRECTION('',(0.,-1.,1.22464679914735E-16));
#14201=DIRECTION('',(1.,0.,0.));
#14202=DIRECTION('',(0.,-1.,1.22464679914735E-16));
#14203=DIRECTION('',(1.,0.,0.));
#14204=DIRECTION('',(0.,-1.,1.22464679914735E-16));
#14205=DIRECTION('',(1.,0.,0.));
#14206=DIRECTION('',(-1.,0.,0.));
#14207=DIRECTION('',(0.,-1.,1.22464679914735E-16));
#14208=DIRECTION('',(1.,0.,0.));
#14209=DIRECTION('',(0.,-1.,1.22464679914735E-16));
#14210=DIRECTION('',(1.,0.,0.));
#14211=DIRECTION('',(0.,-1.,1.22464679914735E-16));
#14212=DIRECTION('',(1.,0.,0.));
#14213=DIRECTION('',(0.,0.,1.));
#14214=DIRECTION('',(0.,-1.,1.22464679914735E-16));
#14215=DIRECTION('',(1.,0.,0.));
#14216=DIRECTION('',(0.,-1.,1.22464679914735E-16));
#14217=DIRECTION('',(1.,0.,0.));
#14218=DIRECTION('',(0.,-1.,1.22464679914735E-16));
#14219=DIRECTION('',(1.,0.,0.));
#14220=DIRECTION('',(1.,0.,0.));
#14221=DIRECTION('',(0.,-1.,1.22464679914735E-16));
#14222=DIRECTION('',(1.,0.,0.));
#14223=DIRECTION('',(0.,-1.,1.22464679914735E-16));
#14224=DIRECTION('',(1.,0.,0.));
#14225=DIRECTION('',(0.,-1.,1.22464679914735E-16));
#14226=DIRECTION('',(1.,0.,0.));
#14227=DIRECTION('',(0.,1.,-6.16790569236198E-15));
#14228=DIRECTION('',(0.,6.16790569236198E-15,1.));
#14229=DIRECTION('',(0.,1.,0.));
#14230=DIRECTION('',(0.,0.,1.));
#14231=DIRECTION('',(0.,-1.,0.));
#14232=DIRECTION('',(0.,0.,-1.));
#14233=DIRECTION('',(0.,-1.,0.));
#14234=DIRECTION('',(0.,0.,-1.));
#14235=DIRECTION('',(0.,-1.,1.22464679914735E-16));
#14236=DIRECTION('',(1.,0.,0.));
#14237=DIRECTION('',(0.,1.4218549935762E-16,1.));
#14238=DIRECTION('',(0.,-1.,1.22464679914735E-16));
#14239=DIRECTION('',(1.,0.,0.));
#14240=DIRECTION('',(0.,-1.,1.22464679914735E-16));
#14241=DIRECTION('',(1.,0.,0.));
#14242=DIRECTION('',(0.,-1.,0.));
#14243=DIRECTION('',(0.,0.,-1.));
#14244=DIRECTION('',(0.,-1.,1.22464679914735E-16));
#14245=DIRECTION('',(1.,0.,0.));
#14246=DIRECTION('',(0.,-1.,1.22464679914735E-16));
#14247=DIRECTION('',(1.,0.,0.));
#14248=DIRECTION('',(0.,-1.4218549935762E-16,-1.));
#14249=DIRECTION('',(0.,-1.,1.22464679914735E-16));
#14250=DIRECTION('',(1.,0.,0.));
#14251=DIRECTION('',(0.,1.,0.));
#14252=DIRECTION('',(0.,0.,1.));
#14253=DIRECTION('',(0.,-1.,1.22464679914735E-16));
#14254=DIRECTION('',(1.,0.,0.));
#14255=DIRECTION('',(0.,-1.,1.22464679914735E-16));
#14256=DIRECTION('',(1.,0.,0.));
#14257=DIRECTION('',(0.,1.4218549935762E-16,1.));
#14258=DIRECTION('',(0.,-1.,1.22464679914735E-16));
#14259=DIRECTION('',(1.,0.,0.));
#14260=DIRECTION('',(0.,1.,0.));
#14261=DIRECTION('',(0.,0.,1.));
#14262=DIRECTION('',(0.,-1.,1.22464679914735E-16));
#14263=DIRECTION('',(1.,0.,0.));
#14264=DIRECTION('',(0.,-1.4218549935762E-16,-1.));
#14265=DIRECTION('',(0.,-1.,1.22464679914735E-16));
#14266=DIRECTION('',(1.,0.,0.));
#14267=DIRECTION('',(0.,-1.,1.22464679914735E-16));
#14268=DIRECTION('',(1.,0.,0.));
#14269=DIRECTION('',(0.,-1.,1.22464679914735E-16));
#14270=DIRECTION('',(0.,-1.22464679914735E-16,-1.));
#14271=DIRECTION('',(0.,-1.,1.22464679914735E-16));
#14272=DIRECTION('',(0.,-1.,0.));
#14273=DIRECTION('',(0.,0.,-1.));
#14274=DIRECTION('',(0.,-1.,1.22464679914735E-16));
#14275=DIRECTION('',(0.,-1.,1.22464679914735E-16));
#14276=DIRECTION('',(1.,0.,0.));
#14277=DIRECTION('',(0.,-1.,1.22464679914735E-16));
#14278=DIRECTION('',(0.,-1.22464679914735E-16,-1.));
#14279=DIRECTION('',(0.,-1.,1.22464679914735E-16));
#14280=DIRECTION('',(0.,1.,0.));
#14281=DIRECTION('',(0.,0.,1.));
#14282=DIRECTION('',(0.,-1.,1.22464679914735E-16));
#14283=DIRECTION('',(0.,-1.,1.22464679914735E-16));
#14284=DIRECTION('',(1.,0.,0.));
#14285=DIRECTION('',(0.,-1.,1.22464679914735E-16));
#14286=DIRECTION('',(0.,-1.22464679914735E-16,-1.));
#14287=DIRECTION('',(0.,1.,0.));
#14288=DIRECTION('',(0.,0.,1.));
#14289=DIRECTION('',(0.,-1.,1.22464679914735E-16));
#14290=DIRECTION('',(1.,0.,0.));
#14291=DIRECTION('',(0.,-1.,1.22464679914735E-16));
#14292=DIRECTION('',(1.,0.,0.));
#14293=DIRECTION('',(0.,-1.,1.22464679914735E-16));
#14294=DIRECTION('',(1.,0.,0.));
#14295=DIRECTION('',(0.,-1.,1.22464679914735E-16));
#14296=DIRECTION('',(1.,0.,0.));
#14297=DIRECTION('',(0.,-1.4218549935762E-16,-1.));
#14298=DIRECTION('',(0.,-1.,1.22464679914735E-16));
#14299=DIRECTION('',(0.,-1.22464679914735E-16,-1.));
#14300=DIRECTION('',(0.,1.,0.));
#14301=DIRECTION('',(0.,0.,1.));
#14302=DIRECTION('',(0.,-1.22464679914735E-16,-1.));
#14303=DIRECTION('',(0.,-1.,1.22464679914735E-16));
#14304=DIRECTION('',(1.,0.,0.));
#14305=DIRECTION('',(0.,-1.,1.22464679914735E-16));
#14306=DIRECTION('',(1.,0.,0.));
#14307=DIRECTION('',(0.,-1.,1.22464679914735E-16));
#14308=DIRECTION('',(1.,0.,0.));
#14309=DIRECTION('',(0.,-1.,1.22464679914735E-16));
#14310=DIRECTION('',(0.,-1.22464679914735E-16,-1.));
#14311=DIRECTION('',(0.,1.,0.));
#14312=DIRECTION('',(0.,0.,1.));
#14313=DIRECTION('',(0.,-1.,1.22464679914735E-16));
#14314=DIRECTION('',(1.,0.,0.));
#14315=DIRECTION('',(0.,-1.,1.22464679914735E-16));
#14316=DIRECTION('',(1.,0.,0.));
#14317=DIRECTION('',(0.,-1.,1.22464679914735E-16));
#14318=DIRECTION('',(1.,0.,0.));
#14319=DIRECTION('',(0.,-1.,1.22464679914735E-16));
#14320=DIRECTION('',(1.,0.,0.));
#14321=DIRECTION('',(0.,1.4218549935762E-16,1.));
#14322=DIRECTION('',(0.,-1.,0.));
#14323=DIRECTION('',(0.,0.,-1.));
#14324=DIRECTION('',(0.,-1.,0.));
#14325=DIRECTION('',(0.,1.,0.));
#14326=DIRECTION('',(0.,0.,1.));
#14327=DIRECTION('',(0.,-1.,0.));
#14328=DIRECTION('',(0.,-1.,0.));
#14329=DIRECTION('',(0.,0.,-1.));
#14330=DIRECTION('',(0.,-1.,0.));
#14331=DIRECTION('',(0.,-1.,0.));
#14332=DIRECTION('',(0.,0.,-1.));
#14333=DIRECTION('',(0.,-1.,0.));
#14334=DIRECTION('',(0.,1.,0.));
#14335=DIRECTION('',(0.,0.,1.));
#14336=DIRECTION('',(0.,-1.,0.));
#14337=DIRECTION('',(0.,-1.,0.));
#14338=DIRECTION('',(0.,-1.,0.));
#14339=DIRECTION('',(0.,0.,-1.));
#14340=DIRECTION('',(0.,-1.,0.));
#14341=DIRECTION('',(0.,0.,-1.));
#14342=DIRECTION('',(0.,1.,0.));
#14343=DIRECTION('',(0.,0.,1.));
#14344=DIRECTION('',(0.,-1.,0.));
#14345=DIRECTION('',(0.,-1.,0.));
#14346=DIRECTION('',(0.,0.,-1.));
#14347=DIRECTION('',(0.,1.,0.));
#14348=DIRECTION('',(0.,0.,1.));
#14349=DIRECTION('',(0.,-1.,0.));
#14350=DIRECTION('',(0.,-1.,0.));
#14351=DIRECTION('',(0.,0.,-1.));
#14352=DIRECTION('',(0.,-1.,0.));
#14353=DIRECTION('',(0.,0.,-1.));
#14354=DIRECTION('',(0.,1.,0.));
#14355=DIRECTION('',(0.,0.,1.));
#14356=DIRECTION('',(0.,-1.,0.));
#14357=DIRECTION('',(0.,-1.,0.));
#14358=DIRECTION('',(0.,0.,-1.));
#14359=DIRECTION('',(0.,1.,0.));
#14360=DIRECTION('',(0.,0.,1.));
#14361=DIRECTION('',(0.,-1.,0.));
#14362=DIRECTION('',(0.,-1.,0.));
#14363=DIRECTION('',(0.,0.,-1.));
#14364=DIRECTION('',(0.,-1.,0.));
#14365=DIRECTION('',(0.,-1.,0.));
#14366=DIRECTION('',(0.,0.,-1.));
#14367=DIRECTION('',(0.,-1.,0.));
#14368=DIRECTION('',(0.,1.,0.));
#14369=DIRECTION('',(0.,0.,1.));
#14370=DIRECTION('',(0.,-1.,0.));
#14371=DIRECTION('',(0.,-1.,0.));
#14372=DIRECTION('',(0.,-1.,0.));
#14373=DIRECTION('',(0.,0.,-1.));
#14374=DIRECTION('',(0.,-1.,0.));
#14375=DIRECTION('',(0.,0.,-1.));
#14376=DIRECTION('',(0.,1.,0.));
#14377=DIRECTION('',(0.,0.,1.));
#14378=DIRECTION('',(0.,-1.,0.));
#14379=DIRECTION('',(0.,-1.,0.));
#14380=DIRECTION('',(0.,0.,-1.));
#14381=DIRECTION('',(0.,1.,0.));
#14382=DIRECTION('',(0.,0.,1.));
#14383=DIRECTION('',(0.,-1.,0.));
#14384=DIRECTION('',(0.,-1.,0.));
#14385=DIRECTION('',(0.,0.,-1.));
#14386=DIRECTION('',(0.,-1.,0.));
#14387=DIRECTION('',(0.,0.,-1.));
#14388=DIRECTION('',(0.,1.,0.));
#14389=DIRECTION('',(0.,0.,1.));
#14390=DIRECTION('',(0.,-1.,0.));
#14391=DIRECTION('',(0.,0.,-1.));
#14392=DIRECTION('',(-0.94003088589449,0.,0.341089333700747));
#14393=DIRECTION('',(0.341089333700747,0.,0.940030885894491));
#14394=DIRECTION('',(0.,-1.,0.));
#14395=DIRECTION('',(0.,0.,-1.));
#14396=DIRECTION('',(0.,-1.,0.));
#14397=DIRECTION('',(0.,0.,-1.));
#14398=DIRECTION('',(0.940030887625089,-8.18141959006423E-8,0.341089328931265));
#14399=DIRECTION('',(0.341089328931267,0.,-0.940030887625092));
#14400=DIRECTION('',(0.,-1.,0.));
#14401=DIRECTION('',(0.,0.,-1.));
#14402=DIRECTION('',(0.,-1.,0.));
#14403=DIRECTION('',(0.,0.,-1.));
#14404=DIRECTION('',(0.,-1.,0.));
#14405=DIRECTION('',(0.,0.,-1.));
#14406=DIRECTION('',(0.940030885894492,0.,0.341089333700744));
#14407=DIRECTION('',(0.341089333700744,0.,-0.940030885894492));
#14408=DIRECTION('',(0.,-1.,0.));
#14409=DIRECTION('',(0.,0.,-1.));
#14410=DIRECTION('',(0.,-1.,0.));
#14411=DIRECTION('',(0.,0.,-1.));
#14412=DIRECTION('',(0.,-1.,0.));
#14413=DIRECTION('',(0.,0.,-1.));
#14414=DIRECTION('',(-0.940030885894491,0.,0.341089333700746));
#14415=DIRECTION('',(0.341089333700746,0.,0.940030885894491));
#14416=DIRECTION('',(0.,-1.,0.));
#14417=DIRECTION('',(0.,0.,-1.));
#14418=DIRECTION('',(0.,-1.,0.));
#14419=DIRECTION('',(0.,0.,-1.));
#14420=DIRECTION('',(0.,-1.,0.));
#14421=DIRECTION('',(0.,0.,-1.));
#14422=DIRECTION('',(0.,-1.,0.));
#14423=DIRECTION('',(0.,0.,-1.));
#14424=DIRECTION('',(0.,-1.,0.));
#14425=DIRECTION('',(0.,0.,-1.));
#14426=DIRECTION('',(0.,1.,0.));
#14427=DIRECTION('',(0.,0.,1.));
#14428=DIRECTION('',(0.,-1.,0.));
#14429=DIRECTION('',(0.,0.,-1.));
#14430=DIRECTION('',(0.,-1.,0.));
#14431=DIRECTION('',(0.,0.,-1.));
#14432=DIRECTION('',(0.,-1.,0.));
#14433=DIRECTION('',(0.,0.,-1.));
#14434=DIRECTION('',(0.,-1.,0.));
#14435=DIRECTION('',(0.,0.,-1.));
#14436=DIRECTION('',(0.,-1.,0.));
#14437=DIRECTION('',(0.,0.,-1.));
#14438=DIRECTION('',(0.,-1.,0.));
#14439=DIRECTION('',(0.,0.,-1.));
#14440=DIRECTION('',(0.,-1.,0.));
#14441=DIRECTION('',(0.,0.,-1.));
#14442=DIRECTION('',(0.,-1.,0.));
#14443=DIRECTION('',(0.,0.,-1.));
#14444=DIRECTION('',(0.,-1.,0.));
#14445=DIRECTION('',(0.,0.,-1.));
#14446=DIRECTION('',(0.,1.,0.));
#14447=DIRECTION('',(0.,0.,1.));
#14448=DIRECTION('',(0.,1.,0.));
#14449=DIRECTION('',(0.,0.,1.));
#14450=DIRECTION('',(0.,1.,0.));
#14451=DIRECTION('',(0.,0.,1.));
#14452=DIRECTION('',(0.,1.,0.));
#14453=DIRECTION('',(0.,0.,1.));
#14454=DIRECTION('',(0.,1.,0.));
#14455=DIRECTION('',(0.,0.,1.));
#14456=DIRECTION('',(0.,1.,0.));
#14457=DIRECTION('',(0.,0.,1.));
#14458=DIRECTION('',(0.,1.,0.));
#14459=DIRECTION('',(0.,0.,1.));
#14460=DIRECTION('',(0.,1.,0.));
#14461=DIRECTION('',(0.,0.,1.));
#14462=DIRECTION('',(0.,-1.,0.));
#14463=DIRECTION('',(0.,0.,-1.));
#14464=DIRECTION('',(0.,-1.,0.));
#14465=DIRECTION('',(0.,0.,-1.));
#14466=DIRECTION('',(0.,1.,0.));
#14467=DIRECTION('',(0.,0.,1.));
#14468=DIRECTION('',(0.,-1.,0.));
#14469=DIRECTION('',(0.,0.,-1.));
#14470=DIRECTION('',(0.,1.,0.));
#14471=DIRECTION('',(0.,0.,1.));
#14472=DIRECTION('',(0.,1.,0.));
#14473=DIRECTION('',(0.,0.,1.));
#14474=DIRECTION('',(0.,1.,0.));
#14475=DIRECTION('',(0.,0.,1.));
#14476=DIRECTION('',(0.,1.,0.));
#14477=DIRECTION('',(0.,0.,1.));
#14478=DIRECTION('',(0.,1.,0.));
#14479=DIRECTION('',(0.,0.,1.));
#14480=DIRECTION('',(0.,1.,0.));
#14481=DIRECTION('',(0.,0.,1.));
#14482=DIRECTION('',(0.,1.,0.));
#14483=DIRECTION('',(0.,0.,1.));
#14484=DIRECTION('',(0.,1.,0.));
#14485=DIRECTION('',(0.,0.,1.));
#14486=DIRECTION('',(0.,1.,0.));
#14487=DIRECTION('',(0.,0.,1.));
#14488=DIRECTION('',(0.,1.,0.));
#14489=DIRECTION('',(0.,0.,1.));
#14490=DIRECTION('',(0.,1.,0.));
#14491=DIRECTION('',(0.,0.,1.));
#14492=DIRECTION('',(0.,1.,0.));
#14493=DIRECTION('',(0.,0.,1.));
#14494=DIRECTION('',(0.,1.,0.));
#14495=DIRECTION('',(0.,0.,1.));
#14496=DIRECTION('',(0.,-1.,0.));
#14497=DIRECTION('',(0.,0.,-1.));
#14498=DIRECTION('',(0.,1.,0.));
#14499=DIRECTION('',(0.,0.,1.));
#14500=DIRECTION('',(0.,-1.,0.));
#14501=DIRECTION('',(0.,0.,-1.));
#14502=DIRECTION('',(0.,1.,0.));
#14503=DIRECTION('',(0.,0.,1.));
#14504=DIRECTION('',(0.,-1.,0.));
#14505=DIRECTION('',(0.,0.,-1.));
#14506=DIRECTION('',(0.,-1.,0.));
#14507=DIRECTION('',(0.,0.,-1.));
#14508=DIRECTION('',(0.,-1.,0.));
#14509=DIRECTION('',(0.,0.,-1.));
#14510=DIRECTION('',(0.,-1.,0.));
#14511=DIRECTION('',(0.,0.,-1.));
#14512=DIRECTION('',(0.,-1.,0.));
#14513=DIRECTION('',(0.,0.,-1.));
#14514=DIRECTION('',(0.,-1.,0.));
#14515=DIRECTION('',(0.,0.,-1.));
#14516=DIRECTION('',(0.,1.,0.));
#14517=DIRECTION('',(0.,0.,1.));
#14518=DIRECTION('',(0.,-1.,0.));
#14519=DIRECTION('',(0.,0.,-1.));
#14520=DIRECTION('',(0.,1.,0.));
#14521=DIRECTION('',(0.,0.,1.));
#14522=DIRECTION('',(0.,-1.,0.));
#14523=DIRECTION('',(0.,0.,-1.));
#14524=DIRECTION('',(0.,-1.,0.));
#14525=DIRECTION('',(0.,0.,-1.));
#14526=DIRECTION('',(0.,-1.,0.));
#14527=DIRECTION('',(0.,0.,-1.));
#14528=DIRECTION('',(0.,1.,0.));
#14529=DIRECTION('',(0.,0.,1.));
#14530=DIRECTION('',(0.,-1.,0.));
#14531=DIRECTION('',(0.,0.,-1.));
#14532=DIRECTION('',(0.,-1.,0.));
#14533=DIRECTION('',(0.,0.,-1.));
#14534=DIRECTION('',(0.,-1.,0.));
#14535=DIRECTION('',(0.,0.,-1.));
#14536=DIRECTION('',(0.,-1.,0.));
#14537=DIRECTION('',(0.,0.,-1.));
#14538=DIRECTION('',(0.,-1.,0.));
#14539=DIRECTION('',(0.,0.,-1.));
#14540=DIRECTION('',(0.,1.,0.));
#14541=DIRECTION('',(0.,0.,1.));
#14542=DIRECTION('',(0.,-1.,0.));
#14543=DIRECTION('',(0.,0.,-1.));
#14544=DIRECTION('',(0.,-1.,0.));
#14545=DIRECTION('',(0.,0.,-1.));
#14546=DIRECTION('',(0.,-1.,0.));
#14547=DIRECTION('',(0.,0.,-1.));
#14548=DIRECTION('',(0.241186580850197,0.707106781186548,-0.664702213940792));
#14549=DIRECTION('',(-0.241186580850199,-0.707106781186548,-0.664702213940792));
#14550=DIRECTION('',(0.,-1.,0.));
#14551=DIRECTION('',(0.,0.,-1.));
#14552=DIRECTION('',(0.664526757461782,-0.707106781186548,-0.241669585627421));
#14553=DIRECTION('',(0.,-1.,0.));
#14554=DIRECTION('',(0.,0.,-1.));
#14555=DIRECTION('',(-0.664526751224394,0.707106781186548,-0.241669602778571));
#14556=DIRECTION('',(0.,1.,0.));
#14557=DIRECTION('',(0.,0.,1.));
#14558=DIRECTION('',(-0.157543390848364,-0.707106781186547,-0.689333068987699));
#14559=DIRECTION('',(0.,1.,0.));
#14560=DIRECTION('',(0.,0.,1.));
#14561=DIRECTION('',(0.157543390848362,0.707106781186547,-0.6893330689877));
#14562=DIRECTION('',(0.,-1.,0.));
#14563=DIRECTION('',(0.,0.,-1.));
#14564=DIRECTION('',(0.157543390848362,-0.707106781186547,-0.6893330689877));
#14565=DIRECTION('',(0.,-1.,0.));
#14566=DIRECTION('',(0.,0.,-1.));
#14567=DIRECTION('',(-0.157543390848365,0.707106781186547,-0.689333068987699));
#14568=DIRECTION('',(0.,1.,0.));
#14569=DIRECTION('',(0.,0.,1.));
#14570=DIRECTION('',(-0.66452675746178,-0.707106781186548,-0.241669585627426));
#14571=DIRECTION('',(0.,1.,0.));
#14572=DIRECTION('',(0.,0.,1.));
#14573=DIRECTION('',(0.664526763699174,0.707106781186546,-0.241669568476265));
#14574=DIRECTION('',(0.,-1.,0.));
#14575=DIRECTION('',(0.,0.,-1.));
#14576=DIRECTION('',(0.241186577477667,-0.707106781186547,-0.664702215164512));
#14577=DIRECTION('',(0.,-1.,0.));
#14578=DIRECTION('',(0.,0.,-1.));
#14579=DIRECTION('',(-0.241186580850199,0.707106781186548,-0.664702213940792));
#14580=DIRECTION('',(0.,-1.,0.));
#14581=DIRECTION('',(0.,0.,-1.));
#14582=DIRECTION('',(0.,-1.,1.22464679914735E-16));
#14583=DIRECTION('',(0.,-1.22464679914735E-16,-1.));
#14584=DIRECTION('',(0.,-1.,1.22464679914735E-16));
#14585=DIRECTION('',(0.,-1.,1.22464679914735E-16));
#14586=DIRECTION('',(0.,-1.,1.22464679914735E-16));
#14587=DIRECTION('',(0.,-1.22464679914735E-16,-1.));
#14588=DIRECTION('',(0.,-1.,1.22464679914735E-16));
#14589=DIRECTION('',(0.,-1.22464679914735E-16,-1.));
#14590=DIRECTION('',(0.,-1.,1.22464679914735E-16));
#14591=DIRECTION('',(0.,-1.,0.));
#14592=DIRECTION('',(0.,0.,-1.));
#14593=DIRECTION('',(0.,-1.,1.22464679914735E-16));
#14594=DIRECTION('',(0.,-1.,1.22464679914735E-16));
#14595=DIRECTION('',(0.,-1.22464679914735E-16,-1.));
#14596=DIRECTION('',(0.,-1.,1.22464679914735E-16));
#14597=DIRECTION('',(0.,-1.,1.22464679914735E-16));
#14598=DIRECTION('',(0.,-1.22464679914735E-16,-1.));
#14599=DIRECTION('',(0.,-1.,1.22464679914735E-16));
#14600=DIRECTION('',(0.,-1.,1.22464679914735E-16));
#14601=DIRECTION('',(0.,-1.22464679914735E-16,-1.));
#14602=DIRECTION('',(0.,-1.,1.22464679914735E-16));
#14603=DIRECTION('',(0.,-1.,1.22464679914735E-16));
#14604=DIRECTION('',(1.,0.,0.));
#14605=DIRECTION('',(0.,-1.,1.22464679914735E-16));
#14606=DIRECTION('',(0.,-1.,1.22464679914735E-16));
#14607=DIRECTION('',(0.,-1.22464679914735E-16,-1.));
#14608=DIRECTION('',(0.,-1.,1.22464679914735E-16));
#14609=DIRECTION('',(1.,0.,0.));
#14610=DIRECTION('',(0.,-1.,1.22464679914735E-16));
#14611=DIRECTION('',(0.,-1.22464679914735E-16,-1.));
#14612=DIRECTION('',(0.,-1.,1.22464679914735E-16));
#14613=DIRECTION('',(0.,1.,0.));
#14614=DIRECTION('',(0.,0.,1.));
#14615=DIRECTION('',(0.,-1.,1.22464679914735E-16));
#14616=DIRECTION('',(0.,-1.,1.22464679914735E-16));
#14617=DIRECTION('',(0.,-1.22464679914735E-16,-1.));
#14618=DIRECTION('',(0.,-1.,1.22464679914735E-16));
#14619=DIRECTION('',(0.,-1.,1.22464679914735E-16));
#14620=DIRECTION('',(0.,-1.22464679914735E-16,-1.));
#14621=DIRECTION('',(0.,-1.,1.22464679914735E-16));
#14622=DIRECTION('',(0.,-1.,1.22464679914735E-16));
#14623=DIRECTION('',(0.,-1.22464679914735E-16,-1.));
#14624=DIRECTION('',(0.,1.,0.));
#14625=DIRECTION('',(0.,0.,1.));
#14626=DIRECTION('',(0.,1.22464679914735E-16,1.));
#14627=DIRECTION('',(0.,-1.,1.22464679914735E-16));
#14628=DIRECTION('',(1.,0.,0.));
#14629=DIRECTION('',(-1.,0.,0.));
#14630=DIRECTION('',(0.,0.,1.));
#14631=DIRECTION('',(0.,-1.,1.22464679914735E-16));
#14632=DIRECTION('',(1.,0.,0.));
#14633=DIRECTION('',(0.,0.,-1.));
#14634=DIRECTION('',(0.,-1.,1.22464679914735E-16));
#14635=DIRECTION('',(0.,-1.,1.22464679914735E-16));
#14636=DIRECTION('',(0.,-1.22464679914735E-16,-1.));
#14637=DIRECTION('',(-1.,0.,0.));
#14638=DIRECTION('',(0.,0.,1.));
#14639=DIRECTION('',(0.,-1.,1.22464679914735E-16));
#14640=DIRECTION('',(0.,-1.,1.22464679914735E-16));
#14641=DIRECTION('',(0.,-1.22464679914735E-16,-1.));
#14642=DIRECTION('',(0.,-1.,1.22464679914735E-16));
#14643=DIRECTION('',(0.,-1.22464679914735E-16,-1.));
#14644=DIRECTION('',(1.,0.,0.));
#14645=DIRECTION('',(0.,0.,-1.));
#14646=DIRECTION('',(0.,-1.,1.22464679914735E-16));
#14647=DIRECTION('',(0.,-1.,1.22464679914735E-16));
#14648=DIRECTION('',(0.,-1.22464679914735E-16,-1.));
#14649=DIRECTION('',(0.,1.,0.));
#14650=DIRECTION('',(0.,0.,1.));
#14651=DIRECTION('',(0.,-1.,0.));
#14652=DIRECTION('',(0.,0.,-1.));
#14653=DIRECTION('',(0.,-1.,0.));
#14654=DIRECTION('',(0.,0.,-1.));
#14655=DIRECTION('',(0.,-1.,0.));
#14656=DIRECTION('',(0.,0.,-1.));
#14657=DIRECTION('',(0.,1.,0.));
#14658=DIRECTION('',(0.,0.,1.));
#14659=DIRECTION('',(0.,1.,0.));
#14660=DIRECTION('',(0.,0.,1.));
#14661=DIRECTION('',(0.,-1.,0.));
#14662=DIRECTION('',(0.,0.,-1.));
#14663=DIRECTION('',(0.,-1.,0.));
#14664=DIRECTION('',(0.,0.,-1.));
#14665=DIRECTION('',(0.,-1.,6.16790569236198E-15));
#14666=DIRECTION('',(0.,-6.16790569236198E-15,-1.));
#14667=DIRECTION('',(0.,-1.,6.16790569236198E-15));
#14668=DIRECTION('',(0.,-6.16790569236198E-15,-1.));
#14669=DIRECTION('',(0.,1.,0.));
#14670=DIRECTION('',(0.,0.,1.));
#14671=DIRECTION('',(0.,1.,0.));
#14672=DIRECTION('',(0.,0.,1.));
#14673=DIRECTION('',(0.,1.,0.));
#14674=DIRECTION('',(0.,0.,1.));
#14675=DIRECTION('',(0.,1.,0.));
#14676=DIRECTION('',(0.,0.,1.));
#14677=DIRECTION('',(0.,-1.,0.));
#14678=DIRECTION('',(0.,0.,-1.));
#14679=DIRECTION('',(0.,1.,0.));
#14680=DIRECTION('',(0.,0.,1.));
#14681=DIRECTION('',(0.,1.,0.));
#14682=DIRECTION('',(0.,0.,1.));
#14683=DIRECTION('',(0.,1.,0.));
#14684=DIRECTION('',(0.,0.,1.));
#14685=DIRECTION('',(0.,1.,0.));
#14686=DIRECTION('',(0.,0.,1.));
#14687=DIRECTION('',(0.,1.,0.));
#14688=DIRECTION('',(0.,0.,1.));
#14689=DIRECTION('',(0.,1.,0.));
#14690=DIRECTION('',(0.,0.,1.));
#14691=DIRECTION('',(0.,-1.,0.));
#14692=DIRECTION('',(0.,0.,-1.));
#14693=DIRECTION('',(0.,-1.,0.));
#14694=DIRECTION('',(0.,0.,-1.));
#14695=DIRECTION('',(0.,1.,-6.16790569236198E-15));
#14696=DIRECTION('',(0.,6.16790569236198E-15,1.));
#14697=DIRECTION('',(0.,1.,-6.16790569236198E-15));
#14698=DIRECTION('',(0.,6.16790569236198E-15,1.));
#14699=DIRECTION('',(0.,1.,-6.16790569236198E-15));
#14700=DIRECTION('',(0.,6.16790569236198E-15,1.));
#14701=DIRECTION('',(0.,1.,-6.16790569236198E-15));
#14702=DIRECTION('',(0.,6.16790569236198E-15,1.));
#14703=DIRECTION('',(0.,-1.,6.16790569236198E-15));
#14704=DIRECTION('',(0.,-6.16790569236198E-15,-1.));
#14705=DIRECTION('',(0.,1.,-6.16790569236198E-15));
#14706=DIRECTION('',(0.,6.16790569236198E-15,1.));
#14707=DIRECTION('',(0.,1.,-6.16790569236198E-15));
#14708=DIRECTION('',(0.,6.16790569236198E-15,1.));
#14709=DIRECTION('',(0.,1.,-6.16790569236198E-15));
#14710=DIRECTION('',(0.,6.16790569236198E-15,1.));
#14711=DIRECTION('',(0.,1.,-6.16790569236198E-15));
#14712=DIRECTION('',(0.,6.16790569236198E-15,1.));
#14713=DIRECTION('',(0.,1.,-6.16790569236198E-15));
#14714=DIRECTION('',(0.,6.16790569236198E-15,1.));
#14715=DIRECTION('',(0.,1.,-6.16790569236198E-15));
#14716=DIRECTION('',(0.,6.16790569236198E-15,1.));
#14717=DIRECTION('',(0.,-1.,6.16790569236198E-15));
#14718=DIRECTION('',(0.,-6.16790569236198E-15,-1.));
#14719=DIRECTION('',(0.,-1.,6.16790569236198E-15));
#14720=DIRECTION('',(0.,-6.16790569236198E-15,-1.));
#14721=DIRECTION('',(0.,1.,0.));
#14722=DIRECTION('',(0.,0.,1.));
#14723=DIRECTION('',(0.,1.,0.));
#14724=DIRECTION('',(0.,0.,1.));
#14725=DIRECTION('',(0.,1.,0.));
#14726=DIRECTION('',(0.,0.,1.));
#14727=DIRECTION('',(0.,1.,0.));
#14728=DIRECTION('',(0.,0.,1.));
#14729=DIRECTION('',(0.,1.,0.));
#14730=DIRECTION('',(0.,0.,1.));
#14731=DIRECTION('',(0.,1.,0.));
#14732=DIRECTION('',(0.,0.,1.));
#14733=DIRECTION('',(0.,1.,0.));
#14734=DIRECTION('',(0.,0.,1.));
#14735=DIRECTION('',(0.,1.,0.));
#14736=DIRECTION('',(0.,0.,1.));
#14737=DIRECTION('',(0.,1.,0.));
#14738=DIRECTION('',(0.,0.,1.));
#14739=DIRECTION('',(0.,1.,0.));
#14740=DIRECTION('',(0.,0.,1.));
#14741=DIRECTION('',(0.,1.,0.));
#14742=DIRECTION('',(0.,0.,1.));
#14743=DIRECTION('',(0.,1.,0.));
#14744=DIRECTION('',(0.,0.,1.));
#14745=DIRECTION('',(-1.,0.,0.));
#14746=DIRECTION('',(0.,0.,1.));
#14747=DIRECTION('',(0.,-1.,1.22464679914735E-16));
#14748=DIRECTION('',(0.,0.,-1.));
#14749=DIRECTION('',(0.,-1.,1.22464679914735E-16));
#14750=DIRECTION('',(0.,-1.,1.22464679914735E-16));
#14751=DIRECTION('',(0.,-1.22464679914735E-16,-1.));
#14752=DIRECTION('',(0.,-1.,1.22464679914735E-16));
#14753=DIRECTION('',(0.,-1.,1.22464679914735E-16));
#14754=DIRECTION('',(1.,0.,0.));
#14755=DIRECTION('',(0.,-1.,1.22464679914735E-16));
#14756=DIRECTION('',(0.,-1.22464679914735E-16,-1.));
#14757=DIRECTION('',(0.,-1.,1.22464679914735E-16));
#14758=DIRECTION('',(0.,-1.,1.22464679914735E-16));
#14759=DIRECTION('',(1.,0.,0.));
#14760=DIRECTION('',(0.,-1.,1.22464679914735E-16));
#14761=DIRECTION('',(0.,-1.22464679914735E-16,-1.));
#14762=DIRECTION('',(0.,-1.,1.22464679914735E-16));
#14763=DIRECTION('',(0.,-1.,1.22464679914735E-16));
#14764=DIRECTION('',(1.,0.,0.));
#14765=DIRECTION('',(0.,-1.22464679914735E-16,-1.));
#14766=DIRECTION('',(0.,1.,-1.22464679914735E-16));
#14767=DIRECTION('',(0.,-1.,1.22464679914735E-16));
#14768=DIRECTION('',(1.,0.,0.));
#14769=DIRECTION('',(0.,-1.,1.22464679914735E-16));
#14770=DIRECTION('',(0.,-1.22464679914735E-16,-1.));
#14771=DIRECTION('',(0.,-1.,1.22464679914735E-16));
#14772=DIRECTION('',(0.,-1.,1.22464679914735E-16));
#14773=DIRECTION('',(1.,0.,0.));
#14774=DIRECTION('',(0.,-1.,1.22464679914735E-16));
#14775=DIRECTION('',(0.,-1.22464679914735E-16,-1.));
#14776=DIRECTION('',(0.,-1.,1.22464679914735E-16));
#14777=DIRECTION('',(0.,-1.,1.22464679914735E-16));
#14778=DIRECTION('',(1.,0.,0.));
#14779=DIRECTION('',(0.,-1.,1.22464679914735E-16));
#14780=DIRECTION('',(0.,-1.22464679914735E-16,-1.));
#14781=DIRECTION('',(0.,-1.,1.22464679914735E-16));
#14782=DIRECTION('',(0.,-1.,1.22464679914735E-16));
#14783=DIRECTION('',(1.,0.,0.));
#14784=DIRECTION('',(1.,0.,0.));
#14785=DIRECTION('',(0.,0.,-1.));
#14786=DIRECTION('',(0.,-1.,1.22464679914735E-16));
#14787=DIRECTION('',(0.,0.,1.));
#14788=DIRECTION('',(0.,-1.,1.22464679914735E-16));
#14789=DIRECTION('',(0.,-1.22464679914735E-16,-1.));
#14790=DIRECTION('',(0.,-1.,1.22464679914735E-16));
#14791=DIRECTION('',(0.,-1.,1.22464679914735E-16));
#14792=DIRECTION('',(1.,0.,0.));
#14793=DIRECTION('',(0.,-1.,1.22464679914735E-16));
#14794=DIRECTION('',(0.,-1.22464679914735E-16,-1.));
#14795=DIRECTION('',(0.,-1.,1.22464679914735E-16));
#14796=DIRECTION('',(0.,-1.,1.22464679914735E-16));
#14797=DIRECTION('',(1.,0.,0.));
#14798=DIRECTION('',(0.,-1.,1.22464679914735E-16));
#14799=DIRECTION('',(0.,-1.22464679914735E-16,-1.));
#14800=DIRECTION('',(0.,-1.,1.22464679914735E-16));
#14801=DIRECTION('',(0.,-1.,1.22464679914735E-16));
#14802=DIRECTION('',(1.,0.,0.));
#14803=DIRECTION('',(0.,1.22464679914735E-16,1.));
#14804=DIRECTION('',(0.,-1.,1.22464679914735E-16));
#14805=DIRECTION('',(0.,-1.,1.22464679914735E-16));
#14806=DIRECTION('',(-1.,0.,0.));
#14807=DIRECTION('',(0.,-1.,1.22464679914735E-16));
#14808=DIRECTION('',(0.,-1.22464679914735E-16,-1.));
#14809=DIRECTION('',(0.,-1.,1.22464679914735E-16));
#14810=DIRECTION('',(0.,-1.,1.22464679914735E-16));
#14811=DIRECTION('',(1.,0.,0.));
#14812=DIRECTION('',(0.,-1.,1.22464679914735E-16));
#14813=DIRECTION('',(0.,-1.22464679914735E-16,-1.));
#14814=DIRECTION('',(0.,-1.,1.22464679914735E-16));
#14815=DIRECTION('',(0.,-1.,1.22464679914735E-16));
#14816=DIRECTION('',(1.,0.,0.));
#14817=DIRECTION('',(0.,-1.,1.22464679914735E-16));
#14818=DIRECTION('',(0.,-1.22464679914735E-16,-1.));
#14819=DIRECTION('',(0.,-1.,1.22464679914735E-16));
#14820=DIRECTION('',(1.,0.,0.));
#14821=DIRECTION('',(0.,-1.,1.22464679914735E-16));
#14822=DIRECTION('',(0.,-1.22464679914735E-16,-1.));
#14823=DIRECTION('',(0.,0.,-1.));
#14824=DIRECTION('',(0.,-1.,1.22464679914735E-16));
#14825=DIRECTION('',(1.,0.,0.));
#14826=DIRECTION('',(0.,-1.,1.22464679914735E-16));
#14827=DIRECTION('',(1.,0.,0.));
#14828=DIRECTION('',(0.,-1.,1.22464679914735E-16));
#14829=DIRECTION('',(1.,0.,0.));
#14830=DIRECTION('',(-1.,0.,0.));
#14831=DIRECTION('',(0.,-1.,1.22464679914735E-16));
#14832=DIRECTION('',(1.,0.,0.));
#14833=DIRECTION('',(0.,-1.,1.22464679914735E-16));
#14834=DIRECTION('',(1.,0.,0.));
#14835=DIRECTION('',(0.,-1.,1.22464679914735E-16));
#14836=DIRECTION('',(1.,0.,0.));
#14837=DIRECTION('',(0.,0.,1.));
#14838=DIRECTION('',(0.,-1.,1.22464679914735E-16));
#14839=DIRECTION('',(1.,0.,0.));
#14840=DIRECTION('',(0.,-1.,1.22464679914735E-16));
#14841=DIRECTION('',(1.,0.,0.));
#14842=DIRECTION('',(0.,-1.,1.22464679914735E-16));
#14843=DIRECTION('',(1.,0.,0.));
#14844=DIRECTION('',(1.,0.,0.));
#14845=DIRECTION('',(0.,-1.,1.22464679914735E-16));
#14846=DIRECTION('',(1.,0.,0.));
#14847=DIRECTION('',(0.,-1.,1.22464679914735E-16));
#14848=DIRECTION('',(1.,0.,0.));
#14849=DIRECTION('',(0.,-1.,1.22464679914735E-16));
#14850=DIRECTION('',(1.,0.,0.));
#14851=DIRECTION('',(-1.,0.,0.));
#14852=DIRECTION('',(0.,0.,1.));
#14853=DIRECTION('',(0.,0.,-1.));
#14854=DIRECTION('',(0.,-1.,1.22464679914735E-16));
#14855=DIRECTION('',(0.,-1.,1.22464679914735E-16));
#14856=DIRECTION('',(0.,-1.,1.22464679914735E-16));
#14857=DIRECTION('',(0.,-1.22464679914735E-16,-1.));
#14858=DIRECTION('',(0.,-1.,1.22464679914735E-16));
#14859=DIRECTION('',(1.,0.,0.));
#14860=DIRECTION('',(0.,-1.,1.22464679914735E-16));
#14861=DIRECTION('',(0.,-1.,1.22464679914735E-16));
#14862=DIRECTION('',(0.,-1.22464679914735E-16,-1.));
#14863=DIRECTION('',(0.,-1.,1.22464679914735E-16));
#14864=DIRECTION('',(1.,0.,0.));
#14865=DIRECTION('',(0.,-1.,1.22464679914735E-16));
#14866=DIRECTION('',(0.,-1.,1.22464679914735E-16));
#14867=DIRECTION('',(0.,-1.22464679914735E-16,-1.));
#14868=DIRECTION('',(0.,-1.,1.22464679914735E-16));
#14869=DIRECTION('',(1.,0.,0.));
#14870=DIRECTION('',(0.,-1.,1.22464679914735E-16));
#14871=DIRECTION('',(0.,-1.22464679914735E-16,-1.));
#14872=DIRECTION('',(0.,1.,-1.22464679914735E-16));
#14873=DIRECTION('',(1.,0.,0.));
#14874=DIRECTION('',(0.,-1.,1.22464679914735E-16));
#14875=DIRECTION('',(0.,-1.,1.22464679914735E-16));
#14876=DIRECTION('',(0.,-1.22464679914735E-16,-1.));
#14877=DIRECTION('',(0.,-1.,1.22464679914735E-16));
#14878=DIRECTION('',(1.,0.,0.));
#14879=DIRECTION('',(0.,-1.,1.22464679914735E-16));
#14880=DIRECTION('',(0.,-1.,1.22464679914735E-16));
#14881=DIRECTION('',(0.,-1.22464679914735E-16,-1.));
#14882=DIRECTION('',(0.,-1.,1.22464679914735E-16));
#14883=DIRECTION('',(1.,0.,0.));
#14884=DIRECTION('',(0.,-1.,1.22464679914735E-16));
#14885=DIRECTION('',(0.,-1.,1.22464679914735E-16));
#14886=DIRECTION('',(0.,-1.22464679914735E-16,-1.));
#14887=DIRECTION('',(0.,-1.,1.22464679914735E-16));
#14888=DIRECTION('',(1.,0.,0.));
#14889=DIRECTION('',(0.,-1.,1.22464679914735E-16));
#14890=DIRECTION('',(1.,0.,0.));
#14891=DIRECTION('',(0.,0.,-1.));
#14892=DIRECTION('',(0.,0.,1.));
#14893=DIRECTION('',(0.,-1.,1.22464679914735E-16));
#14894=DIRECTION('',(0.,-1.,1.22464679914735E-16));
#14895=DIRECTION('',(0.,-1.22464679914735E-16,-1.));
#14896=DIRECTION('',(0.,-1.,1.22464679914735E-16));
#14897=DIRECTION('',(1.,0.,0.));
#14898=DIRECTION('',(0.,-1.,1.22464679914735E-16));
#14899=DIRECTION('',(0.,-1.,1.22464679914735E-16));
#14900=DIRECTION('',(0.,-1.22464679914735E-16,-1.));
#14901=DIRECTION('',(0.,-1.,1.22464679914735E-16));
#14902=DIRECTION('',(1.,0.,0.));
#14903=DIRECTION('',(0.,-1.,1.22464679914735E-16));
#14904=DIRECTION('',(0.,-1.,1.22464679914735E-16));
#14905=DIRECTION('',(0.,-1.22464679914735E-16,-1.));
#14906=DIRECTION('',(0.,-1.,1.22464679914735E-16));
#14907=DIRECTION('',(1.,0.,0.));
#14908=DIRECTION('',(0.,-1.,1.22464679914735E-16));
#14909=DIRECTION('',(0.,1.22464679914735E-16,1.));
#14910=DIRECTION('',(0.,-1.,1.22464679914735E-16));
#14911=DIRECTION('',(-1.,0.,0.));
#14912=DIRECTION('',(0.,-1.,1.22464679914735E-16));
#14913=DIRECTION('',(0.,-1.,1.22464679914735E-16));
#14914=DIRECTION('',(0.,-1.22464679914735E-16,-1.));
#14915=DIRECTION('',(0.,-1.,1.22464679914735E-16));
#14916=DIRECTION('',(1.,0.,0.));
#14917=DIRECTION('',(0.,-1.,1.22464679914735E-16));
#14918=DIRECTION('',(0.,-1.,1.22464679914735E-16));
#14919=DIRECTION('',(0.,-1.22464679914735E-16,-1.));
#14920=DIRECTION('',(0.,-1.,1.22464679914735E-16));
#14921=DIRECTION('',(1.,0.,0.));
#14922=DIRECTION('',(0.,-1.,1.22464679914735E-16));
#14923=DIRECTION('',(0.,-1.,1.22464679914735E-16));
#14924=DIRECTION('',(0.,-1.22464679914735E-16,-1.));
#14925=DIRECTION('',(0.,-1.,1.22464679914735E-16));
#14926=DIRECTION('',(1.,0.,0.));
#14927=DIRECTION('',(0.,-1.,1.22464679914735E-16));
#14928=DIRECTION('',(0.,-1.,1.22464679914735E-16));
#14929=DIRECTION('',(1.,0.,0.));
#14930=DIRECTION('',(0.,-1.,1.22464679914735E-16));
#14931=DIRECTION('',(0.,1.22464679914735E-16,1.));
#14932=DIRECTION('',(0.,-1.,1.22464679914735E-16));
#14933=DIRECTION('',(-1.,0.,0.));
#14934=DIRECTION('',(-1.,0.,0.));
#14935=DIRECTION('',(0.,-1.,1.22464679914735E-16));
#14936=DIRECTION('',(0.,-1.,1.22464679914735E-16));
#14937=DIRECTION('',(0.,-1.22464679914735E-16,-1.));
#14938=DIRECTION('',(0.,-1.,1.22464679914735E-16));
#14939=DIRECTION('',(1.,0.,0.));
#14940=DIRECTION('',(0.,-1.,1.22464679914735E-16));
#14941=DIRECTION('',(1.,0.,0.));
#14942=DIRECTION('',(0.,-1.,1.22464679914735E-16));
#14943=DIRECTION('',(1.,0.,0.));
#14944=DIRECTION('',(0.,0.,-1.));
#14945=DIRECTION('',(0.,0.,1.));
#14946=DIRECTION('',(0.,0.,1.));
#14947=DIRECTION('',(0.,-1.,1.22464679914735E-16));
#14948=DIRECTION('',(0.,-1.,1.22464679914735E-16));
#14949=DIRECTION('',(0.,-1.22464679914735E-16,-1.));
#14950=DIRECTION('',(0.,-1.,1.22464679914735E-16));
#14951=DIRECTION('',(1.,0.,0.));
#14952=DIRECTION('',(0.,-1.,1.22464679914735E-16));
#14953=DIRECTION('',(1.,0.,0.));
#14954=DIRECTION('',(0.,-1.,1.22464679914735E-16));
#14955=DIRECTION('',(0.,-1.22464679914735E-16,-1.));
#14956=DIRECTION('',(0.,1.,-1.22464679914735E-16));
#14957=DIRECTION('',(1.,0.,0.));
#14958=DIRECTION('',(1.,0.,0.));
#14959=DIRECTION('',(0.,-1.,1.22464679914735E-16));
#14960=DIRECTION('',(0.,-1.,1.22464679914735E-16));
#14961=DIRECTION('',(0.,-1.22464679914735E-16,-1.));
#14962=DIRECTION('',(0.,-1.,1.22464679914735E-16));
#14963=DIRECTION('',(1.,0.,0.));
#14964=DIRECTION('',(0.,-1.,1.22464679914735E-16));
#14965=DIRECTION('',(1.,0.,0.));
#14966=DIRECTION('',(0.,-1.,1.22464679914735E-16));
#14967=DIRECTION('',(-1.,0.,0.));
#14968=DIRECTION('',(0.,0.,1.));
#14969=DIRECTION('',(0.,0.,-1.));
#14970=DIRECTION('',(0.,0.,-1.));
#14971=DIRECTION('',(0.,-1.,1.22464679914735E-16));
#14972=DIRECTION('',(0.,-1.22464679914735E-16,-1.));
#14973=DIRECTION('',(0.,-1.,1.22464679914735E-16));
#14974=DIRECTION('',(1.,0.,0.));
#14975=DIRECTION('',(0.,-1.,1.22464679914735E-16));
#14976=DIRECTION('',(0.,-1.22464679914735E-16,-1.));
#14977=DIRECTION('',(0.,-1.,1.22464679914735E-16));
#14978=DIRECTION('',(0.,-1.22464679914735E-16,-1.));
#14979=DIRECTION('',(0.,0.,-1.));
#14980=DIRECTION('',(-0.866025403784439,0.,-0.5));
#14981=DIRECTION('',(0.,0.,-1.));
#14982=DIRECTION('',(0.866025403784439,0.,-0.5));
#14983=DIRECTION('',(0.,0.,-1.));
#14984=DIRECTION('',(-0.866025403784439,0.,-0.5));
#14985=DIRECTION('',(0.,0.,-1.));
#14986=DIRECTION('',(0.866025403784439,0.,-0.5));
#14987=DIRECTION('',(0.,0.,-1.));
#14988=DIRECTION('',(-0.866025403784439,0.,-0.5));
#14989=DIRECTION('',(0.,0.,-1.));
#14990=DIRECTION('',(0.866025403784439,0.,-0.5));
#14991=DIRECTION('',(0.,0.,-1.));
#14992=DIRECTION('',(-0.866025403784439,0.,-0.5));
#14993=DIRECTION('',(0.,0.,-1.));
#14994=DIRECTION('',(0.866025403784439,0.,-0.5));
#14995=DIRECTION('',(0.,0.,-1.));
#14996=DIRECTION('',(-0.866025403784439,0.,-0.5));
#14997=DIRECTION('',(0.,0.,-1.));
#14998=DIRECTION('',(0.866025403784439,0.,-0.5));
#14999=DIRECTION('',(0.,0.,-1.));
#15000=DIRECTION('',(-0.866025403784439,0.,-0.5));
#15001=DIRECTION('',(0.,0.,-1.));
#15002=DIRECTION('',(0.866025403784439,0.,-0.5));
#15003=DIRECTION('',(0.,0.,-1.));
#15004=DIRECTION('',(-0.866025403784436,0.,-0.500000000000004));
#15005=DIRECTION('',(0.,0.,-1.));
#15006=DIRECTION('',(-1.,0.,0.));
#15007=DIRECTION('',(0.,0.,1.));
#15008=DIRECTION('',(-0.866025403784441,0.,0.499999999999996));
#15009=DIRECTION('',(0.,0.,1.));
#15010=DIRECTION('',(0.866025403784439,0.,0.5));
#15011=DIRECTION('',(0.,0.,1.));
#15012=DIRECTION('',(-0.866025403784441,0.,0.499999999999996));
#15013=DIRECTION('',(0.,0.,1.));
#15014=DIRECTION('',(0.866025403784439,0.,0.5));
#15015=DIRECTION('',(0.,0.,1.));
#15016=DIRECTION('',(-0.866025403784441,0.,0.499999999999996));
#15017=DIRECTION('',(0.,0.,1.));
#15018=DIRECTION('',(0.866025403784439,0.,0.5));
#15019=DIRECTION('',(0.,0.,1.));
#15020=DIRECTION('',(-0.866025403784441,0.,0.499999999999996));
#15021=DIRECTION('',(0.,0.,1.));
#15022=DIRECTION('',(0.866025403784439,0.,0.5));
#15023=DIRECTION('',(0.,0.,1.));
#15024=DIRECTION('',(-0.866025403784441,0.,0.499999999999996));
#15025=DIRECTION('',(0.,0.,1.));
#15026=DIRECTION('',(0.866025403784439,0.,0.5));
#15027=DIRECTION('',(0.,0.,1.));
#15028=DIRECTION('',(-0.866025403784441,0.,0.499999999999996));
#15029=DIRECTION('',(0.,0.,1.));
#15030=DIRECTION('',(0.866025403784439,0.,0.5));
#15031=DIRECTION('',(0.,0.,1.));
#15032=DIRECTION('',(-0.866025403784441,0.,0.499999999999996));
#15033=DIRECTION('',(0.,0.,1.));
#15034=DIRECTION('',(0.866025403784436,0.,0.500000000000004));
#15035=DIRECTION('',(0.,0.,1.));
#15036=DIRECTION('',(1.,0.,0.));
#15037=DIRECTION('',(0.,0.,-1.));
#15038=DIRECTION('',(0.866025403784436,0.,-0.500000000000004));
#15039=DIRECTION('',(-1.,0.,0.));
#15040=DIRECTION('',(0.,0.,1.));
#15041=DIRECTION('',(0.,0.,-1.));
#15042=DIRECTION('',(0.,-1.,1.22464679914735E-16));
#15043=DIRECTION('',(0.,-1.,1.22464679914735E-16));
#15044=DIRECTION('',(-0.500000000000005,-1.0605752387249E-16,-0.866025403784436));
#15045=DIRECTION('',(-0.866025403784436,0.,0.500000000000005));
#15046=DIRECTION('',(0.866025403784436,0.,-0.500000000000004));
#15047=DIRECTION('',(0.,-1.,1.22464679914735E-16));
#15048=DIRECTION('',(-1.,0.,0.));
#15049=DIRECTION('',(0.,0.,1.));
#15050=DIRECTION('',(0.,0.,-1.));
#15051=DIRECTION('',(0.,-1.,1.22464679914735E-16));
#15052=DIRECTION('',(0.,-1.22464679914735E-16,-1.));
#15053=DIRECTION('',(0.,1.,-1.22464679914735E-16));
#15054=DIRECTION('',(1.,0.,0.));
#15055=DIRECTION('',(0.,-1.,1.22464679914735E-16));
#15056=DIRECTION('',(1.,0.,0.));
#15057=DIRECTION('',(0.,0.,-1.));
#15058=DIRECTION('',(0.,0.,1.));
#15059=DIRECTION('',(0.,-1.,1.22464679914735E-16));
#15060=DIRECTION('',(0.500000000000005,-1.0605752387249E-16,-0.866025403784436));
#15061=DIRECTION('',(-0.866025403784436,0.,-0.500000000000005));
#15062=DIRECTION('',(0.866025403784436,0.,0.500000000000004));
#15063=DIRECTION('',(0.,-1.,1.22464679914735E-16));
#15064=DIRECTION('',(1.,0.,0.));
#15065=DIRECTION('',(0.,0.,-1.));
#15066=DIRECTION('',(0.,0.,1.));
#15067=DIRECTION('',(0.,-1.,1.22464679914735E-16));
#15068=DIRECTION('',(0.499999999999996,1.06057523872491E-16,0.866025403784441));
#15069=DIRECTION('',(0.866025403784441,0.,-0.499999999999996));
#15070=DIRECTION('',(-0.866025403784441,0.,0.499999999999996));
#15071=DIRECTION('',(0.,-1.,1.22464679914735E-16));
#15072=DIRECTION('',(1.,0.,0.));
#15073=DIRECTION('',(0.,0.,-1.));
#15074=DIRECTION('',(0.,0.,1.));
#15075=DIRECTION('',(0.,-1.,1.22464679914735E-16));
#15076=DIRECTION('',(0.5,-1.06057523872491E-16,-0.866025403784439));
#15077=DIRECTION('',(-0.866025403784439,0.,-0.5));
#15078=DIRECTION('',(0.866025403784439,0.,0.5));
#15079=DIRECTION('',(0.,-1.,1.22464679914735E-16));
#15080=DIRECTION('',(1.,0.,0.));
#15081=DIRECTION('',(0.,0.,-1.));
#15082=DIRECTION('',(0.,0.,1.));
#15083=DIRECTION('',(0.,-1.,1.22464679914735E-16));
#15084=DIRECTION('',(0.499999999999996,1.06057523872491E-16,0.866025403784441));
#15085=DIRECTION('',(0.866025403784441,0.,-0.499999999999996));
#15086=DIRECTION('',(-0.866025403784441,0.,0.499999999999996));
#15087=DIRECTION('',(0.,-1.,1.22464679914735E-16));
#15088=DIRECTION('',(1.,0.,0.));
#15089=DIRECTION('',(0.,0.,-1.));
#15090=DIRECTION('',(0.,0.,1.));
#15091=DIRECTION('',(0.,-1.,1.22464679914735E-16));
#15092=DIRECTION('',(0.5,-1.06057523872491E-16,-0.866025403784439));
#15093=DIRECTION('',(-0.866025403784439,0.,-0.5));
#15094=DIRECTION('',(0.866025403784439,0.,0.5));
#15095=DIRECTION('',(0.,-1.,1.22464679914735E-16));
#15096=DIRECTION('',(1.,0.,0.));
#15097=DIRECTION('',(0.,0.,-1.));
#15098=DIRECTION('',(0.,0.,1.));
#15099=DIRECTION('',(0.,-1.,1.22464679914735E-16));
#15100=DIRECTION('',(0.499999999999996,1.06057523872491E-16,0.866025403784441));
#15101=DIRECTION('',(0.866025403784441,0.,-0.499999999999996));
#15102=DIRECTION('',(-0.866025403784441,0.,0.499999999999996));
#15103=DIRECTION('',(0.,-1.,1.22464679914735E-16));
#15104=DIRECTION('',(1.,0.,0.));
#15105=DIRECTION('',(0.,0.,-1.));
#15106=DIRECTION('',(0.,0.,1.));
#15107=DIRECTION('',(0.,-1.,1.22464679914735E-16));
#15108=DIRECTION('',(0.5,-1.06057523872491E-16,-0.866025403784439));
#15109=DIRECTION('',(-0.866025403784439,0.,-0.5));
#15110=DIRECTION('',(0.866025403784439,0.,0.5));
#15111=DIRECTION('',(0.,-1.,1.22464679914735E-16));
#15112=DIRECTION('',(1.,0.,0.));
#15113=DIRECTION('',(0.,0.,-1.));
#15114=DIRECTION('',(0.,0.,1.));
#15115=DIRECTION('',(0.,-1.,1.22464679914735E-16));
#15116=DIRECTION('',(0.499999999999996,1.06057523872491E-16,0.866025403784441));
#15117=DIRECTION('',(0.866025403784441,0.,-0.499999999999996));
#15118=DIRECTION('',(-0.866025403784441,0.,0.499999999999996));
#15119=DIRECTION('',(0.,-1.,1.22464679914735E-16));
#15120=DIRECTION('',(1.,0.,0.));
#15121=DIRECTION('',(0.,0.,-1.));
#15122=DIRECTION('',(0.,0.,1.));
#15123=DIRECTION('',(0.,-1.,1.22464679914735E-16));
#15124=DIRECTION('',(0.5,-1.06057523872491E-16,-0.866025403784439));
#15125=DIRECTION('',(-0.866025403784439,0.,-0.5));
#15126=DIRECTION('',(0.866025403784439,0.,0.5));
#15127=DIRECTION('',(0.,-1.,1.22464679914735E-16));
#15128=DIRECTION('',(1.,0.,0.));
#15129=DIRECTION('',(0.,0.,-1.));
#15130=DIRECTION('',(0.,0.,1.));
#15131=DIRECTION('',(0.,-1.,1.22464679914735E-16));
#15132=DIRECTION('',(0.499999999999996,1.06057523872491E-16,0.866025403784441));
#15133=DIRECTION('',(0.866025403784441,0.,-0.499999999999996));
#15134=DIRECTION('',(-0.866025403784441,0.,0.499999999999996));
#15135=DIRECTION('',(0.,-1.,1.22464679914735E-16));
#15136=DIRECTION('',(1.,0.,0.));
#15137=DIRECTION('',(0.,0.,-1.));
#15138=DIRECTION('',(0.,0.,1.));
#15139=DIRECTION('',(0.,-1.,1.22464679914735E-16));
#15140=DIRECTION('',(0.5,-1.06057523872491E-16,-0.866025403784439));
#15141=DIRECTION('',(-0.866025403784439,0.,-0.5));
#15142=DIRECTION('',(0.866025403784439,0.,0.5));
#15143=DIRECTION('',(0.,-1.,1.22464679914735E-16));
#15144=DIRECTION('',(1.,0.,0.));
#15145=DIRECTION('',(0.,0.,-1.));
#15146=DIRECTION('',(0.,0.,1.));
#15147=DIRECTION('',(0.,-1.,1.22464679914735E-16));
#15148=DIRECTION('',(0.499999999999996,1.06057523872491E-16,0.866025403784441));
#15149=DIRECTION('',(0.866025403784441,0.,-0.499999999999996));
#15150=DIRECTION('',(-0.866025403784441,0.,0.499999999999996));
#15151=DIRECTION('',(0.,-1.,1.22464679914735E-16));
#15152=DIRECTION('',(1.,0.,0.));
#15153=DIRECTION('',(0.,0.,-1.));
#15154=DIRECTION('',(0.,0.,1.));
#15155=DIRECTION('',(0.,-1.,1.22464679914735E-16));
#15156=DIRECTION('',(0.5,-1.06057523872491E-16,-0.866025403784439));
#15157=DIRECTION('',(-0.866025403784439,0.,-0.5));
#15158=DIRECTION('',(0.866025403784439,0.,0.5));
#15159=DIRECTION('',(0.,-1.,1.22464679914735E-16));
#15160=DIRECTION('',(1.,0.,0.));
#15161=DIRECTION('',(0.,0.,-1.));
#15162=DIRECTION('',(0.,0.,1.));
#15163=DIRECTION('',(0.,-1.,1.22464679914735E-16));
#15164=DIRECTION('',(0.499999999999996,1.06057523872491E-16,0.866025403784441));
#15165=DIRECTION('',(0.866025403784441,0.,-0.499999999999996));
#15166=DIRECTION('',(-0.866025403784441,0.,0.499999999999996));
#15167=DIRECTION('',(0.,-1.,1.22464679914735E-16));
#15168=DIRECTION('',(1.,0.,0.));
#15169=DIRECTION('',(0.,0.,-1.));
#15170=DIRECTION('',(0.,0.,1.));
#15171=DIRECTION('',(0.,-1.,1.22464679914735E-16));
#15172=DIRECTION('',(0.,1.22464679914735E-16,1.));
#15173=DIRECTION('',(0.,-1.,1.22464679914735E-16));
#15174=DIRECTION('',(-1.,0.,0.));
#15175=DIRECTION('',(0.,-1.,1.22464679914735E-16));
#15176=DIRECTION('',(-1.,0.,0.));
#15177=DIRECTION('',(0.,0.,1.));
#15178=DIRECTION('',(0.,0.,-1.));
#15179=DIRECTION('',(0.,-1.,1.22464679914735E-16));
#15180=DIRECTION('',(-0.500000000000005,1.0605752387249E-16,0.866025403784436));
#15181=DIRECTION('',(0.866025403784436,0.,0.500000000000005));
#15182=DIRECTION('',(-0.866025403784436,0.,-0.500000000000004));
#15183=DIRECTION('',(0.,-1.,1.22464679914735E-16));
#15184=DIRECTION('',(-1.,0.,0.));
#15185=DIRECTION('',(0.,0.,1.));
#15186=DIRECTION('',(0.,0.,-1.));
#15187=DIRECTION('',(0.,-1.,1.22464679914735E-16));
#15188=DIRECTION('',(-0.5,-1.06057523872491E-16,-0.866025403784439));
#15189=DIRECTION('',(-0.866025403784439,0.,0.5));
#15190=DIRECTION('',(0.866025403784439,0.,-0.5));
#15191=DIRECTION('',(0.,-1.,1.22464679914735E-16));
#15192=DIRECTION('',(-1.,0.,0.));
#15193=DIRECTION('',(0.,0.,1.));
#15194=DIRECTION('',(0.,0.,-1.));
#15195=DIRECTION('',(0.,-1.,1.22464679914735E-16));
#15196=DIRECTION('',(-0.5,1.06057523872491E-16,0.866025403784439));
#15197=DIRECTION('',(0.866025403784439,0.,0.5));
#15198=DIRECTION('',(-0.866025403784439,0.,-0.5));
#15199=DIRECTION('',(0.,-1.,1.22464679914735E-16));
#15200=DIRECTION('',(-1.,0.,0.));
#15201=DIRECTION('',(0.,0.,1.));
#15202=DIRECTION('',(0.,0.,-1.));
#15203=DIRECTION('',(0.,-1.,1.22464679914735E-16));
#15204=DIRECTION('',(-0.5,-1.06057523872491E-16,-0.866025403784439));
#15205=DIRECTION('',(-0.866025403784439,0.,0.5));
#15206=DIRECTION('',(0.866025403784439,0.,-0.5));
#15207=DIRECTION('',(0.,-1.,1.22464679914735E-16));
#15208=DIRECTION('',(-1.,0.,0.));
#15209=DIRECTION('',(0.,0.,1.));
#15210=DIRECTION('',(0.,0.,-1.));
#15211=DIRECTION('',(0.,-1.,1.22464679914735E-16));
#15212=DIRECTION('',(-0.5,1.06057523872491E-16,0.866025403784439));
#15213=DIRECTION('',(0.866025403784439,0.,0.5));
#15214=DIRECTION('',(-0.866025403784439,0.,-0.5));
#15215=DIRECTION('',(0.,-1.,1.22464679914735E-16));
#15216=DIRECTION('',(-1.,0.,0.));
#15217=DIRECTION('',(0.,0.,1.));
#15218=DIRECTION('',(0.,0.,-1.));
#15219=DIRECTION('',(0.,-1.,1.22464679914735E-16));
#15220=DIRECTION('',(-0.5,-1.06057523872491E-16,-0.866025403784439));
#15221=DIRECTION('',(-0.866025403784439,0.,0.5));
#15222=DIRECTION('',(0.866025403784439,0.,-0.5));
#15223=DIRECTION('',(0.,-1.,1.22464679914735E-16));
#15224=DIRECTION('',(-1.,0.,0.));
#15225=DIRECTION('',(0.,0.,1.));
#15226=DIRECTION('',(0.,0.,-1.));
#15227=DIRECTION('',(0.,-1.,1.22464679914735E-16));
#15228=DIRECTION('',(-0.5,1.06057523872491E-16,0.866025403784439));
#15229=DIRECTION('',(0.866025403784439,0.,0.5));
#15230=DIRECTION('',(-0.866025403784439,0.,-0.5));
#15231=DIRECTION('',(0.,-1.,1.22464679914735E-16));
#15232=DIRECTION('',(-1.,0.,0.));
#15233=DIRECTION('',(0.,0.,1.));
#15234=DIRECTION('',(0.,0.,-1.));
#15235=DIRECTION('',(0.,-1.,1.22464679914735E-16));
#15236=DIRECTION('',(-0.5,-1.06057523872491E-16,-0.866025403784439));
#15237=DIRECTION('',(-0.866025403784439,0.,0.5));
#15238=DIRECTION('',(0.866025403784439,0.,-0.5));
#15239=DIRECTION('',(0.,-1.,1.22464679914735E-16));
#15240=DIRECTION('',(-1.,0.,0.));
#15241=DIRECTION('',(0.,0.,1.));
#15242=DIRECTION('',(0.,0.,-1.));
#15243=DIRECTION('',(0.,-1.,1.22464679914735E-16));
#15244=DIRECTION('',(-0.5,1.06057523872491E-16,0.866025403784439));
#15245=DIRECTION('',(0.866025403784439,0.,0.5));
#15246=DIRECTION('',(-0.866025403784439,0.,-0.5));
#15247=DIRECTION('',(0.,-1.,1.22464679914735E-16));
#15248=DIRECTION('',(-1.,0.,0.));
#15249=DIRECTION('',(0.,0.,1.));
#15250=DIRECTION('',(0.,0.,-1.));
#15251=DIRECTION('',(0.,-1.,1.22464679914735E-16));
#15252=DIRECTION('',(-0.5,-1.06057523872491E-16,-0.866025403784439));
#15253=DIRECTION('',(-0.866025403784439,0.,0.5));
#15254=DIRECTION('',(0.866025403784439,0.,-0.5));
#15255=DIRECTION('',(0.,-1.,1.22464679914735E-16));
#15256=DIRECTION('',(-1.,0.,0.));
#15257=DIRECTION('',(0.,0.,1.));
#15258=DIRECTION('',(0.,0.,-1.));
#15259=DIRECTION('',(0.,-1.,1.22464679914735E-16));
#15260=DIRECTION('',(-0.5,1.06057523872491E-16,0.866025403784439));
#15261=DIRECTION('',(0.866025403784439,0.,0.5));
#15262=DIRECTION('',(-0.866025403784439,0.,-0.5));
#15263=DIRECTION('',(0.,-1.,1.22464679914735E-16));
#15264=DIRECTION('',(-1.,0.,0.));
#15265=DIRECTION('',(0.,0.,1.));
#15266=DIRECTION('',(0.,0.,-1.));
#15267=DIRECTION('',(0.,-1.,1.22464679914735E-16));
#15268=DIRECTION('',(-0.5,-1.06057523872491E-16,-0.866025403784439));
#15269=DIRECTION('',(-0.866025403784439,0.,0.5));
#15270=DIRECTION('',(0.866025403784439,0.,-0.5));
#15271=DIRECTION('',(0.,-1.,1.22464679914735E-16));
#15272=DIRECTION('',(-1.,0.,0.));
#15273=DIRECTION('',(0.,0.,1.));
#15274=DIRECTION('',(0.,0.,-1.));
#15275=DIRECTION('',(0.,-1.,1.22464679914735E-16));
#15276=DIRECTION('',(0.,-1.,1.22464679914735E-16));
#15277=DIRECTION('',(0.,-1.22464679914735E-16,-1.));
#15278=DIRECTION('',(0.,-1.,1.22464679914735E-16));
#15279=DIRECTION('',(1.,0.,0.));
#15280=DIRECTION('',(0.,-1.,1.22464679914735E-16));
#15281=DIRECTION('',(1.,0.,0.));
#15282=DIRECTION('',(0.,-1.,1.22464679914735E-16));
#15283=DIRECTION('',(0.,-1.22464679914735E-16,-1.));
#15284=DIRECTION('',(0.,-1.,1.22464679914735E-16));
#15285=DIRECTION('',(1.,0.,0.));
#15286=DIRECTION('',(0.,-1.,1.22464679914735E-16));
#15287=DIRECTION('',(1.,0.,0.));
#15288=DIRECTION('',(0.,-1.,1.22464679914735E-16));
#15289=DIRECTION('',(0.,-1.22464679914735E-16,-1.));
#15290=DIRECTION('',(0.,-1.,1.22464679914735E-16));
#15291=DIRECTION('',(1.,0.,0.));
#15292=DIRECTION('',(0.,-1.,1.22464679914735E-16));
#15293=DIRECTION('',(1.,0.,0.));
#15294=DIRECTION('',(0.,-1.,1.22464679914735E-16));
#15295=DIRECTION('',(0.,-1.22464679914735E-16,-1.));
#15296=DIRECTION('',(0.,-1.,1.22464679914735E-16));
#15297=DIRECTION('',(1.,0.,0.));
#15298=DIRECTION('',(0.,-1.,1.22464679914735E-16));
#15299=DIRECTION('',(1.,0.,0.));
#15300=DIRECTION('',(0.,-1.,1.22464679914735E-16));
#15301=DIRECTION('',(0.,-1.22464679914735E-16,-1.));
#15302=DIRECTION('',(0.,-1.,1.22464679914735E-16));
#15303=DIRECTION('',(1.,0.,0.));
#15304=DIRECTION('',(0.,-1.,1.22464679914735E-16));
#15305=DIRECTION('',(1.,0.,0.));
#15306=DIRECTION('',(0.,-1.,1.22464679914735E-16));
#15307=DIRECTION('',(0.,-1.22464679914735E-16,-1.));
#15308=DIRECTION('',(0.,-1.,1.22464679914735E-16));
#15309=DIRECTION('',(1.,0.,0.));
#15310=DIRECTION('',(0.,-1.,1.22464679914735E-16));
#15311=DIRECTION('',(1.,0.,0.));
#15312=DIRECTION('',(0.,-1.,1.22464679914735E-16));
#15313=DIRECTION('',(0.,-1.22464679914735E-16,-1.));
#15314=DIRECTION('',(0.,-1.,1.22464679914735E-16));
#15315=DIRECTION('',(1.,0.,0.));
#15316=DIRECTION('',(0.,-1.,1.22464679914735E-16));
#15317=DIRECTION('',(1.,0.,0.));
#15318=DIRECTION('',(0.,-1.,1.22464679914735E-16));
#15319=DIRECTION('',(0.,-1.22464679914735E-16,-1.));
#15320=DIRECTION('',(0.,-1.,1.22464679914735E-16));
#15321=DIRECTION('',(1.,0.,0.));
#15322=DIRECTION('',(0.,-1.,1.22464679914735E-16));
#15323=DIRECTION('',(1.,0.,0.));
#15324=DIRECTION('',(0.,-1.,1.22464679914735E-16));
#15325=DIRECTION('',(0.,-1.22464679914735E-16,-1.));
#15326=DIRECTION('',(0.,-1.,1.22464679914735E-16));
#15327=DIRECTION('',(1.,0.,0.));
#15328=DIRECTION('',(0.,-1.,1.22464679914735E-16));
#15329=DIRECTION('',(1.,0.,0.));
#15330=DIRECTION('',(0.,-1.,1.22464679914735E-16));
#15331=DIRECTION('',(0.,-1.22464679914735E-16,-1.));
#15332=DIRECTION('',(0.,-1.,1.22464679914735E-16));
#15333=DIRECTION('',(1.,0.,0.));
#15334=DIRECTION('',(0.,-1.,1.22464679914735E-16));
#15335=DIRECTION('',(1.,0.,0.));
#15336=DIRECTION('',(0.,-1.,1.22464679914735E-16));
#15337=DIRECTION('',(0.,-1.22464679914735E-16,-1.));
#15338=DIRECTION('',(0.,-1.,1.22464679914735E-16));
#15339=DIRECTION('',(1.,0.,0.));
#15340=DIRECTION('',(0.,-1.,1.22464679914735E-16));
#15341=DIRECTION('',(1.,0.,0.));
#15342=DIRECTION('',(0.,-1.,1.22464679914735E-16));
#15343=DIRECTION('',(0.,-1.22464679914735E-16,-1.));
#15344=DIRECTION('',(0.,-1.,1.22464679914735E-16));
#15345=DIRECTION('',(1.,0.,0.));
#15346=DIRECTION('',(0.,-1.,1.22464679914735E-16));
#15347=DIRECTION('',(1.,0.,0.));
#15348=DIRECTION('',(0.,-1.,1.22464679914735E-16));
#15349=DIRECTION('',(0.,-1.22464679914735E-16,-1.));
#15350=DIRECTION('',(0.,-1.,1.22464679914735E-16));
#15351=DIRECTION('',(1.,0.,0.));
#15352=DIRECTION('',(0.,-1.,1.22464679914735E-16));
#15353=DIRECTION('',(1.,0.,0.));
#15354=DIRECTION('',(0.,-1.,1.22464679914735E-16));
#15355=DIRECTION('',(0.,-1.22464679914735E-16,-1.));
#15356=DIRECTION('',(0.,-1.,1.22464679914735E-16));
#15357=DIRECTION('',(1.,0.,0.));
#15358=DIRECTION('',(0.,-1.,1.22464679914735E-16));
#15359=DIRECTION('',(1.,0.,0.));
#15360=DIRECTION('',(-0.5,1.06057523872491E-16,0.866025403784439));
#15361=DIRECTION('',(0.866025403784439,0.,0.5));
#15362=DIRECTION('',(-0.866025403784439,0.,-0.5));
#15363=DIRECTION('',(0.,-1.,0.));
#15364=DIRECTION('',(0.,0.,-1.));
#15365=DIRECTION('',(0.,-1.,1.22464679914735E-16));
#15366=DIRECTION('',(0.,-1.22464679914735E-16,-1.));
#15367=DIRECTION('',(0.,-1.,1.22464679914735E-16));
#15368=DIRECTION('',(0.,-1.22464679914735E-16,-1.));
#15369=DIRECTION('',(0.,-1.,1.22464679914735E-16));
#15370=DIRECTION('',(0.,-1.22464679914735E-16,-1.));
#15371=DIRECTION('',(0.,-1.,1.22464679914735E-16));
#15372=DIRECTION('',(0.,-1.22464679914735E-16,-1.));
#15373=DIRECTION('',(0.,-1.,1.22464679914735E-16));
#15374=DIRECTION('',(0.,-1.22464679914735E-16,-1.));
#15375=DIRECTION('',(0.,-1.,1.22464679914735E-16));
#15376=DIRECTION('',(0.,-1.22464679914735E-16,-1.));
#15377=DIRECTION('',(0.,-1.,1.22464679914735E-16));
#15378=DIRECTION('',(0.,-1.22464679914735E-16,-1.));
#15379=DIRECTION('',(0.,-1.,1.22464679914735E-16));
#15380=DIRECTION('',(0.,-1.22464679914735E-16,-1.));
#15381=DIRECTION('',(0.,-1.,1.22464679914735E-16));
#15382=DIRECTION('',(0.,-1.22464679914735E-16,-1.));
#15383=DIRECTION('',(0.,-1.,1.22464679914735E-16));
#15384=DIRECTION('',(0.,-1.22464679914735E-16,-1.));
#15385=DIRECTION('',(0.,-1.,1.22464679914735E-16));
#15386=DIRECTION('',(0.,-1.22464679914735E-16,-1.));
#15387=DIRECTION('',(0.,-1.,1.22464679914735E-16));
#15388=DIRECTION('',(0.,-1.22464679914735E-16,-1.));
#15389=DIRECTION('',(0.,-1.,1.22464679914735E-16));
#15390=DIRECTION('',(0.,-1.22464679914735E-16,-1.));
#15391=DIRECTION('',(0.,-1.,1.22464679914735E-16));
#15392=DIRECTION('',(0.,-1.22464679914735E-16,-1.));
#15393=DIRECTION('',(0.,-1.,1.22464679914735E-16));
#15394=DIRECTION('',(0.,-1.22464679914735E-16,-1.));
#15395=DIRECTION('',(0.,-1.,1.22464679914735E-16));
#15396=DIRECTION('',(0.,-1.22464679914735E-16,-1.));
#15397=DIRECTION('',(0.,-1.,1.22464679914735E-16));
#15398=DIRECTION('',(0.,-1.22464679914735E-16,-1.));
#15399=DIRECTION('',(0.,-1.,1.22464679914735E-16));
#15400=DIRECTION('',(0.,-1.22464679914735E-16,-1.));
#15401=DIRECTION('',(0.,-1.,1.22464679914735E-16));
#15402=DIRECTION('',(0.,-1.22464679914735E-16,-1.));
#15403=DIRECTION('',(0.,-1.,1.22464679914735E-16));
#15404=DIRECTION('',(0.,-1.22464679914735E-16,-1.));
#15405=DIRECTION('',(0.,-1.,1.22464679914735E-16));
#15406=DIRECTION('',(0.,-1.22464679914735E-16,-1.));
#15407=DIRECTION('',(0.,-1.,1.22464679914735E-16));
#15408=DIRECTION('',(0.,-1.22464679914735E-16,-1.));
#15409=DIRECTION('',(0.,-1.,1.22464679914735E-16));
#15410=DIRECTION('',(0.,-1.22464679914735E-16,-1.));
#15411=DIRECTION('',(0.,-1.,1.22464679914735E-16));
#15412=DIRECTION('',(0.,-1.22464679914735E-16,-1.));
#15413=DIRECTION('',(0.,-1.,1.22464679914735E-16));
#15414=DIRECTION('',(0.,-1.22464679914735E-16,-1.));
#15415=DIRECTION('',(0.,-1.,1.22464679914735E-16));
#15416=DIRECTION('',(0.,-1.22464679914735E-16,-1.));
#15417=DIRECTION('',(0.,-1.,1.22464679914735E-16));
#15418=DIRECTION('',(0.,-1.22464679914735E-16,-1.));
#15419=DIRECTION('',(0.,-1.,1.22464679914735E-16));
#15420=DIRECTION('',(0.,-1.22464679914735E-16,-1.));
#15421=DIRECTION('',(0.,-1.,1.22464679914735E-16));
#15422=DIRECTION('',(0.,-1.22464679914735E-16,-1.));
#15423=DIRECTION('',(0.,-1.,1.22464679914735E-16));
#15424=DIRECTION('',(1.,0.,0.));
#15425=DIRECTION('',(0.,-1.,1.22464679914735E-16));
#15426=DIRECTION('',(0.,-1.22464679914735E-16,-1.));
#15427=DIRECTION('',(0.,-1.,1.22464679914735E-16));
#15428=DIRECTION('',(0.,-1.22464679914735E-16,-1.));
#15429=DIRECTION('',(0.,-1.,1.22464679914735E-16));
#15430=DIRECTION('',(1.,0.,0.));
#15431=DIRECTION('',(0.,-1.,1.22464679914735E-16));
#15432=DIRECTION('',(0.,-1.22464679914735E-16,-1.));
#15433=DIRECTION('',(0.,-1.,1.22464679914735E-16));
#15434=DIRECTION('',(0.,-1.22464679914735E-16,-1.));
#15435=DIRECTION('',(0.,-1.,1.22464679914735E-16));
#15436=DIRECTION('',(1.,0.,0.));
#15437=DIRECTION('',(0.,-1.,1.22464679914735E-16));
#15438=DIRECTION('',(0.,-1.22464679914735E-16,-1.));
#15439=DIRECTION('',(0.,-1.,1.22464679914735E-16));
#15440=DIRECTION('',(0.,-1.22464679914735E-16,-1.));
#15441=DIRECTION('',(0.,-1.,1.22464679914735E-16));
#15442=DIRECTION('',(1.,0.,0.));
#15443=DIRECTION('',(0.,-1.,1.22464679914735E-16));
#15444=DIRECTION('',(0.,-1.22464679914735E-16,-1.));
#15445=DIRECTION('',(0.,-1.,1.22464679914735E-16));
#15446=DIRECTION('',(0.,-1.22464679914735E-16,-1.));
#15447=DIRECTION('',(0.,-1.,1.22464679914735E-16));
#15448=DIRECTION('',(1.,0.,0.));
#15449=DIRECTION('',(0.,-1.,1.22464679914735E-16));
#15450=DIRECTION('',(0.,-1.22464679914735E-16,-1.));
#15451=DIRECTION('',(0.,-1.,1.22464679914735E-16));
#15452=DIRECTION('',(0.,-1.22464679914735E-16,-1.));
#15453=DIRECTION('',(0.,-1.,1.22464679914735E-16));
#15454=DIRECTION('',(1.,0.,0.));
#15455=DIRECTION('',(0.,-1.,1.22464679914735E-16));
#15456=DIRECTION('',(0.,-1.22464679914735E-16,-1.));
#15457=DIRECTION('',(0.,-1.,1.22464679914735E-16));
#15458=DIRECTION('',(0.,-1.22464679914735E-16,-1.));
#15459=DIRECTION('',(0.,-1.,1.22464679914735E-16));
#15460=DIRECTION('',(1.,0.,0.));
#15461=DIRECTION('',(0.,-1.,1.22464679914735E-16));
#15462=DIRECTION('',(0.,-1.22464679914735E-16,-1.));
#15463=DIRECTION('',(0.,-1.,1.22464679914735E-16));
#15464=DIRECTION('',(0.,-1.22464679914735E-16,-1.));
#15465=DIRECTION('',(0.,-1.,1.22464679914735E-16));
#15466=DIRECTION('',(1.,0.,0.));
#15467=DIRECTION('',(0.,-1.,1.22464679914735E-16));
#15468=DIRECTION('',(0.,-1.22464679914735E-16,-1.));
#15469=DIRECTION('',(0.,-1.,1.22464679914735E-16));
#15470=DIRECTION('',(0.,-1.22464679914735E-16,-1.));
#15471=DIRECTION('',(0.,-1.,1.22464679914735E-16));
#15472=DIRECTION('',(1.,0.,0.));
#15473=DIRECTION('',(0.,-1.,1.22464679914735E-16));
#15474=DIRECTION('',(0.,-1.22464679914735E-16,-1.));
#15475=DIRECTION('',(0.,-1.,1.22464679914735E-16));
#15476=DIRECTION('',(0.,-1.22464679914735E-16,-1.));
#15477=DIRECTION('',(0.,-1.,1.22464679914735E-16));
#15478=DIRECTION('',(1.,0.,0.));
#15479=DIRECTION('',(0.,-1.,1.22464679914735E-16));
#15480=DIRECTION('',(0.,-1.22464679914735E-16,-1.));
#15481=DIRECTION('',(0.,-1.,1.22464679914735E-16));
#15482=DIRECTION('',(0.,-1.22464679914735E-16,-1.));
#15483=DIRECTION('',(0.,-1.,1.22464679914735E-16));
#15484=DIRECTION('',(1.,0.,0.));
#15485=DIRECTION('',(0.,-1.,1.22464679914735E-16));
#15486=DIRECTION('',(0.,-1.22464679914735E-16,-1.));
#15487=DIRECTION('',(0.,-1.,1.22464679914735E-16));
#15488=DIRECTION('',(0.,-1.22464679914735E-16,-1.));
#15489=DIRECTION('',(0.,-1.,1.22464679914735E-16));
#15490=DIRECTION('',(1.,0.,0.));
#15491=DIRECTION('',(0.,-1.,1.22464679914735E-16));
#15492=DIRECTION('',(0.,-1.22464679914735E-16,-1.));
#15493=DIRECTION('',(0.,-1.,1.22464679914735E-16));
#15494=DIRECTION('',(0.,-1.22464679914735E-16,-1.));
#15495=DIRECTION('',(0.,-1.,1.22464679914735E-16));
#15496=DIRECTION('',(1.,0.,0.));
#15497=DIRECTION('',(0.,-1.,1.22464679914735E-16));
#15498=DIRECTION('',(0.,-1.22464679914735E-16,-1.));
#15499=DIRECTION('',(0.,-1.,1.22464679914735E-16));
#15500=DIRECTION('',(0.,-1.22464679914735E-16,-1.));
#15501=DIRECTION('',(0.,-1.,1.22464679914735E-16));
#15502=DIRECTION('',(1.,0.,0.));
#15503=DIRECTION('',(0.,-1.,1.22464679914735E-16));
#15504=DIRECTION('',(0.,-1.22464679914735E-16,-1.));
#15505=DIRECTION('',(0.,1.,0.));
#15506=DIRECTION('',(0.,0.,1.));
#15507=DIRECTION('',(0.,1.,0.));
#15508=DIRECTION('',(0.,0.,1.));
#15509=DIRECTION('',(0.,1.,0.));
#15510=DIRECTION('',(0.,0.,1.));
#15511=DIRECTION('',(0.,1.,0.));
#15512=DIRECTION('',(0.,0.,1.));
#15513=DIRECTION('',(0.,1.,0.));
#15514=DIRECTION('',(0.,0.,1.));
#15515=DIRECTION('',(0.,1.,0.));
#15516=DIRECTION('',(0.,0.,1.));
#15517=DIRECTION('',(0.,1.,0.));
#15518=DIRECTION('',(0.,0.,1.));
#15519=DIRECTION('',(0.,1.,0.));
#15520=DIRECTION('',(0.,0.,1.));
#15521=DIRECTION('',(0.,1.,0.));
#15522=DIRECTION('',(0.,0.,1.));
#15523=DIRECTION('',(0.,1.,0.));
#15524=DIRECTION('',(0.,0.,1.));
#15525=DIRECTION('',(0.,1.,0.));
#15526=DIRECTION('',(0.,0.,1.));
#15527=DIRECTION('',(0.,1.,0.));
#15528=DIRECTION('',(0.,0.,1.));
#15529=DIRECTION('',(0.,1.,0.));
#15530=DIRECTION('',(0.,0.,1.));
#15531=DIRECTION('',(0.,1.,0.));
#15532=DIRECTION('',(0.,0.,1.));
#15533=DIRECTION('',(0.,1.,0.));
#15534=DIRECTION('',(0.,0.,1.));
#15535=DIRECTION('',(0.,1.,0.));
#15536=DIRECTION('',(0.,0.,1.));
#15537=DIRECTION('',(0.,-1.,0.));
#15538=DIRECTION('',(0.,0.,-1.));
#15539=DIRECTION('',(0.,1.,0.));
#15540=DIRECTION('',(0.,0.,1.));
#15541=DIRECTION('',(0.,1.,0.));
#15542=DIRECTION('',(0.,0.,1.));
#15543=DIRECTION('',(0.,1.,0.));
#15544=DIRECTION('',(0.,0.,1.));
#15545=DIRECTION('',(0.,1.,0.));
#15546=DIRECTION('',(0.,0.,1.));
#15547=DIRECTION('',(0.,1.,0.));
#15548=DIRECTION('',(0.,0.,1.));
#15549=DIRECTION('',(0.,1.,0.));
#15550=DIRECTION('',(0.,0.,1.));
#15551=DIRECTION('',(0.,1.,0.));
#15552=DIRECTION('',(0.,0.,1.));
#15553=DIRECTION('',(0.,1.,0.));
#15554=DIRECTION('',(0.,0.,1.));
#15555=DIRECTION('',(0.,1.,0.));
#15556=DIRECTION('',(0.,0.,1.));
#15557=DIRECTION('',(0.,1.,0.));
#15558=DIRECTION('',(0.,0.,1.));
#15559=DIRECTION('',(0.,1.,0.));
#15560=DIRECTION('',(0.,0.,1.));
#15561=DIRECTION('',(0.,-1.,0.));
#15562=DIRECTION('',(0.,0.,-1.));
#15563=DIRECTION('',(0.,1.,0.));
#15564=DIRECTION('',(0.,0.,1.));
#15565=DIRECTION('',(0.,1.,0.));
#15566=DIRECTION('',(0.,0.,1.));
#15567=DIRECTION('',(0.,1.,0.));
#15568=DIRECTION('',(0.,0.,1.));
#15569=DIRECTION('',(0.,1.,0.));
#15570=DIRECTION('',(0.,0.,1.));
#15571=DIRECTION('',(0.,1.,0.));
#15572=DIRECTION('',(0.,0.,1.));
#15573=DIRECTION('',(0.,-1.,0.));
#15574=DIRECTION('',(0.,0.,-1.));
#15575=DIRECTION('',(0.,-1.,0.));
#15576=DIRECTION('',(0.,0.,-1.));
#15577=DIRECTION('',(0.,1.,0.));
#15578=DIRECTION('',(0.,0.,1.));
#15579=DIRECTION('',(0.,1.,0.));
#15580=DIRECTION('',(0.,0.,1.));
#15581=DIRECTION('',(0.,1.,0.));
#15582=DIRECTION('',(0.,0.,1.));
#15583=DIRECTION('',(0.,1.,0.));
#15584=DIRECTION('',(0.,0.,1.));
#15585=DIRECTION('',(0.,1.,0.));
#15586=DIRECTION('',(0.,0.,1.));
#15587=DIRECTION('',(0.,1.,0.));
#15588=DIRECTION('',(0.,0.,1.));
#15589=DIRECTION('',(0.,1.,0.));
#15590=DIRECTION('',(0.,0.,1.));
#15591=DIRECTION('',(0.,1.,0.));
#15592=DIRECTION('',(0.,0.,1.));
#15593=DIRECTION('',(0.,1.,0.));
#15594=DIRECTION('',(0.,0.,1.));
#15595=DIRECTION('',(0.,1.,0.));
#15596=DIRECTION('',(0.,0.,1.));
#15597=DIRECTION('',(0.,1.,0.));
#15598=DIRECTION('',(0.,0.,1.));
#15599=DIRECTION('',(0.,-1.,0.));
#15600=DIRECTION('',(0.,0.,-1.));
#15601=DIRECTION('',(0.,1.,0.));
#15602=DIRECTION('',(0.,0.,1.));
#15603=DIRECTION('',(0.,1.,0.));
#15604=DIRECTION('',(0.,0.,1.));
#15605=DIRECTION('',(0.,1.,0.));
#15606=DIRECTION('',(0.,0.,1.));
#15607=DIRECTION('',(0.,1.,0.));
#15608=DIRECTION('',(0.,0.,1.));
#15609=DIRECTION('',(0.,1.,0.));
#15610=DIRECTION('',(0.,0.,1.));
#15611=DIRECTION('',(0.,-1.,0.));
#15612=DIRECTION('',(0.,0.,-1.));
#15613=DIRECTION('',(0.,-1.,0.));
#15614=DIRECTION('',(0.,0.,-1.));
#15615=DIRECTION('',(0.,1.,0.));
#15616=DIRECTION('',(0.,0.,1.));
#15617=DIRECTION('',(0.,1.,0.));
#15618=DIRECTION('',(0.,0.,1.));
#15619=DIRECTION('',(0.,1.,0.));
#15620=DIRECTION('',(0.,0.,1.));
#15621=DIRECTION('',(0.,-1.,0.));
#15622=DIRECTION('',(0.,0.,-1.));
#15623=DIRECTION('',(0.,1.,0.));
#15624=DIRECTION('',(0.,0.,1.));
#15625=DIRECTION('',(0.,1.,0.));
#15626=DIRECTION('',(0.,0.,1.));
#15627=DIRECTION('',(0.,1.,0.));
#15628=DIRECTION('',(0.,0.,1.));
#15629=DIRECTION('',(0.,-1.,0.));
#15630=DIRECTION('',(0.,0.,-1.));
#15631=DIRECTION('',(0.,1.,0.));
#15632=DIRECTION('',(0.,0.,1.));
#15633=DIRECTION('',(0.,1.,0.));
#15634=DIRECTION('',(0.,0.,1.));
#15635=DIRECTION('',(0.,1.,0.));
#15636=DIRECTION('',(0.,0.,1.));
#15637=DIRECTION('',(0.,-1.,0.));
#15638=DIRECTION('',(0.,0.,-1.));
#15639=DIRECTION('',(0.,1.,0.));
#15640=DIRECTION('',(0.,0.,1.));
#15641=DIRECTION('',(0.,1.,0.));
#15642=DIRECTION('',(0.,0.,1.));
#15643=DIRECTION('',(0.,1.,0.));
#15644=DIRECTION('',(0.,0.,1.));
#15645=DIRECTION('',(0.,1.,0.));
#15646=DIRECTION('',(0.,0.,1.));
#15647=DIRECTION('',(0.,1.,0.));
#15648=DIRECTION('',(0.,0.,1.));
#15649=DIRECTION('',(0.,1.,0.));
#15650=DIRECTION('',(0.,0.,1.));
#15651=DIRECTION('',(0.,1.,0.));
#15652=DIRECTION('',(0.,0.,1.));
#15653=DIRECTION('',(0.,1.,0.));
#15654=DIRECTION('',(0.,0.,1.));
#15655=DIRECTION('',(0.,1.,0.));
#15656=DIRECTION('',(0.,0.,1.));
#15657=DIRECTION('',(0.,1.,0.));
#15658=DIRECTION('',(0.,0.,1.));
#15659=DIRECTION('',(0.,1.,0.));
#15660=DIRECTION('',(0.,0.,1.));
#15661=DIRECTION('',(0.,1.,0.));
#15662=DIRECTION('',(0.,0.,1.));
#15663=DIRECTION('',(0.,1.,0.));
#15664=DIRECTION('',(0.,0.,1.));
#15665=DIRECTION('',(0.,1.,0.));
#15666=DIRECTION('',(0.,0.,1.));
#15667=DIRECTION('',(0.,1.,0.));
#15668=DIRECTION('',(0.,0.,1.));
#15669=DIRECTION('',(0.,1.,0.));
#15670=DIRECTION('',(0.,0.,1.));
#15671=DIRECTION('',(0.,1.,0.));
#15672=DIRECTION('',(0.,0.,1.));
#15673=DIRECTION('',(0.,1.,0.));
#15674=DIRECTION('',(0.,0.,1.));
#15675=DIRECTION('',(0.,1.,0.));
#15676=DIRECTION('',(0.,0.,1.));
#15677=DIRECTION('',(0.,1.,0.));
#15678=DIRECTION('',(0.,0.,1.));
#15679=DIRECTION('',(0.,1.,0.));
#15680=DIRECTION('',(0.,0.,1.));
#15681=DIRECTION('',(0.,1.,0.));
#15682=DIRECTION('',(0.,0.,1.));
#15683=DIRECTION('',(0.,1.,0.));
#15684=DIRECTION('',(0.,0.,1.));
#15685=DIRECTION('',(0.,1.,0.));
#15686=DIRECTION('',(0.,0.,1.));
#15687=DIRECTION('',(0.,-1.,0.));
#15688=DIRECTION('',(0.,0.,-1.));
#15689=DIRECTION('',(0.,-1.,0.));
#15690=DIRECTION('',(0.,0.,-1.));
#15691=DIRECTION('',(0.,-1.,0.));
#15692=DIRECTION('',(0.,0.,-1.));
#15693=DIRECTION('',(0.,1.,0.));
#15694=DIRECTION('',(0.,0.,1.));
#15695=DIRECTION('',(-1.,0.,0.));
#15696=DIRECTION('',(0.,0.,1.));
#15697=DIRECTION('',(1.,0.,0.));
#15698=DIRECTION('',(0.,0.,-1.));
#15699=DIRECTION('',(1.,0.,0.));
#15700=DIRECTION('',(0.,0.,-1.));
#15701=DIRECTION('',(1.,0.,0.));
#15702=DIRECTION('',(0.,0.,-1.));
#15703=DIRECTION('',(-1.,0.,0.));
#15704=DIRECTION('',(0.,0.,1.));
#15705=DIRECTION('',(1.,0.,0.));
#15706=DIRECTION('',(0.,0.,-1.));
#15707=DIRECTION('',(1.,0.,0.));
#15708=DIRECTION('',(0.,0.,-1.));
#15709=DIRECTION('',(1.,0.,0.));
#15710=DIRECTION('',(0.,0.,-1.));
#15711=DIRECTION('',(-1.,0.,0.));
#15712=DIRECTION('',(0.,0.,1.));
#15713=DIRECTION('',(0.923879532511287,0.,-0.38268343236509));
#15714=DIRECTION('',(-0.38268343236509,0.,-0.923879532511287));
#15715=DIRECTION('',(0.923879532511287,0.,-0.38268343236509));
#15716=DIRECTION('',(-0.38268343236509,0.,-0.923879532511287));
#15717=DIRECTION('',(-0.923879532511287,0.,0.38268343236509));
#15718=DIRECTION('',(0.38268343236509,0.,0.923879532511287));
#15719=DIRECTION('',(0.923879532511287,0.,-0.38268343236509));
#15720=DIRECTION('',(-0.38268343236509,0.,-0.923879532511287));
#15721=DIRECTION('',(-0.923879532511287,0.,0.38268343236509));
#15722=DIRECTION('',(0.38268343236509,0.,0.923879532511287));
#15723=DIRECTION('',(0.923879532511287,0.,-0.38268343236509));
#15724=DIRECTION('',(-0.38268343236509,0.,-0.923879532511287));
#15725=DIRECTION('',(-0.923879532511287,0.,0.38268343236509));
#15726=DIRECTION('',(0.38268343236509,0.,0.923879532511287));
#15727=DIRECTION('',(0.923879532511287,0.,-0.38268343236509));
#15728=DIRECTION('',(-0.38268343236509,0.,-0.923879532511287));
#15729=DIRECTION('',(0.923879532511287,0.,-0.38268343236509));
#15730=DIRECTION('',(-0.38268343236509,0.,-0.923879532511287));
#15731=DIRECTION('',(0.923879532511287,0.,-0.38268343236509));
#15732=DIRECTION('',(-0.38268343236509,0.,-0.923879532511287));
#15733=DIRECTION('',(-0.923879532511287,0.,0.38268343236509));
#15734=DIRECTION('',(0.38268343236509,0.,0.923879532511287));
#15735=DIRECTION('',(0.923879532511287,0.,0.38268343236509));
#15736=DIRECTION('',(0.38268343236509,0.,-0.923879532511287));
#15737=DIRECTION('',(0.923879532511287,0.,0.38268343236509));
#15738=DIRECTION('',(0.38268343236509,0.,-0.923879532511287));
#15739=DIRECTION('',(-0.923879532511287,0.,-0.38268343236509));
#15740=DIRECTION('',(-0.38268343236509,0.,0.923879532511287));
#15741=DIRECTION('',(0.923879532511287,0.,0.38268343236509));
#15742=DIRECTION('',(0.38268343236509,0.,-0.923879532511287));
#15743=DIRECTION('',(-0.923879532511287,0.,-0.38268343236509));
#15744=DIRECTION('',(-0.38268343236509,0.,0.923879532511287));
#15745=DIRECTION('',(0.923879532511287,0.,0.38268343236509));
#15746=DIRECTION('',(0.38268343236509,0.,-0.923879532511287));
#15747=DIRECTION('',(-0.923879532511287,0.,-0.38268343236509));
#15748=DIRECTION('',(-0.38268343236509,0.,0.923879532511287));
#15749=DIRECTION('',(0.923879532511287,0.,0.38268343236509));
#15750=DIRECTION('',(0.38268343236509,0.,-0.923879532511287));
#15751=DIRECTION('',(0.923879532511287,0.,0.38268343236509));
#15752=DIRECTION('',(0.38268343236509,0.,-0.923879532511287));
#15753=DIRECTION('',(0.923879532511287,0.,0.38268343236509));
#15754=DIRECTION('',(0.38268343236509,0.,-0.923879532511287));
#15755=DIRECTION('',(-0.923879532511287,0.,-0.38268343236509));
#15756=DIRECTION('',(-0.38268343236509,0.,0.923879532511287));
#15757=DIRECTION('',(0.782608156852414,0.,-0.62251463663762));
#15758=DIRECTION('',(-0.62251463663762,0.,-0.782608156852414));
#15759=DIRECTION('',(0.782608156852414,0.,-0.62251463663762));
#15760=DIRECTION('',(-0.62251463663762,0.,-0.782608156852414));
#15761=DIRECTION('',(-0.782608156852414,0.,0.62251463663762));
#15762=DIRECTION('',(0.62251463663762,0.,0.782608156852414));
#15763=DIRECTION('',(0.782608156852414,0.,-0.62251463663762));
#15764=DIRECTION('',(-0.62251463663762,0.,-0.782608156852414));
#15765=DIRECTION('',(0.782608156852414,0.,-0.62251463663762));
#15766=DIRECTION('',(-0.62251463663762,0.,-0.782608156852414));
#15767=DIRECTION('',(0.782608156852414,0.,-0.62251463663762));
#15768=DIRECTION('',(-0.62251463663762,0.,-0.782608156852414));
#15769=DIRECTION('',(-0.782608156852414,0.,0.62251463663762));
#15770=DIRECTION('',(0.62251463663762,0.,0.782608156852414));
#15771=DIRECTION('',(1.,0.,0.));
#15772=DIRECTION('',(0.,0.,-1.));
#15773=DIRECTION('',(1.,0.,0.));
#15774=DIRECTION('',(0.,0.,-1.));
#15775=DIRECTION('',(-1.,0.,0.));
#15776=DIRECTION('',(0.,0.,1.));
#15777=DIRECTION('',(1.,0.,0.));
#15778=DIRECTION('',(0.,0.,-1.));
#15779=DIRECTION('',(-1.,0.,0.));
#15780=DIRECTION('',(0.,0.,1.));
#15781=DIRECTION('',(1.,0.,0.));
#15782=DIRECTION('',(0.,0.,-1.));
#15783=DIRECTION('',(1.,0.,0.));
#15784=DIRECTION('',(0.,0.,-1.));
#15785=DIRECTION('',(1.,0.,0.));
#15786=DIRECTION('',(0.,0.,-1.));
#15787=DIRECTION('',(1.,0.,0.));
#15788=DIRECTION('',(0.,1.,0.));
#15789=DIRECTION('',(0.,-1.,0.));
#15790=DIRECTION('',(0.,0.,-1.));
#15791=DIRECTION('',(-1.,0.,0.));
#15792=DIRECTION('',(0.,0.,1.));
#15793=DIRECTION('',(-1.,0.,0.));
#15794=DIRECTION('',(-1.,0.,0.));
#15795=DIRECTION('',(0.,0.,1.));
#15796=DIRECTION('',(-1.,0.,0.));
#15797=DIRECTION('',(1.,0.,0.));
#15798=DIRECTION('',(0.,0.,-1.));
#15799=DIRECTION('',(0.,0.5,-0.866025403784439));
#15800=DIRECTION('',(0.,0.866025403784439,0.5));
#15801=DIRECTION('',(-1.,0.,0.));
#15802=DIRECTION('',(0.,-0.866025403784439,-0.5));
#15803=DIRECTION('',(-1.,0.,0.));
#15804=DIRECTION('',(0.,0.,1.));
#15805=DIRECTION('',(-1.,0.,0.));
#15806=DIRECTION('',(1.,0.,0.));
#15807=DIRECTION('',(0.,0.,-1.));
#15808=DIRECTION('',(0.,0.5,0.866025403784438));
#15809=DIRECTION('',(0.,-0.866025403784438,0.5));
#15810=DIRECTION('',(-1.,0.,0.));
#15811=DIRECTION('',(0.,0.866025403784438,-0.5));
#15812=DIRECTION('',(0.,-1.,0.));
#15813=DIRECTION('',(0.,0.,-1.));
#15814=DIRECTION('',(-1.,0.,0.));
#15815=DIRECTION('',(0.,0.,1.));
#15816=DIRECTION('',(-1.,0.,0.));
#15817=DIRECTION('',(0.,-1.,0.));
#15818=DIRECTION('',(0.,0.,-1.));
#15819=DIRECTION('',(0.,0.499999999999999,0.866025403784439));
#15820=DIRECTION('',(0.,-0.866025403784439,0.499999999999999));
#15821=DIRECTION('',(-1.,0.,0.));
#15822=DIRECTION('',(0.,0.866025403784439,-0.499999999999999));
#15823=DIRECTION('',(0.,0.499999999999999,0.866025403784439));
#15824=DIRECTION('',(0.,-0.866025403784439,0.499999999999999));
#15825=DIRECTION('',(0.,0.499999999999999,-0.866025403784439));
#15826=DIRECTION('',(0.,0.866025403784439,0.499999999999999));
#15827=DIRECTION('',(0.,-0.866025403784439,-0.499999999999999));
#15828=DIRECTION('',(0.,0.499999999999999,-0.866025403784439));
#15829=DIRECTION('',(0.,-0.866025403784439,-0.499999999999999));
#15830=DIRECTION('',(-1.,0.,0.));
#15831=DIRECTION('',(0.,0.,1.));
#15832=DIRECTION('',(1.,0.,0.));
#15833=DIRECTION('',(0.,0.,-1.));
#15834=DIRECTION('',(1.,0.,0.));
#15835=DIRECTION('',(0.,0.,-1.));
#15836=DIRECTION('',(0.,-1.,0.));
#15837=DIRECTION('',(0.,0.,-1.));
#15838=DIRECTION('',(0.,1.,0.));
#15839=DIRECTION('',(0.,0.,1.));
#15840=DIRECTION('',(-0.939692620785909,0.,-0.342020143325669));
#15841=DIRECTION('',(-0.342020143325669,0.,0.939692620785909));
#15842=DIRECTION('',(0.939692620785909,0.,0.342020143325669));
#15843=DIRECTION('',(0.342020143325669,0.,-0.939692620785909));
#15844=DIRECTION('',(-0.939692620785909,0.,-0.342020143325669));
#15845=DIRECTION('',(-0.939692620785909,0.,-0.342020143325669));
#15846=DIRECTION('',(0.,-1.,0.));
#15847=DIRECTION('',(0.,0.,-1.));
#15848=DIRECTION('',(0.342020143325669,0.,-0.939692620785909));
#15849=DIRECTION('',(-0.939692620785909,0.,-0.342020143325669));
#15850=DIRECTION('',(0.342020143325669,0.,-0.939692620785909));
#15851=DIRECTION('',(-0.939692620785909,0.,-0.342020143325669));
#15852=DIRECTION('',(-0.342020143325669,0.,0.939692620785909));
#15853=DIRECTION('',(0.939692620785909,0.,0.342020143325669));
#15854=DIRECTION('',(0.342020143325669,0.,-0.939692620785909));
#15855=DIRECTION('',(-0.939692620785909,0.,-0.342020143325669));
#15856=DIRECTION('',(0.342020143325669,0.,-0.939692620785909));
#15857=DIRECTION('',(-0.939692620785909,0.,-0.342020143325669));
#15858=DIRECTION('',(0.342020143325669,0.,-0.939692620785909));
#15859=DIRECTION('',(-0.939692620785909,0.,-0.342020143325669));
#15860=DIRECTION('',(-0.342020143325669,0.,0.939692620785909));
#15861=DIRECTION('',(0.939692620785909,0.,0.342020143325669));
#15862=DIRECTION('',(0.,-1.,0.));
#15863=DIRECTION('',(0.,0.,-1.));
#15864=DIRECTION('',(-0.939692620785909,0.,-0.342020143325669));
#15865=DIRECTION('',(0.342020143325669,0.,-0.939692620785909));
#15866=DIRECTION('',(-0.939692620785909,0.,-0.342020143325669));
#15867=DIRECTION('',(0.342020143325669,0.,-0.939692620785909));
#15868=DIRECTION('',(-0.939692620785909,0.,-0.342020143325669));
#15869=DIRECTION('',(-0.939692620785909,0.,-0.342020143325669));
#15870=DIRECTION('',(0.,1.,0.));
#15871=DIRECTION('',(0.,0.,1.));
#15872=DIRECTION('',(0.342020143325669,0.,-0.939692620785909));
#15873=DIRECTION('',(-0.939692620785909,0.,-0.342020143325669));
#15874=DIRECTION('',(0.342020143325669,0.,-0.939692620785909));
#15875=DIRECTION('',(-0.939692620785909,0.,-0.342020143325669));
#15876=DIRECTION('',(0.342020143325669,0.,-0.939692620785909));
#15877=DIRECTION('',(-0.939692620785909,0.,-0.342020143325669));
#15878=DIRECTION('',(0.342020143325669,0.,-0.939692620785909));
#15879=DIRECTION('',(-0.939692620785909,0.,-0.342020143325669));
#15880=DIRECTION('',(0.342020143325669,0.,-0.939692620785909));
#15881=DIRECTION('',(-0.939692620785909,0.,-0.342020143325669));
#15882=DIRECTION('',(0.342020143325669,0.,-0.939692620785909));
#15883=DIRECTION('',(-0.939692620785909,0.,-0.342020143325669));
#15884=DIRECTION('',(0.342020143325669,0.,-0.939692620785909));
#15885=DIRECTION('',(-0.939692620785909,0.,-0.342020143325669));
#15886=DIRECTION('',(0.,0.,-1.));
#15887=DIRECTION('',(-1.,0.,0.));
#15888=DIRECTION('',(1.,0.,0.));
#15889=DIRECTION('',(0.,0.,-1.));
#15890=DIRECTION('',(1.,0.,0.));
#15891=DIRECTION('',(0.,0.,-1.));
#15892=DIRECTION('',(1.,0.,0.));
#15893=DIRECTION('',(0.,0.,-1.));
#15894=DIRECTION('',(-1.,0.,0.));
#15895=DIRECTION('',(0.,0.,1.));
#15896=DIRECTION('',(1.,0.,0.));
#15897=DIRECTION('',(0.,0.,-1.));
#15898=DIRECTION('',(1.,0.,0.));
#15899=DIRECTION('',(0.,0.,-1.));
#15900=DIRECTION('',(1.,0.,0.));
#15901=DIRECTION('',(0.,0.,-1.));
#15902=DIRECTION('',(1.,0.,0.));
#15903=DIRECTION('',(0.,0.,-1.));
#15904=DIRECTION('',(1.,0.,0.));
#15905=DIRECTION('',(0.,0.,-1.));
#15906=DIRECTION('',(1.,0.,0.));
#15907=DIRECTION('',(0.,0.,-1.));
#15908=DIRECTION('',(1.,0.,0.));
#15909=DIRECTION('',(0.,1.,0.));
#15910=DIRECTION('',(1.,0.,0.));
#15911=DIRECTION('',(0.,1.,0.));
#15912=DIRECTION('',(1.,0.,0.));
#15913=DIRECTION('',(0.,1.,0.));
#15914=DIRECTION('',(1.,0.,0.));
#15915=DIRECTION('',(0.,1.,0.));
#15916=DIRECTION('',(1.,0.,0.));
#15917=DIRECTION('',(0.,0.,-1.));
#15918=DIRECTION('',(-1.,0.,0.));
#15919=DIRECTION('',(0.,0.,1.));
#15920=DIRECTION('',(1.,0.,0.));
#15921=DIRECTION('',(0.,0.,-1.));
#15922=DIRECTION('',(1.,0.,0.));
#15923=DIRECTION('',(0.,0.,-1.));
#15924=DIRECTION('',(1.,0.,0.));
#15925=DIRECTION('',(0.,0.,-1.));
#15926=DIRECTION('',(1.,0.,0.));
#15927=DIRECTION('',(0.,0.,-1.));
#15928=DIRECTION('',(1.,0.,0.));
#15929=DIRECTION('',(0.,0.,-1.));
#15930=DIRECTION('',(-1.,0.,0.));
#15931=DIRECTION('',(0.,0.,1.));
#15932=DIRECTION('',(1.,0.,0.));
#15933=DIRECTION('',(0.,0.,-1.));
#15934=DIRECTION('',(1.,0.,0.));
#15935=DIRECTION('',(0.,0.,-1.));
#15936=DIRECTION('',(1.,0.,0.));
#15937=DIRECTION('',(0.,0.,-1.));
#15938=DIRECTION('',(1.,0.,0.));
#15939=DIRECTION('',(0.,1.,0.));
#15940=DIRECTION('',(1.,0.,0.));
#15941=DIRECTION('',(0.,0.,-1.));
#15942=DIRECTION('',(1.,0.,0.));
#15943=DIRECTION('',(0.,0.,-1.));
#15944=DIRECTION('',(1.,0.,0.));
#15945=DIRECTION('',(0.,1.,0.));
#15946=DIRECTION('',(1.,0.,0.));
#15947=DIRECTION('',(0.,0.,-1.));
#15948=DIRECTION('',(1.,0.,0.));
#15949=DIRECTION('',(0.,0.,-1.));
#15950=DIRECTION('',(1.,0.,0.));
#15951=DIRECTION('',(0.,1.,0.));
#15952=DIRECTION('',(1.,0.,0.));
#15953=DIRECTION('',(0.,0.,-1.));
#15954=DIRECTION('',(1.,0.,0.));
#15955=DIRECTION('',(0.,0.,-1.));
#15956=DIRECTION('',(1.,0.,0.));
#15957=DIRECTION('',(0.,1.,0.));
#15958=DIRECTION('',(1.,0.,0.));
#15959=DIRECTION('',(0.,0.,-1.));
#15960=DIRECTION('',(0.,0.,-1.));
#15961=DIRECTION('',(1.,0.,0.));
#15962=DIRECTION('',(0.,1.,0.));
#15963=DIRECTION('',(0.,0.,1.));
#15964=DIRECTION('',(0.,1.,0.));
#15965=DIRECTION('',(0.,0.,1.));
#15966=DIRECTION('',(0.5,0.,0.866025403784439));
#15967=DIRECTION('',(0.,1.,0.));
#15968=DIRECTION('',(0.,0.,1.));
#15969=DIRECTION('',(-0.5,0.,0.866025403784439));
#15970=DIRECTION('',(0.,1.,0.));
#15971=DIRECTION('',(0.,0.,1.));
#15972=DIRECTION('',(-1.,0.,0.));
#15973=DIRECTION('',(0.,1.,0.));
#15974=DIRECTION('',(0.,0.,1.));
#15975=DIRECTION('',(-0.5,0.,-0.866025403784439));
#15976=DIRECTION('',(0.,1.,0.));
#15977=DIRECTION('',(0.,0.,1.));
#15978=DIRECTION('',(0.5,0.,-0.866025403784439));
#15979=DIRECTION('',(0.,1.,0.));
#15980=DIRECTION('',(0.,0.,1.));
#15981=DIRECTION('',(1.,0.,0.));
#15982=DIRECTION('',(0.,1.,0.));
#15983=DIRECTION('',(0.,0.,1.));
#15984=DIRECTION('',(0.,1.,0.));
#15985=DIRECTION('',(0.,0.,1.));
#15986=DIRECTION('',(0.,1.,0.));
#15987=DIRECTION('',(0.,0.,1.));
#15988=DIRECTION('',(0.,1.,0.));
#15989=DIRECTION('',(0.,1.,0.));
#15990=DIRECTION('',(0.,-1.,0.));
#15991=DIRECTION('',(0.,0.,-1.));
#15992=DIRECTION('',(0.,1.,0.));
#15993=DIRECTION('',(0.,1.,0.));
#15994=DIRECTION('',(0.,-1.,0.));
#15995=DIRECTION('',(0.,0.,-1.));
#15996=DIRECTION('',(0.,1.,0.));
#15997=DIRECTION('',(0.,1.,0.));
#15998=DIRECTION('',(0.,-1.,0.));
#15999=DIRECTION('',(0.,0.,-1.));
#16000=DIRECTION('',(0.,1.,0.));
#16001=DIRECTION('',(0.,1.,0.));
#16002=DIRECTION('',(0.,-1.,0.));
#16003=DIRECTION('',(0.,0.,-1.));
#16004=DIRECTION('',(0.,1.,0.));
#16005=DIRECTION('',(0.,1.,0.));
#16006=DIRECTION('',(0.,-1.,0.));
#16007=DIRECTION('',(0.,0.,-1.));
#16008=DIRECTION('',(0.,1.,0.));
#16009=DIRECTION('',(0.,1.,0.));
#16010=DIRECTION('',(0.,-1.,0.));
#16011=DIRECTION('',(0.,0.,-1.));
#16012=DIRECTION('',(1.,0.,0.));
#16013=DIRECTION('',(0.,0.,-1.));
#16014=DIRECTION('',(-1.,0.,0.));
#16015=DIRECTION('',(0.,0.,1.));
#16016=DIRECTION('',(1.,0.,0.));
#16017=DIRECTION('',(0.,0.,-1.));
#16018=DIRECTION('',(-1.,0.,0.));
#16019=DIRECTION('',(0.,0.,1.));
#16020=DIRECTION('',(1.,0.,0.));
#16021=DIRECTION('',(0.,0.,1.));
#16022=DIRECTION('',(-0.99144486137381,0.130526192220052,0.));
#16023=DIRECTION('',(0.130526192220051,0.99144486137381,0.));
#16024=DIRECTION('',(1.,0.,0.));
#16025=DIRECTION('',(0.,0.,-1.));
#16026=DIRECTION('',(1.,0.,0.));
#16027=DIRECTION('',(0.,0.,-1.));
#16028=DIRECTION('',(1.,0.,0.));
#16029=DIRECTION('',(1.,0.,0.));
#16030=DIRECTION('',(1.,0.,0.));
#16031=DIRECTION('',(0.,0.,-1.));
#16032=DIRECTION('',(0.707106781186547,0.707106781186547,0.));
#16033=DIRECTION('',(0.707106781186547,-0.707106781186547,0.));
#16034=DIRECTION('',(1.,0.,0.));
#16035=DIRECTION('',(0.,0.,-1.));
#16036=DIRECTION('',(1.,0.,0.));
#16037=DIRECTION('',(1.,0.,0.));
#16038=DIRECTION('',(0.,1.,0.));
#16039=DIRECTION('',(0.,0.,1.));
#16040=DIRECTION('',(0.,1.,0.));
#16041=DIRECTION('',(0.,0.,1.));
#16042=DIRECTION('',(0.,-1.,0.));
#16043=DIRECTION('',(0.,1.,0.));
#16044=DIRECTION('',(0.,0.,1.));
#16045=DIRECTION('',(0.,-1.,0.));
#16046=DIRECTION('',(0.,1.,0.));
#16047=DIRECTION('',(0.,0.,1.));
#16048=DIRECTION('',(0.,1.,0.));
#16049=DIRECTION('',(0.,0.,1.));
#16050=DIRECTION('',(0.,0.,1.));
#16051=DIRECTION('',(0.,1.,0.));
#16052=DIRECTION('',(0.,0.,1.));
#16053=DIRECTION('',(-0.866025403784439,0.,0.5));
#16054=DIRECTION('',(0.,1.,0.));
#16055=DIRECTION('',(0.,0.,1.));
#16056=DIRECTION('',(-0.866025403784439,0.,-0.5));
#16057=DIRECTION('',(0.,1.,0.));
#16058=DIRECTION('',(0.,0.,1.));
#16059=DIRECTION('',(0.,0.,-1.));
#16060=DIRECTION('',(0.,1.,0.));
#16061=DIRECTION('',(0.,0.,1.));
#16062=DIRECTION('',(0.866025403784439,0.,-0.5));
#16063=DIRECTION('',(0.,1.,0.));
#16064=DIRECTION('',(0.,0.,1.));
#16065=DIRECTION('',(0.866025403784439,0.,0.5));
#16066=DIRECTION('',(0.,1.,0.));
#16067=DIRECTION('',(0.,0.,1.));
#16068=DIRECTION('',(0.,1.,0.));
#16069=DIRECTION('',(0.,0.,1.));
#16070=DIRECTION('',(0.,1.,0.));
#16071=DIRECTION('',(0.,0.,1.));
#16072=DIRECTION('',(0.,1.,0.));
#16073=DIRECTION('',(0.,0.,1.));
#16074=DIRECTION('',(0.,1.,0.));
#16075=DIRECTION('',(0.,0.,1.));
#16076=DIRECTION('',(0.,1.,0.));
#16077=DIRECTION('',(0.,0.,1.));
#16078=DIRECTION('',(0.,1.,0.));
#16079=DIRECTION('',(0.,0.,1.));
#16080=DIRECTION('',(0.,1.,0.));
#16081=DIRECTION('',(0.,0.,1.));
#16082=DIRECTION('',(0.,1.,0.));
#16083=DIRECTION('',(0.,0.,1.));
#16084=DIRECTION('',(0.,1.,0.));
#16085=DIRECTION('',(0.,0.,1.));
#16086=DIRECTION('',(0.,1.,0.));
#16087=DIRECTION('',(0.,0.,1.));
#16088=DIRECTION('',(0.,1.,0.));
#16089=DIRECTION('',(0.,0.,1.));
#16090=DIRECTION('',(0.,1.,0.));
#16091=DIRECTION('',(0.,0.,1.));
#16092=DIRECTION('',(0.,1.,0.));
#16093=DIRECTION('',(0.,0.,1.));
#16094=DIRECTION('',(0.,1.,0.));
#16095=DIRECTION('',(0.,1.,0.));
#16096=DIRECTION('',(0.,1.,0.));
#16097=DIRECTION('',(0.,0.,1.));
#16098=DIRECTION('',(0.,1.,0.));
#16099=DIRECTION('',(0.,0.,1.));
#16100=DIRECTION('',(0.,1.,0.));
#16101=DIRECTION('',(0.,1.,0.));
#16102=DIRECTION('',(0.,0.,1.));
#16103=DIRECTION('',(0.,1.,0.));
#16104=DIRECTION('',(0.,1.,0.));
#16105=DIRECTION('',(0.,0.,1.));
#16106=DIRECTION('',(0.,1.,0.));
#16107=DIRECTION('',(0.,1.,0.));
#16108=DIRECTION('',(0.,1.,0.));
#16109=DIRECTION('',(0.,0.,1.));
#16110=DIRECTION('',(0.,1.,0.));
#16111=DIRECTION('',(0.,0.,1.));
#16112=DIRECTION('',(0.,1.,0.));
#16113=DIRECTION('',(0.,1.,0.));
#16114=DIRECTION('',(0.,1.,0.));
#16115=DIRECTION('',(0.,0.,1.));
#16116=DIRECTION('',(0.,1.,0.));
#16117=DIRECTION('',(0.,0.,1.));
#16118=DIRECTION('',(0.,1.,0.));
#16119=DIRECTION('',(0.,1.,0.));
#16120=DIRECTION('',(0.,1.,0.));
#16121=DIRECTION('',(0.,0.,1.));
#16122=DIRECTION('',(0.,1.,0.));
#16123=DIRECTION('',(0.,0.,1.));
#16124=DIRECTION('',(0.,1.,0.));
#16125=DIRECTION('',(0.,1.,0.));
#16126=DIRECTION('',(0.,1.,0.));
#16127=DIRECTION('',(0.,0.,1.));
#16128=DIRECTION('',(-1.,0.,0.));
#16129=DIRECTION('',(0.,0.,1.));
#16130=DIRECTION('',(1.,0.,0.));
#16131=DIRECTION('',(0.,0.,1.));
#16132=DIRECTION('',(-0.99144486137381,-0.130526192220052,0.));
#16133=DIRECTION('',(0.130526192220052,-0.99144486137381,0.));
#16134=DIRECTION('',(1.,0.,0.));
#16135=DIRECTION('',(0.,0.,-1.));
#16136=DIRECTION('',(-0.965925826289068,0.258819045102521,0.));
#16137=DIRECTION('',(-0.258819045102521,-0.965925826289068,0.));
#16138=DIRECTION('',(0.,-1.,0.));
#16139=DIRECTION('',(-1.,0.,0.));
#16140=DIRECTION('',(-0.99144486137381,0.130526192220052,0.));
#16141=DIRECTION('',(-0.130526192220052,-0.99144486137381,0.));
#16142=DIRECTION('',(0.965925826289068,-0.258819045102521,0.));
#16143=DIRECTION('',(0.,0.,1.));
#16144=DIRECTION('',(-0.965925826289068,-0.258819045102521,0.));
#16145=DIRECTION('',(0.258819045102521,-0.965925826289068,0.));
#16146=DIRECTION('',(-0.99144486137381,-0.130526192220052,0.));
#16147=DIRECTION('',(-0.130526192220052,0.99144486137381,0.));
#16148=DIRECTION('',(0.965925826289068,0.258819045102521,0.));
#16149=DIRECTION('',(0.,0.,1.));
#16150=DIRECTION('',(-1.,0.,0.));
#16151=DIRECTION('',(0.,0.,1.));
#16152=DIRECTION('',(1.,0.,0.));
#16153=DIRECTION('',(0.,0.,-1.));
#16154=DIRECTION('',(1.,0.,0.));
#16155=DIRECTION('',(0.,0.,-1.));
#16156=DIRECTION('',(0.,0.,-1.));
#16157=DIRECTION('',(0.258819045102521,-0.965925826289068,0.));
#16158=DIRECTION('',(0.,0.,1.));
#16159=DIRECTION('',(0.258819045102521,0.965925826289068,0.));
#16160=DIRECTION('',(1.,0.,0.));
#16161=DIRECTION('',(0.,0.,-1.));
#16162=DIRECTION('',(1.,0.,0.));
#16163=DIRECTION('',(0.,0.,-1.));
#16164=DIRECTION('',(1.,0.,0.));
#16165=DIRECTION('',(0.,0.,-1.));
#16166=DIRECTION('',(1.,0.,0.));
#16167=DIRECTION('',(0.,0.,-1.));
#16168=DIRECTION('',(-1.,0.,0.));
#16169=DIRECTION('',(0.,0.,1.));
#16170=DIRECTION('',(1.,0.,0.));
#16171=DIRECTION('',(0.,0.,-1.));
#16172=DIRECTION('',(1.,0.,0.));
#16173=DIRECTION('',(0.,0.,-1.));
#16174=DIRECTION('',(1.,0.,0.));
#16175=DIRECTION('',(0.,0.,-1.));
#16176=DIRECTION('',(1.,0.,0.));
#16177=DIRECTION('',(0.,0.,-1.));
#16178=DIRECTION('',(1.,0.,0.));
#16179=DIRECTION('',(0.,0.,-1.));
#16180=DIRECTION('',(1.,0.,0.));
#16181=DIRECTION('',(0.,0.,-1.));
#16182=DIRECTION('',(1.,0.,0.));
#16183=DIRECTION('',(0.,0.,-1.));
#16184=DIRECTION('',(1.,0.,0.));
#16185=DIRECTION('',(0.,0.,-1.));
#16186=DIRECTION('',(0.,1.,0.));
#16187=DIRECTION('',(0.,0.,1.));
#16188=DIRECTION('',(0.,1.,0.));
#16189=DIRECTION('',(0.,0.,1.));
#16190=DIRECTION('',(0.,1.,0.));
#16191=DIRECTION('',(0.,0.,1.));
#16192=DIRECTION('',(0.,-1.,0.));
#16193=DIRECTION('',(0.,0.,-1.));
#16194=DIRECTION('',(0.,1.,0.));
#16195=DIRECTION('',(0.,0.,1.));
#16196=DIRECTION('',(0.,1.,0.));
#16197=DIRECTION('',(0.,0.,1.));
#16198=DIRECTION('',(0.,1.,0.));
#16199=DIRECTION('',(0.,0.,1.));
#16200=DIRECTION('',(0.,0.,1.));
#16201=DIRECTION('',(0.866025403784439,0.,0.5));
#16202=DIRECTION('',(0.866025403784439,0.,-0.5));
#16203=DIRECTION('',(0.,0.,-1.));
#16204=DIRECTION('',(-0.866025403784439,0.,-0.5));
#16205=DIRECTION('',(-0.866025403784439,0.,0.5));
#16206=DIRECTION('',(0.,1.,0.));
#16207=DIRECTION('',(0.,0.,1.));
#16208=DIRECTION('',(0.,1.,0.));
#16209=DIRECTION('',(0.,0.,1.));
#16210=DIRECTION('',(0.,1.,0.));
#16211=DIRECTION('',(0.,0.,1.));
#16212=DIRECTION('',(0.,1.,0.));
#16213=DIRECTION('',(0.,0.,1.));
#16214=DIRECTION('',(0.,1.,0.));
#16215=DIRECTION('',(0.,0.,1.));
#16216=DIRECTION('',(0.,-1.,0.));
#16217=DIRECTION('',(0.,0.,-1.));
#16218=DIRECTION('',(0.,1.,0.));
#16219=DIRECTION('',(0.,0.,1.));
#16220=DIRECTION('',(0.,-1.,0.));
#16221=DIRECTION('',(0.,0.,-1.));
#16222=DIRECTION('',(0.,1.,0.));
#16223=DIRECTION('',(0.,0.,1.));
#16224=DIRECTION('',(1.,0.,0.));
#16225=DIRECTION('',(-1.,0.,0.));
#16226=DIRECTION('',(0.,1.,0.));
#16227=DIRECTION('',(0.,0.,1.));
#16228=DIRECTION('',(0.,1.,0.));
#16229=DIRECTION('',(0.,0.,1.));
#16230=DIRECTION('',(0.,-1.,0.));
#16231=DIRECTION('',(0.,-1.,0.));
#16232=DIRECTION('',(0.,-1.,0.));
#16233=DIRECTION('',(0.,0.,-1.));
#16234=DIRECTION('',(0.,1.,0.));
#16235=DIRECTION('',(0.,0.,1.));
#16236=DIRECTION('',(0.,1.,0.));
#16237=DIRECTION('',(0.,0.,1.));
#16238=DIRECTION('',(0.,1.,0.));
#16239=DIRECTION('',(0.,0.,1.));
#16240=DIRECTION('',(0.,-1.,0.));
#16241=DIRECTION('',(0.,0.,-1.));
#16242=DIRECTION('',(0.,1.,0.));
#16243=DIRECTION('',(0.,0.,1.));
#16244=DIRECTION('',(0.,1.,0.));
#16245=DIRECTION('',(0.,0.,1.));
#16246=DIRECTION('',(0.,1.,0.));
#16247=DIRECTION('',(0.,0.,1.));
#16248=DIRECTION('',(0.,-1.,0.));
#16249=DIRECTION('',(0.,0.,-1.));
#16250=DIRECTION('',(0.,-1.,0.));
#16251=DIRECTION('',(0.,0.,-1.));
#16252=DIRECTION('',(0.,-1.,0.));
#16253=DIRECTION('',(0.,0.,-1.));
#16254=DIRECTION('',(0.,-1.,0.));
#16255=DIRECTION('',(0.,0.,-1.));
#16256=DIRECTION('',(0.,0.,1.));
#16257=DIRECTION('',(0.,1.,0.));
#16258=DIRECTION('',(-0.5,0.,-0.866025403784439));
#16259=DIRECTION('',(-0.866025403784439,0.,0.5));
#16260=DIRECTION('',(-1.,0.,0.));
#16261=DIRECTION('',(0.,0.,1.));
#16262=DIRECTION('',(-0.5,0.,0.866025403784439));
#16263=DIRECTION('',(0.866025403784439,0.,0.5));
#16264=DIRECTION('',(0.5,0.,0.866025403784439));
#16265=DIRECTION('',(0.866025403784439,0.,-0.5));
#16266=DIRECTION('',(1.,0.,0.));
#16267=DIRECTION('',(0.,0.,-1.));
#16268=DIRECTION('',(0.5,0.,-0.866025403784439));
#16269=DIRECTION('',(-0.866025403784439,0.,-0.5));
#16270=DIRECTION('',(0.,0.,1.));
#16271=DIRECTION('',(1.,0.,0.));
#16272=DIRECTION('',(0.,0.,-1.));
#16273=DIRECTION('',(-1.,0.,0.));
#16274=DIRECTION('',(0.,-1.,0.));
#16275=DIRECTION('',(0.,0.,-1.));
#16276=DIRECTION('',(0.,-1.,0.));
#16277=DIRECTION('',(0.,-1.,0.));
#16278=DIRECTION('',(0.,0.,-1.));
#16279=DIRECTION('',(0.,-1.,0.));
#16280=DIRECTION('',(1.11808349037569E-14,0.,1.));
#16281=DIRECTION('',(1.,0.,-1.11808349037569E-14));
#16282=DIRECTION('',(0.,-1.,0.));
#16283=DIRECTION('',(0.,0.,-1.));
#16284=DIRECTION('',(0.,-1.,0.));
#16285=DIRECTION('',(1.11808349037569E-14,0.,-1.));
#16286=DIRECTION('',(-1.,0.,-1.11808349037569E-14));
#16287=DIRECTION('',(0.,-1.,0.));
#16288=DIRECTION('',(0.,-1.,0.));
#16289=DIRECTION('',(0.,0.,-1.));
#16290=DIRECTION('',(-1.,0.,0.));
#16291=DIRECTION('',(0.,0.,1.));
#16292=DIRECTION('',(-1.,0.,0.));
#16293=DIRECTION('',(0.,0.,1.));
#16294=DIRECTION('',(-1.,0.,0.));
#16295=DIRECTION('',(0.,0.,1.));
#16296=DIRECTION('',(-1.,0.,0.));
#16297=DIRECTION('',(0.,0.,1.));
#16298=DIRECTION('',(-1.,0.,0.));
#16299=DIRECTION('',(0.,0.,1.));
#16300=DIRECTION('',(-1.,0.,0.));
#16301=DIRECTION('',(0.,0.,1.));
#16302=DIRECTION('',(-1.,0.,0.));
#16303=DIRECTION('',(0.,0.,1.));
#16304=DIRECTION('',(-1.,0.,0.));
#16305=DIRECTION('',(0.,0.,1.));
#16306=DIRECTION('',(-1.,0.,0.));
#16307=DIRECTION('',(0.,0.,1.));
#16308=DIRECTION('',(-1.,0.,0.));
#16309=DIRECTION('',(0.,0.,1.));
#16310=DIRECTION('',(-1.,0.,0.));
#16311=DIRECTION('',(0.,0.,1.));
#16312=DIRECTION('',(-1.,0.,0.));
#16313=DIRECTION('',(0.,0.,1.));
#16314=DIRECTION('',(-1.,0.,0.));
#16315=DIRECTION('',(0.,0.,1.));
#16316=DIRECTION('',(-1.,0.,0.));
#16317=DIRECTION('',(0.,0.,1.));
#16318=DIRECTION('',(1.,0.,0.));
#16319=DIRECTION('',(0.,0.,-1.));
#16320=DIRECTION('',(-1.,0.,0.));
#16321=DIRECTION('',(0.,0.,1.));
#16322=DIRECTION('',(1.,0.,0.));
#16323=DIRECTION('',(0.,0.,-1.));
#16324=DIRECTION('',(0.0719384845934356,0.,0.997409070760037));
#16325=DIRECTION('',(0.997409070760037,0.,-0.0719384845934356));
#16326=DIRECTION('',(-0.997409070760037,0.,0.0719384845934356));
#16327=DIRECTION('',(0.,-1.,0.));
#16328=DIRECTION('',(-0.997409070760037,0.,0.0719384845934356));
#16329=DIRECTION('',(0.,-1.,0.));
#16330=DIRECTION('',(1.,0.,0.));
#16331=DIRECTION('',(0.,0.,-1.));
#16332=DIRECTION('',(0.,0.,1.));
#16333=DIRECTION('',(0.,-1.,0.));
#16334=DIRECTION('',(0.,0.,1.));
#16335=DIRECTION('',(0.0719383810074909,0.,-0.997409078231204));
#16336=DIRECTION('',(-0.997409078231205,0.,-0.071938381007491));
#16337=DIRECTION('',(0.997409078231205,0.,0.071938381007491));
#16338=DIRECTION('',(0.,-1.,0.));
#16339=DIRECTION('',(0.997409078231205,0.,0.071938381007491));
#16340=DIRECTION('',(0.,-1.,0.));
#16341=DIRECTION('',(0.,0.,-1.));
#16342=DIRECTION('',(0.,1.,0.));
#16343=DIRECTION('',(1.,0.,0.));
#16344=DIRECTION('',(0.,1.,0.));
#16345=DIRECTION('',(1.,0.,0.));
#16346=DIRECTION('',(0.,1.,0.));
#16347=DIRECTION('',(0.,0.,1.));
#16348=DIRECTION('',(0.,1.,0.));
#16349=DIRECTION('',(0.,0.,1.));
#16350=DIRECTION('',(0.,1.,0.));
#16351=DIRECTION('',(0.,0.,1.));
#16352=DIRECTION('',(0.,1.,0.));
#16353=DIRECTION('',(0.,0.,1.));
#16354=DIRECTION('',(0.,-1.,0.));
#16355=DIRECTION('',(0.,0.,-1.));
#16356=DIRECTION('',(0.,1.,0.));
#16357=DIRECTION('',(0.,0.,1.));
#16358=DIRECTION('',(0.,-1.,0.));
#16359=DIRECTION('',(0.,0.,-1.));
#16360=DIRECTION('',(0.,1.,0.));
#16361=DIRECTION('',(0.,0.,1.));
#16362=DIRECTION('',(0.,1.,0.));
#16363=DIRECTION('',(0.,0.,1.));
#16364=DIRECTION('',(0.,1.,0.));
#16365=DIRECTION('',(0.,0.,1.));
#16366=DIRECTION('',(0.,-1.,0.));
#16367=DIRECTION('',(0.,0.,-1.));
#16368=DIRECTION('',(0.,1.,0.));
#16369=DIRECTION('',(0.,0.,1.));
#16370=DIRECTION('',(0.,1.,0.));
#16371=DIRECTION('',(0.,0.,1.));
#16372=DIRECTION('',(0.,1.,0.));
#16373=DIRECTION('',(0.,0.,1.));
#16374=DIRECTION('',(0.,-1.,0.));
#16375=DIRECTION('',(0.,0.,-1.));
#16376=DIRECTION('',(0.,1.,0.));
#16377=DIRECTION('',(0.,0.,1.));
#16378=DIRECTION('',(0.,-1.,0.));
#16379=DIRECTION('',(0.,0.,-1.));
#16380=DIRECTION('',(0.,1.,0.));
#16381=DIRECTION('',(0.,0.,1.));
#16382=DIRECTION('',(0.,1.,0.));
#16383=DIRECTION('',(0.,0.,1.));
#16384=DIRECTION('',(0.,1.,0.));
#16385=DIRECTION('',(0.,0.,1.));
#16386=DIRECTION('',(0.,1.,0.));
#16387=DIRECTION('',(0.,0.,1.));
#16388=DIRECTION('',(0.,1.,0.));
#16389=DIRECTION('',(0.,0.,1.));
#16390=DIRECTION('',(0.,1.,0.));
#16391=DIRECTION('',(0.,0.,1.));
#16392=DIRECTION('',(0.,1.,0.));
#16393=DIRECTION('',(0.,0.,1.));
#16394=DIRECTION('',(0.,1.,0.));
#16395=DIRECTION('',(0.,0.,1.));
#16396=DIRECTION('',(0.,1.,0.));
#16397=DIRECTION('',(0.,0.,1.));
#16398=DIRECTION('',(0.,-1.,0.));
#16399=DIRECTION('',(0.,0.,-1.));
#16400=DIRECTION('',(0.,1.,0.));
#16401=DIRECTION('',(0.,0.,1.));
#16402=DIRECTION('',(0.,1.,0.));
#16403=DIRECTION('',(0.,0.,1.));
#16404=DIRECTION('',(0.,1.,0.));
#16405=DIRECTION('',(0.,0.,1.));
#16406=DIRECTION('',(0.,-1.,0.));
#16407=DIRECTION('',(0.,0.,-1.));
#16408=DIRECTION('',(0.,1.,0.));
#16409=DIRECTION('',(0.,0.,1.));
#16410=DIRECTION('',(0.,1.,0.));
#16411=DIRECTION('',(0.,0.,1.));
#16412=DIRECTION('',(0.,1.,0.));
#16413=DIRECTION('',(0.,0.,1.));
#16414=DIRECTION('',(0.,-1.,0.));
#16415=DIRECTION('',(0.,0.,-1.));
#16416=DIRECTION('',(0.,-1.,0.));
#16417=DIRECTION('',(0.,0.,-1.));
#16418=DIRECTION('',(0.,-1.,0.));
#16419=DIRECTION('',(0.,0.,-1.));
#16420=DIRECTION('',(0.,-1.,0.));
#16421=DIRECTION('',(0.,0.,-1.));
#16422=DIRECTION('',(0.,-1.,0.));
#16423=DIRECTION('',(0.,0.,-1.));
#16424=DIRECTION('',(0.,-1.,0.));
#16425=DIRECTION('',(0.,0.,-1.));
#16426=DIRECTION('',(1.,0.,0.));
#16427=DIRECTION('',(0.,0.,-1.));
#16428=DIRECTION('',(-1.,0.,0.));
#16429=DIRECTION('',(0.,-1.,0.));
#16430=DIRECTION('',(0.,0.,-1.));
#16431=DIRECTION('',(0.5,0.,-0.866025403784439));
#16432=DIRECTION('',(-0.866025403784439,0.,-0.5));
#16433=DIRECTION('',(-0.5,0.,0.866025403784439));
#16434=DIRECTION('',(0.,-1.,0.));
#16435=DIRECTION('',(0.,0.,-1.));
#16436=DIRECTION('',(-0.5,0.,-0.866025403784439));
#16437=DIRECTION('',(-0.866025403784439,0.,0.5));
#16438=DIRECTION('',(0.5,0.,0.866025403784439));
#16439=DIRECTION('',(0.,-1.,0.));
#16440=DIRECTION('',(0.,0.,-1.));
#16441=DIRECTION('',(-1.,0.,0.));
#16442=DIRECTION('',(0.,0.,1.));
#16443=DIRECTION('',(1.,0.,0.));
#16444=DIRECTION('',(0.,-1.,0.));
#16445=DIRECTION('',(0.,0.,-1.));
#16446=DIRECTION('',(-0.5,0.,0.866025403784439));
#16447=DIRECTION('',(0.866025403784439,0.,0.5));
#16448=DIRECTION('',(0.5,0.,-0.866025403784439));
#16449=DIRECTION('',(0.866025403784439,0.,-0.5));
#16450=DIRECTION('',(-0.5,0.,-0.866025403784439));
#16451=DIRECTION('',(0.5,0.,0.866025403784439));
#16452=DIRECTION('',(0.,-1.,0.));
#16453=DIRECTION('',(0.,0.,-1.));
#16454=DIRECTION('',(0.,-1.,0.));
#16455=DIRECTION('',(0.,0.,-1.));
#16456=DIRECTION('',(0.,1.,0.));
#16457=DIRECTION('',(0.,0.,1.));
#16458=DIRECTION('',(0.,1.,0.));
#16459=DIRECTION('',(0.,0.,1.));
#16460=DIRECTION('',(0.,1.,0.));
#16461=DIRECTION('',(0.,0.,1.));
#16462=DIRECTION('',(0.,-1.,0.));
#16463=DIRECTION('',(0.,0.,-1.));
#16464=DIRECTION('',(0.,1.,0.));
#16465=DIRECTION('',(0.,0.,1.));
#16466=DIRECTION('',(0.,1.,0.));
#16467=DIRECTION('',(0.,0.,1.));
#16468=DIRECTION('',(0.,1.,0.));
#16469=DIRECTION('',(0.,0.,1.));
#16470=DIRECTION('',(0.,-1.,0.));
#16471=DIRECTION('',(0.,0.,-1.));
#16472=DIRECTION('',(0.,1.,0.));
#16473=DIRECTION('',(0.,0.,1.));
#16474=DIRECTION('',(0.,1.,0.));
#16475=DIRECTION('',(0.,0.,1.));
#16476=DIRECTION('',(0.,1.,0.));
#16477=DIRECTION('',(0.,0.,1.));
#16478=DIRECTION('',(0.,-1.,0.));
#16479=DIRECTION('',(0.,0.,-1.));
#16480=DIRECTION('',(0.,1.,0.));
#16481=DIRECTION('',(0.,0.,1.));
#16482=DIRECTION('',(0.,1.,0.));
#16483=DIRECTION('',(0.,0.,1.));
#16484=DIRECTION('',(0.,1.,0.));
#16485=DIRECTION('',(0.,0.,1.));
#16486=DIRECTION('',(0.,-1.,0.));
#16487=DIRECTION('',(0.,0.,-1.));
#16488=DIRECTION('',(0.,1.,0.));
#16489=DIRECTION('',(0.,0.,1.));
#16490=DIRECTION('',(0.,1.,0.));
#16491=DIRECTION('',(0.,0.,1.));
#16492=DIRECTION('',(0.,1.,0.));
#16493=DIRECTION('',(0.,0.,1.));
#16494=DIRECTION('',(0.,-1.,0.));
#16495=DIRECTION('',(0.,0.,-1.));
#16496=DIRECTION('',(0.,1.,0.));
#16497=DIRECTION('',(0.,0.,1.));
#16498=DIRECTION('',(0.,1.,0.));
#16499=DIRECTION('',(0.,0.,1.));
#16500=DIRECTION('',(0.,1.,0.));
#16501=DIRECTION('',(0.,0.,1.));
#16502=DIRECTION('',(0.,-1.,0.));
#16503=DIRECTION('',(0.,0.,-1.));
#16504=DIRECTION('',(0.,1.,0.));
#16505=DIRECTION('',(0.,0.,1.));
#16506=DIRECTION('',(0.,1.,0.));
#16507=DIRECTION('',(0.,0.,1.));
#16508=DIRECTION('',(0.,1.,0.));
#16509=DIRECTION('',(0.,0.,1.));
#16510=DIRECTION('',(0.,1.,0.));
#16511=DIRECTION('',(0.,0.,1.));
#16512=DIRECTION('',(0.,1.,0.));
#16513=DIRECTION('',(0.,0.,1.));
#16514=DIRECTION('',(0.,1.,0.));
#16515=DIRECTION('',(0.,0.,1.));
#16516=DIRECTION('',(0.,1.,0.));
#16517=DIRECTION('',(0.,0.,1.));
#16518=DIRECTION('',(0.,1.,0.));
#16519=DIRECTION('',(0.,0.,1.));
#16520=DIRECTION('',(0.,1.,0.));
#16521=DIRECTION('',(0.,0.,1.));
#16522=DIRECTION('',(0.,1.,0.));
#16523=DIRECTION('',(0.,0.,1.));
#16524=DIRECTION('',(0.,0.,1.));
#16525=DIRECTION('',(1.,0.,0.));
#16526=DIRECTION('',(1.,1.38889938694373E-16,0.));
#16527=DIRECTION('',(-1.38889938694373E-16,1.,0.));
#16528=DIRECTION('',(1.,1.38889938694373E-16,0.));
#16529=DIRECTION('',(-1.38889938694373E-16,1.,0.));
#16530=DIRECTION('',(1.,1.38889938694373E-16,0.));
#16531=DIRECTION('',(-1.38889938694373E-16,1.,0.));
#16532=DIRECTION('',(1.,1.38889938694373E-16,0.));
#16533=DIRECTION('',(-1.38889938694373E-16,1.,0.));
#16534=DIRECTION('',(1.,1.38889938694373E-16,0.));
#16535=DIRECTION('',(-1.38889938694373E-16,1.,0.));
#16536=DIRECTION('',(1.,1.38889938694373E-16,0.));
#16537=DIRECTION('',(-1.38889938694373E-16,1.,0.));
#16538=DIRECTION('',(-1.,-1.38889938694373E-16,0.));
#16539=DIRECTION('',(1.38889938694373E-16,-1.,0.));
#16540=DIRECTION('',(1.,1.38889938694373E-16,0.));
#16541=DIRECTION('',(-1.38889938694373E-16,1.,0.));
#16542=DIRECTION('',(-1.,-1.38889938694373E-16,0.));
#16543=DIRECTION('',(1.38889938694373E-16,-1.,0.));
#16544=DIRECTION('',(1.,1.38889938694373E-16,0.));
#16545=DIRECTION('',(-1.38889938694373E-16,1.,0.));
#16546=DIRECTION('',(1.,1.38889938694373E-16,0.));
#16547=DIRECTION('',(-1.38889938694373E-16,1.,0.));
#16548=DIRECTION('',(0.,-1.,0.));
#16549=DIRECTION('',(0.,0.,-1.));
#16550=DIRECTION('',(1.,0.,0.));
#16551=DIRECTION('',(0.,0.,-1.));
#16552=DIRECTION('',(0.,0.,-1.));
#16553=DIRECTION('',(1.,0.,0.));
#16554=DIRECTION('',(0.,-0.5,-0.866025403784439));
#16555=DIRECTION('',(0.,0.866025403784439,-0.5));
#16556=DIRECTION('',(1.,0.,0.));
#16557=DIRECTION('',(0.,0.866025403784439,-0.5));
#16558=DIRECTION('',(0.,0.866025403784439,-0.5));
#16559=DIRECTION('',(0.,0.5,-0.866025403784439));
#16560=DIRECTION('',(0.,0.866025403784439,0.5));
#16561=DIRECTION('',(1.,0.,0.));
#16562=DIRECTION('',(0.,0.866025403784439,0.5));
#16563=DIRECTION('',(0.,0.866025403784439,0.5));
#16564=DIRECTION('',(0.,1.,0.));
#16565=DIRECTION('',(0.,0.,1.));
#16566=DIRECTION('',(1.,0.,0.));
#16567=DIRECTION('',(0.,0.,1.));
#16568=DIRECTION('',(0.,0.,1.));
#16569=DIRECTION('',(0.,0.5,0.866025403784439));
#16570=DIRECTION('',(0.,-0.866025403784439,0.5));
#16571=DIRECTION('',(1.,0.,0.));
#16572=DIRECTION('',(0.,-0.866025403784439,0.5));
#16573=DIRECTION('',(0.,-0.866025403784439,0.5));
#16574=DIRECTION('',(0.,-0.5,0.866025403784439));
#16575=DIRECTION('',(0.,-0.866025403784439,-0.5));
#16576=DIRECTION('',(0.,-0.866025403784439,-0.5));
#16577=DIRECTION('',(0.,-0.866025403784439,-0.5));
#16578=DIRECTION('',(1.,0.,0.));
#16579=DIRECTION('',(0.,0.,-1.));
#16580=DIRECTION('',(1.,1.38889938694373E-16,0.));
#16581=DIRECTION('',(-1.38889938694373E-16,1.,0.));
#16582=DIRECTION('',(1.,0.,0.));
#16583=DIRECTION('',(0.,0.,-1.));
#16584=DIRECTION('',(1.,1.38889938694373E-16,0.));
#16585=DIRECTION('',(-1.38889938694373E-16,1.,0.));
#16586=DIRECTION('',(1.,0.,0.));
#16587=DIRECTION('',(0.,0.,-1.));
#16588=DIRECTION('',(1.,1.38889938694373E-16,0.));
#16589=DIRECTION('',(-1.38889938694373E-16,1.,0.));
#16590=DIRECTION('',(1.,0.,0.));
#16591=DIRECTION('',(0.,0.,-1.));
#16592=DIRECTION('',(1.,1.38889938694373E-16,0.));
#16593=DIRECTION('',(-1.38889938694373E-16,1.,0.));
#16594=DIRECTION('',(1.,0.,0.));
#16595=DIRECTION('',(0.,0.,-1.));
#16596=DIRECTION('',(1.,1.38889938694373E-16,0.));
#16597=DIRECTION('',(-1.38889938694373E-16,1.,0.));
#16598=DIRECTION('',(1.,0.,0.));
#16599=DIRECTION('',(0.,0.,-1.));
#16600=DIRECTION('',(1.,1.38889938694373E-16,0.));
#16601=DIRECTION('',(-1.38889938694373E-16,1.,0.));
#16602=DIRECTION('',(1.,1.38889938694373E-16,0.));
#16603=DIRECTION('',(-1.38889938694373E-16,1.,0.));
#16604=DIRECTION('',(-0.382683432365093,0.,0.923879532511285));
#16605=DIRECTION('',(0.923879532511285,0.,0.382683432365093));
#16606=DIRECTION('',(0.38268343236508,0.,0.923879532511291));
#16607=DIRECTION('',(0.923879532511291,0.,-0.38268343236508));
#16608=DIRECTION('',(-1.,-6.12323399573677E-17,0.));
#16609=DIRECTION('',(6.12323399573677E-17,-1.,0.));
#16610=DIRECTION('',(-1.,-6.12323399573677E-17,0.));
#16611=DIRECTION('',(6.12323399573677E-17,-1.,0.));
#16612=DIRECTION('',(-1.,-6.12323399573677E-17,0.));
#16613=DIRECTION('',(6.12323399573677E-17,-1.,0.));
#16614=DIRECTION('',(-1.,-6.12323399573677E-17,0.));
#16615=DIRECTION('',(6.12323399573677E-17,-1.,0.));
#16616=DIRECTION('',(-1.,-6.12323399573677E-17,0.));
#16617=DIRECTION('',(6.12323399573677E-17,-1.,0.));
#16618=DIRECTION('',(-1.,-6.12323399573677E-17,0.));
#16619=DIRECTION('',(6.12323399573677E-17,-1.,0.));
#16620=DIRECTION('',(-1.,-6.12323399573677E-17,0.));
#16621=DIRECTION('',(6.12323399573677E-17,-1.,0.));
#16622=DIRECTION('',(-1.,-6.12323399573677E-17,0.));
#16623=DIRECTION('',(6.12323399573677E-17,-1.,0.));
#16624=DIRECTION('',(-1.,-6.12323399573677E-17,0.));
#16625=DIRECTION('',(6.12323399573677E-17,-1.,0.));
#16626=DIRECTION('',(-1.,-6.12323399573677E-17,0.));
#16627=DIRECTION('',(6.12323399573677E-17,-1.,0.));
#16628=DIRECTION('',(-1.,-6.12323399573677E-17,0.));
#16629=DIRECTION('',(6.12323399573677E-17,-1.,0.));
#16630=DIRECTION('',(-1.,-6.12323399573677E-17,0.));
#16631=DIRECTION('',(6.12323399573677E-17,-1.,0.));
#16632=DIRECTION('',(-1.,-6.12323399573677E-17,0.));
#16633=DIRECTION('',(6.12323399573677E-17,-1.,0.));
#16634=DIRECTION('',(-1.,-6.12323399573677E-17,0.));
#16635=DIRECTION('',(6.12323399573677E-17,-1.,0.));
#16636=DIRECTION('',(-1.,-6.12323399573677E-17,0.));
#16637=DIRECTION('',(6.12323399573677E-17,-1.,0.));
#16638=DIRECTION('',(-1.,-6.12323399573677E-17,0.));
#16639=DIRECTION('',(6.12323399573677E-17,-1.,0.));
#16640=DIRECTION('',(-1.,-6.12323399573677E-17,0.));
#16641=DIRECTION('',(6.12323399573677E-17,-1.,0.));
#16642=DIRECTION('',(-1.,-6.12323399573677E-17,0.));
#16643=DIRECTION('',(6.12323399573677E-17,-1.,0.));
#16644=DIRECTION('',(1.,6.12323399573677E-17,0.));
#16645=DIRECTION('',(-6.12323399573677E-17,1.,0.));
#16646=DIRECTION('',(-1.,-6.12323399573677E-17,0.));
#16647=DIRECTION('',(6.12323399573677E-17,-1.,0.));
#16648=DIRECTION('',(1.,6.12323399573677E-17,0.));
#16649=DIRECTION('',(-6.12323399573677E-17,1.,0.));
#16650=DIRECTION('',(0.,-0.5,-0.866025403784439));
#16651=DIRECTION('',(0.,0.866025403784439,-0.5));
#16652=DIRECTION('',(-1.,0.,0.));
#16653=DIRECTION('',(0.,-0.866025403784439,0.5));
#16654=DIRECTION('',(-1.,0.,0.));
#16655=DIRECTION('',(0.,0.5,-0.866025403784439));
#16656=DIRECTION('',(0.,0.866025403784439,0.5));
#16657=DIRECTION('',(0.,-0.866025403784439,-0.5));
#16658=DIRECTION('',(-1.,0.,0.));
#16659=DIRECTION('',(0.,1.,0.));
#16660=DIRECTION('',(0.,0.,1.));
#16661=DIRECTION('',(0.,0.,-1.));
#16662=DIRECTION('',(-1.,0.,0.));
#16663=DIRECTION('',(0.,0.5,0.866025403784439));
#16664=DIRECTION('',(0.,-0.866025403784439,0.5));
#16665=DIRECTION('',(0.,0.866025403784439,-0.5));
#16666=DIRECTION('',(-1.,0.,0.));
#16667=DIRECTION('',(0.,-0.5,0.866025403784439));
#16668=DIRECTION('',(0.,-0.866025403784439,-0.5));
#16669=DIRECTION('',(0.,0.866025403784439,0.5));
#16670=DIRECTION('',(-1.,0.,0.));
#16671=DIRECTION('',(0.,-1.,0.));
#16672=DIRECTION('',(0.,0.,-1.));
#16673=DIRECTION('',(0.,0.,1.));
#16674=DIRECTION('',(1.,0.,0.));
#16675=DIRECTION('',(0.,0.,-1.));
#16676=DIRECTION('',(0.,-1.,0.));
#16677=DIRECTION('',(-0.782608156852417,0.,0.622514636637616));
#16678=DIRECTION('',(1.,0.,0.));
#16679=DIRECTION('',(0.,0.,-1.));
#16680=DIRECTION('',(0.,-0.5,0.866025403784439));
#16681=DIRECTION('',(0.,-1.,0.));
#16682=DIRECTION('',(0.,-0.5,-0.866025403784439));
#16683=DIRECTION('',(0.,0.5,-0.866025403784439));
#16684=DIRECTION('',(0.,1.,0.));
#16685=DIRECTION('',(0.,0.5,0.866025403784439));
#16686=DIRECTION('',(1.,0.,0.));
#16687=DIRECTION('',(0.,0.,-1.));
#16688=DIRECTION('',(1.,0.,0.));
#16689=DIRECTION('',(0.,0.,-1.));
#16690=DIRECTION('',(1.,0.,0.));
#16691=DIRECTION('',(0.,0.,-1.));
#16692=DIRECTION('',(1.,0.,0.));
#16693=DIRECTION('',(0.,0.,-1.));
#16694=DIRECTION('',(1.,0.,0.));
#16695=DIRECTION('',(0.,0.,-1.));
#16696=DIRECTION('',(-1.,0.,0.));
#16697=DIRECTION('',(0.,0.,1.));
#16698=DIRECTION('',(1.,0.,0.));
#16699=DIRECTION('',(0.,0.,-1.));
#16700=DIRECTION('',(1.,0.,0.));
#16701=DIRECTION('',(0.,0.,-1.));
#16702=DIRECTION('',(1.,0.,0.));
#16703=DIRECTION('',(0.,0.,-1.));
#16704=DIRECTION('',(-1.,0.,0.));
#16705=DIRECTION('',(0.,0.,1.));
#16706=DIRECTION('',(1.,0.,0.));
#16707=DIRECTION('',(0.,0.,-1.));
#16708=DIRECTION('',(1.,0.,0.));
#16709=DIRECTION('',(0.,0.,-1.));
#16710=DIRECTION('',(1.,0.,0.));
#16711=DIRECTION('',(0.,0.,-1.));
#16712=DIRECTION('',(1.,0.,0.));
#16713=DIRECTION('',(0.,0.,-1.));
#16714=DIRECTION('',(1.,0.,0.));
#16715=DIRECTION('',(0.,0.,-1.));
#16716=DIRECTION('',(-1.,0.,0.));
#16717=DIRECTION('',(0.,0.,1.));
#16718=DIRECTION('',(1.,0.,0.));
#16719=DIRECTION('',(0.,0.,-1.));
#16720=DIRECTION('',(-1.,0.,0.));
#16721=DIRECTION('',(0.,0.,1.));
#16722=DIRECTION('',(1.,0.,0.));
#16723=DIRECTION('',(0.,0.,-1.));
#16724=DIRECTION('',(0.,-1.,0.));
#16725=DIRECTION('',(0.,-0.5,0.866025403784439));
#16726=DIRECTION('',(0.,0.5,0.866025403784439));
#16727=DIRECTION('',(0.,1.,0.));
#16728=DIRECTION('',(0.,0.5,-0.866025403784439));
#16729=DIRECTION('',(0.,-0.5,-0.866025403784439));
#16730=DIRECTION('',(1.,0.,0.));
#16731=DIRECTION('',(0.,0.,-1.));
#16732=DIRECTION('',(0.,0.,1.));
#16733=DIRECTION('',(1.,0.,0.));
#16734=DIRECTION('',(1.,0.,0.));
#16735=DIRECTION('',(1.,0.,0.));
#16736=DIRECTION('',(0.,-0.866025403784439,0.5));
#16737=DIRECTION('',(0.,-0.5,-0.866025403784439));
#16738=DIRECTION('',(1.,0.,0.));
#16739=DIRECTION('',(0.,-0.866025403784439,-0.5));
#16740=DIRECTION('',(0.,0.5,-0.866025403784439));
#16741=DIRECTION('',(1.,0.,0.));
#16742=DIRECTION('',(0.,0.,-1.));
#16743=DIRECTION('',(-1.,0.,0.));
#16744=DIRECTION('',(1.,0.,0.));
#16745=DIRECTION('',(0.,0.866025403784439,-0.5));
#16746=DIRECTION('',(0.,0.5,0.866025403784439));
#16747=DIRECTION('',(1.,0.,0.));
#16748=DIRECTION('',(0.,0.866025403784439,0.5));
#16749=DIRECTION('',(0.,-0.5,0.866025403784439));
#16750=DIRECTION('',(-1.,0.,0.));
#16751=DIRECTION('',(0.,0.,1.));
#16752=DIRECTION('',(1.,0.,0.));
#16753=DIRECTION('',(0.,1.,0.));
#16754=DIRECTION('',(1.,0.,0.));
#16755=DIRECTION('',(0.,0.,-1.));
#16756=DIRECTION('',(1.,0.,0.));
#16757=DIRECTION('',(0.,0.,-1.));
#16758=DIRECTION('',(-1.,0.,0.));
#16759=DIRECTION('',(0.,0.,1.));
#16760=DIRECTION('',(1.,0.,0.));
#16761=DIRECTION('',(0.,0.,-1.));
#16762=DIRECTION('',(1.,0.,0.));
#16763=DIRECTION('',(0.,0.,-1.));
#16764=DIRECTION('',(1.,0.,0.));
#16765=DIRECTION('',(0.,0.,-1.));
#16766=DIRECTION('',(1.,0.,0.));
#16767=DIRECTION('',(0.,0.,-1.));
#16768=DIRECTION('',(1.,0.,0.));
#16769=DIRECTION('',(0.,0.,-1.));
#16770=DIRECTION('',(-1.,0.,0.));
#16771=DIRECTION('',(0.,0.,1.));
#16772=DIRECTION('',(-1.,0.,0.));
#16773=DIRECTION('',(0.,0.,1.));
#16774=DIRECTION('',(1.,0.,-2.8421709430404E-13));
#16775=DIRECTION('',(-2.8421709430404E-13,0.,-1.));
#16776=DIRECTION('',(1.,0.,-2.8421709430404E-13));
#16777=DIRECTION('',(-2.8421709430404E-13,0.,-1.));
#16778=DIRECTION('',(-1.,0.,2.8421709430404E-13));
#16779=DIRECTION('',(2.8421709430404E-13,0.,1.));
#16780=DIRECTION('',(1.,0.,0.));
#16781=DIRECTION('',(0.,-1.,0.));
#16782=DIRECTION('',(1.,0.,0.));
#16783=DIRECTION('',(0.,1.,0.));
#16784=DIRECTION('',(1.,0.,0.));
#16785=DIRECTION('',(0.,1.,0.));
#16786=DIRECTION('',(1.,0.,0.));
#16787=DIRECTION('',(0.,1.,0.));
#16788=DIRECTION('',(-1.,-6.12323399573677E-17,0.));
#16789=DIRECTION('',(6.12323399573677E-17,-1.,0.));
#16790=DIRECTION('',(-1.,-6.12323399573677E-17,0.));
#16791=DIRECTION('',(6.12323399573677E-17,-1.,0.));
#16792=DIRECTION('',(-1.,-6.12323399573677E-17,0.));
#16793=DIRECTION('',(6.12323399573677E-17,-1.,0.));
#16794=DIRECTION('',(-1.,-6.12323399573677E-17,0.));
#16795=DIRECTION('',(6.12323399573677E-17,-1.,0.));
#16796=DIRECTION('',(-1.,-6.12323399573677E-17,0.));
#16797=DIRECTION('',(6.12323399573677E-17,-1.,0.));
#16798=DIRECTION('',(-1.,-6.12323399573677E-17,0.));
#16799=DIRECTION('',(6.12323399573677E-17,-1.,0.));
#16800=DIRECTION('',(-1.,-6.12323399573677E-17,0.));
#16801=DIRECTION('',(6.12323399573677E-17,-1.,0.));
#16802=DIRECTION('',(-1.,-6.12323399573677E-17,0.));
#16803=DIRECTION('',(6.12323399573677E-17,-1.,0.));
#16804=DIRECTION('',(-1.,-6.12323399573677E-17,0.));
#16805=DIRECTION('',(6.12323399573677E-17,-1.,0.));
#16806=DIRECTION('',(-1.,-6.12323399573677E-17,0.));
#16807=DIRECTION('',(6.12323399573677E-17,-1.,0.));
#16808=DIRECTION('',(-1.,-6.12323399573677E-17,0.));
#16809=DIRECTION('',(6.12323399573677E-17,-1.,0.));
#16810=DIRECTION('',(-1.,-6.12323399573677E-17,0.));
#16811=DIRECTION('',(6.12323399573677E-17,-1.,0.));
#16812=DIRECTION('',(-1.,-6.12323399573677E-17,0.));
#16813=DIRECTION('',(6.12323399573677E-17,-1.,0.));
#16814=DIRECTION('',(-1.,-6.12323399573677E-17,0.));
#16815=DIRECTION('',(6.12323399573677E-17,-1.,0.));
#16816=DIRECTION('',(-1.,-6.12323399573677E-17,0.));
#16817=DIRECTION('',(6.12323399573677E-17,-1.,0.));
#16818=DIRECTION('',(-1.,-6.12323399573677E-17,0.));
#16819=DIRECTION('',(6.12323399573677E-17,-1.,0.));
#16820=DIRECTION('',(-1.,-6.12323399573677E-17,0.));
#16821=DIRECTION('',(6.12323399573677E-17,-1.,0.));
#16822=DIRECTION('',(-1.,-6.12323399573677E-17,0.));
#16823=DIRECTION('',(6.12323399573677E-17,-1.,0.));
#16824=DIRECTION('',(1.,6.12323399573677E-17,0.));
#16825=DIRECTION('',(-6.12323399573677E-17,1.,0.));
#16826=DIRECTION('',(-1.,-6.12323399573677E-17,0.));
#16827=DIRECTION('',(6.12323399573677E-17,-1.,0.));
#16828=DIRECTION('',(1.,6.12323399573677E-17,0.));
#16829=DIRECTION('',(-6.12323399573677E-17,1.,0.));
#16830=DIRECTION('',(0.,-0.5,-0.866025403784439));
#16831=DIRECTION('',(0.,0.866025403784439,-0.5));
#16832=DIRECTION('',(-1.,0.,0.));
#16833=DIRECTION('',(0.,-0.866025403784439,0.5));
#16834=DIRECTION('',(-1.,0.,0.));
#16835=DIRECTION('',(0.,0.5,-0.866025403784439));
#16836=DIRECTION('',(0.,0.866025403784439,0.5));
#16837=DIRECTION('',(0.,-0.866025403784439,-0.5));
#16838=DIRECTION('',(-1.,0.,0.));
#16839=DIRECTION('',(0.,1.,0.));
#16840=DIRECTION('',(0.,0.,1.));
#16841=DIRECTION('',(0.,0.,-1.));
#16842=DIRECTION('',(-1.,0.,0.));
#16843=DIRECTION('',(0.,0.5,0.866025403784439));
#16844=DIRECTION('',(0.,-0.866025403784439,0.5));
#16845=DIRECTION('',(0.,0.866025403784439,-0.5));
#16846=DIRECTION('',(-1.,0.,0.));
#16847=DIRECTION('',(0.,-0.5,0.866025403784439));
#16848=DIRECTION('',(0.,-0.866025403784439,-0.5));
#16849=DIRECTION('',(0.,0.866025403784439,0.5));
#16850=DIRECTION('',(-1.,0.,0.));
#16851=DIRECTION('',(0.,-1.,0.));
#16852=DIRECTION('',(0.,0.,-1.));
#16853=DIRECTION('',(0.,0.,1.));
#16854=DIRECTION('',(1.,0.,0.));
#16855=DIRECTION('',(0.,0.,-1.));
#16856=DIRECTION('',(-0.939692620785908,0.,-0.342020143325669));
#16857=DIRECTION('',(0.342020143325669,0.,-0.939692620785908));
#16858=DIRECTION('',(0.,0.,1.));
#16859=DIRECTION('',(1.,0.,0.));
#16860=DIRECTION('',(1.,0.,0.));
#16861=DIRECTION('',(0.,1.,0.));
#16862=DIRECTION('',(1.,0.,0.));
#16863=DIRECTION('',(0.,-1.,0.));
#16864=DIRECTION('',(1.,0.,0.));
#16865=DIRECTION('',(0.,1.,0.));
#16866=DIRECTION('',(1.,0.,0.));
#16867=DIRECTION('',(0.,-1.,0.));
#16868=DIRECTION('',(-1.,0.,0.));
#16869=DIRECTION('',(0.,1.,0.));
#16870=DIRECTION('',(1.,0.,0.));
#16871=DIRECTION('',(0.,-1.,0.));
#16872=DIRECTION('',(0.,0.,-1.));
#16873=DIRECTION('',(-1.,0.,0.));
#16874=DIRECTION('',(-1.,0.,0.));
#16875=DIRECTION('',(-1.,0.,0.));
#16876=DIRECTION('',(-1.,0.,0.));
#16877=DIRECTION('',(0.,1.,0.));
#16878=DIRECTION('',(-1.,0.,0.));
#16879=DIRECTION('',(1.,0.,0.));
#16880=DIRECTION('',(-1.,0.,0.));
#16881=DIRECTION('',(0.,-1.,0.));
#16882=DIRECTION('',(0.,1.,0.));
#16883=DIRECTION('',(0.,0.,1.));
#16884=DIRECTION('',(-2.58237244719275E-14,0.,1.));
#16885=DIRECTION('',(0.,0.,-1.));
#16886=DIRECTION('',(1.,0.,0.));
#16887=DIRECTION('',(0.,0.,-1.));
#16888=DIRECTION('',(0.,0.,-1.));
#16889=DIRECTION('',(-1.,0.,0.));
#16890=DIRECTION('',(0.,-1.,0.));
#16891=DIRECTION('',(0.,0.,-1.));
#16892=DIRECTION('',(2.58237244719275E-14,0.,-1.));
#16893=DIRECTION('',(1.,0.,0.));
#16894=DIRECTION('',(0.,0.,1.));
#16895=DIRECTION('',(0.,-1.,0.));
#16896=DIRECTION('',(0.,0.,-1.));
#16897=DIRECTION('',(0.,0.,1.));
#16898=DIRECTION('',(0.,0.,1.));
#16899=DIRECTION('',(1.,0.,0.));
#16900=DIRECTION('',(1.,0.,0.));
#16901=DIRECTION('',(0.,0.,-1.));
#16902=DIRECTION('',(0.,0.,-1.));
#16903=DIRECTION('',(0.,0.,1.));
#16904=DIRECTION('',(0.,-1.,0.));
#16905=DIRECTION('',(0.,-1.,0.));
#16906=DIRECTION('',(0.,0.,-1.));
#16907=DIRECTION('',(0.,-1.,0.));
#16908=DIRECTION('',(-1.,0.,0.));
#16909=DIRECTION('',(0.,0.,1.));
#16910=DIRECTION('',(0.,0.,1.));
#16911=DIRECTION('',(0.,1.,0.));
#16912=DIRECTION('',(0.,0.,-1.));
#16913=DIRECTION('',(0.,1.,0.));
#16914=DIRECTION('',(0.,1.,0.));
#16915=DIRECTION('',(0.,0.,-1.));
#16916=DIRECTION('',(0.,0.,1.));
#16917=DIRECTION('',(1.,0.,0.));
#16918=DIRECTION('',(1.,0.,0.));
#16919=DIRECTION('',(0.,0.,1.));
#16920=DIRECTION('',(1.,0.,0.));
#16921=DIRECTION('',(5.00664272660724E-17,0.,1.));
#16922=DIRECTION('',(1.,0.,-5.00664272660724E-17));
#16923=DIRECTION('',(0.,0.,1.));
#16924=DIRECTION('',(1.,0.,0.));
#16925=DIRECTION('',(-1.,0.,0.));
#16926=DIRECTION('',(0.,0.,-1.));
#16927=DIRECTION('',(-1.,0.,0.));
#16928=DIRECTION('',(0.,0.,1.));
#16929=DIRECTION('',(1.,0.,0.));
#16930=DIRECTION('',(0.,0.,1.));
#16931=DIRECTION('',(1.,0.,0.));
#16932=DIRECTION('',(0.,1.,0.));
#16933=DIRECTION('',(0.,1.,0.));
#16934=DIRECTION('',(1.,0.,0.));
#16935=DIRECTION('',(0.,0.,1.));
#16936=DIRECTION('',(1.,0.,0.));
#16937=DIRECTION('',(0.,0.,1.));
#16938=DIRECTION('',(1.,0.,0.));
#16939=DIRECTION('',(0.,0.,1.));
#16940=DIRECTION('',(1.,0.,0.));
#16941=DIRECTION('',(0.,0.,1.));
#16942=DIRECTION('',(1.,0.,0.));
#16943=DIRECTION('',(0.,0.,1.));
#16944=DIRECTION('',(1.,0.,0.));
#16945=DIRECTION('',(0.,-1.,0.));
#16946=DIRECTION('',(0.,0.,-1.));
#16947=DIRECTION('',(2.58237244719275E-14,0.,-1.));
#16948=DIRECTION('',(0.,0.,1.));
#16949=DIRECTION('',(0.,1.,0.));
#16950=DIRECTION('',(0.,0.,1.));
#16951=DIRECTION('',(-2.58237244719275E-14,0.,1.));
#16952=DIRECTION('',(-1.,0.,0.));
#16953=DIRECTION('',(0.,0.,-1.));
#16954=DIRECTION('',(0.,0.,-1.));
#16955=DIRECTION('',(-1.,0.,0.));
#16956=DIRECTION('',(0.,1.,0.));
#16957=DIRECTION('',(0.,1.,0.));
#16958=DIRECTION('',(1.,0.,0.));
#16959=DIRECTION('',(0.,0.,-1.));
#16960=DIRECTION('',(0.,0.,-1.));
#16961=DIRECTION('',(-1.,0.,-2.58237244719275E-14));
#16962=DIRECTION('',(-2.58237244719275E-14,0.,1.));
#16963=DIRECTION('',(0.,0.,-1.));
#16964=DIRECTION('',(-1.,0.,-2.58237244719275E-14));
#16965=DIRECTION('',(-2.58237244719275E-14,0.,1.));
#16966=DIRECTION('',(0.,0.,-1.));
#16967=DIRECTION('',(1.,0.,0.));
#16968=DIRECTION('',(0.,0.,-1.));
#16969=DIRECTION('',(0.,0.,-1.));
#16970=DIRECTION('',(0.,1.,0.));
#16971=DIRECTION('',(0.,0.,1.));
#16972=DIRECTION('',(0.,-1.,0.));
#16973=DIRECTION('',(0.,0.,-1.));
#16974=DIRECTION('',(5.00664272660724E-17,0.,1.));
#16975=DIRECTION('',(1.,0.,-5.00664272660724E-17));
#16976=DIRECTION('',(5.00664272660724E-17,0.,1.));
#16977=DIRECTION('',(1.,0.,-5.00664272660724E-17));
#16978=DIRECTION('',(-5.00664272660724E-17,0.,-1.));
#16979=DIRECTION('',(-1.,0.,5.00664272660724E-17));
#16980=DIRECTION('',(5.00664272660724E-17,0.,1.));
#16981=DIRECTION('',(1.,0.,-5.00664272660724E-17));
#16982=DIRECTION('',(5.00664272660724E-17,0.,1.));
#16983=DIRECTION('',(1.,0.,-5.00664272660724E-17));
#16984=DIRECTION('',(5.00664272660724E-17,0.,1.));
#16985=DIRECTION('',(1.,0.,-5.00664272660724E-17));
#16986=DIRECTION('',(5.00664272660724E-17,0.,1.));
#16987=DIRECTION('',(1.,0.,-5.00664272660724E-17));
#16988=DIRECTION('',(5.00664272660724E-17,0.,1.));
#16989=DIRECTION('',(1.,0.,-5.00664272660724E-17));
#16990=DIRECTION('',(5.00664272660724E-17,0.,1.));
#16991=DIRECTION('',(1.,0.,-5.00664272660724E-17));
#16992=DIRECTION('',(5.00664272660724E-17,0.,1.));
#16993=DIRECTION('',(1.,0.,-5.00664272660724E-17));
#16994=DIRECTION('',(-1.,0.,0.));
#16995=DIRECTION('',(0.,0.,1.));
#16996=DIRECTION('',(0.,0.,1.));
#16997=DIRECTION('',(0.,-1.,0.));
#16998=DIRECTION('',(0.,0.,1.));
#16999=DIRECTION('',(-0.5,-0.866025403784439,0.));
#17000=DIRECTION('',(0.866025403784439,-0.5,0.));
#17001=DIRECTION('',(0.,0.,1.));
#17002=DIRECTION('',(0.866025403784439,-0.5,0.));
#17003=DIRECTION('',(0.5,-0.866025403784439,0.));
#17004=DIRECTION('',(0.866025403784439,0.5,0.));
#17005=DIRECTION('',(0.,0.,1.));
#17006=DIRECTION('',(0.866025403784439,0.5,0.));
#17007=DIRECTION('',(1.,0.,0.));
#17008=DIRECTION('',(0.,0.,-1.));
#17009=DIRECTION('',(0.,0.,1.));
#17010=DIRECTION('',(0.,1.,0.));
#17011=DIRECTION('',(0.5,0.866025403784439,0.));
#17012=DIRECTION('',(-0.866025403784439,0.5,0.));
#17013=DIRECTION('',(0.,0.,1.));
#17014=DIRECTION('',(-0.866025403784439,0.5,0.));
#17015=DIRECTION('',(-0.5,0.866025403784439,0.));
#17016=DIRECTION('',(-0.866025403784439,-0.5,0.));
#17017=DIRECTION('',(-0.866025403784439,-0.5,0.));
#17018=DIRECTION('',(0.,0.,1.));
#17019=DIRECTION('',(1.,0.,0.));
#17020=DIRECTION('',(-0.342020143325669,0.,0.939692620785908));
#17021=DIRECTION('',(0.,1.,0.));
#17022=DIRECTION('',(0.,-1.,0.));
#17023=DIRECTION('',(-0.342020143325658,0.,0.939692620785912));
#17024=DIRECTION('',(0.342020143325658,0.,-0.939692620785912));
#17025=DIRECTION('',(0.,1.,0.));
#17026=DIRECTION('',(0.,-1.,0.));
#17027=DIRECTION('',(0.,0.,-1.));
#17028=DIRECTION('',(0.,1.,0.));
#17029=DIRECTION('',(0.,0.,1.));
#17030=DIRECTION('',(0.,1.,0.));
#17031=DIRECTION('',(0.,0.,1.));
#17032=DIRECTION('',(0.,-1.,0.));
#17033=DIRECTION('',(0.,0.,-1.));
#17034=DIRECTION('',(0.,-1.,0.));
#17035=DIRECTION('',(0.,0.,-1.));
#17036=DIRECTION('',(0.,-1.,0.));
#17037=DIRECTION('',(0.,0.,-1.));
#17038=DIRECTION('',(0.,1.,0.));
#17039=DIRECTION('',(0.,0.,1.));
#17040=DIRECTION('',(0.,-1.,0.));
#17041=DIRECTION('',(0.,0.,-1.));
#17042=DIRECTION('',(0.,-1.,0.));
#17043=DIRECTION('',(0.,0.,-1.));
#17044=DIRECTION('',(0.,-1.,0.));
#17045=DIRECTION('',(0.,0.,-1.));
#17046=DIRECTION('',(0.,-1.,0.));
#17047=DIRECTION('',(0.,0.,-1.));
#17048=DIRECTION('',(0.,-1.,0.));
#17049=DIRECTION('',(0.,0.,-1.));
#17050=DIRECTION('',(0.,-1.,0.));
#17051=DIRECTION('',(0.,0.,-1.));
#17052=DIRECTION('',(0.,-1.,0.));
#17053=DIRECTION('',(0.,0.,-1.));
#17054=DIRECTION('',(0.,-1.,0.));
#17055=DIRECTION('',(0.,0.,-1.));
#17056=DIRECTION('',(0.,-1.,0.));
#17057=DIRECTION('',(0.,0.,-1.));
#17058=DIRECTION('',(0.,1.,0.));
#17059=DIRECTION('',(0.,0.,1.));
#17060=DIRECTION('',(0.,1.,0.));
#17061=DIRECTION('',(0.,0.,1.));
#17062=DIRECTION('',(0.,1.,0.));
#17063=DIRECTION('',(0.,0.,1.));
#17064=DIRECTION('',(0.,1.,0.));
#17065=DIRECTION('',(0.,0.,1.));
#17066=DIRECTION('',(0.,-1.,0.));
#17067=DIRECTION('',(0.,0.,-1.));
#17068=DIRECTION('',(0.,-1.,0.));
#17069=DIRECTION('',(0.,0.,-1.));
#17070=DIRECTION('',(0.,-1.,0.));
#17071=DIRECTION('',(0.,0.,-1.));
#17072=DIRECTION('',(0.,-1.,0.));
#17073=DIRECTION('',(0.,0.,-1.));
#17074=DIRECTION('',(0.,-1.,0.));
#17075=DIRECTION('',(0.,0.,-1.));
#17076=DIRECTION('',(0.,1.,0.));
#17077=DIRECTION('',(0.,0.,1.));
#17078=DIRECTION('',(0.,-1.,0.));
#17079=DIRECTION('',(0.,0.,-1.));
#17080=DIRECTION('',(0.,-1.,0.));
#17081=DIRECTION('',(0.,0.,-1.));
#17082=DIRECTION('',(0.,-1.,0.));
#17083=DIRECTION('',(0.,0.,-1.));
#17084=DIRECTION('',(0.,-1.,0.));
#17085=DIRECTION('',(0.,0.,-1.));
#17086=DIRECTION('',(0.,-1.,0.));
#17087=DIRECTION('',(0.,0.,-1.));
#17088=DIRECTION('',(0.,1.,0.));
#17089=DIRECTION('',(0.,0.,1.));
#17090=DIRECTION('',(0.,-1.,0.));
#17091=DIRECTION('',(0.,0.,-1.));
#17092=DIRECTION('',(0.,1.,0.));
#17093=DIRECTION('',(0.,0.,1.));
#17094=DIRECTION('',(0.,-1.,0.));
#17095=DIRECTION('',(0.,0.,-1.));
#17096=DIRECTION('',(0.,1.,0.));
#17097=DIRECTION('',(0.,0.,1.));
#17098=DIRECTION('',(0.,1.,0.));
#17099=DIRECTION('',(0.,0.,1.));
#17100=DIRECTION('',(0.,1.,0.));
#17101=DIRECTION('',(0.,0.,1.));
#17102=DIRECTION('',(0.,1.,0.));
#17103=DIRECTION('',(0.,0.,1.));
#17104=DIRECTION('',(0.,-1.,0.));
#17105=DIRECTION('',(0.,0.,-1.));
#17106=DIRECTION('',(0.,-1.,0.));
#17107=DIRECTION('',(0.,0.,-1.));
#17108=DIRECTION('',(0.,-1.,0.));
#17109=DIRECTION('',(0.,0.,-1.));
#17110=DIRECTION('',(0.,1.,0.));
#17111=DIRECTION('',(0.,0.,1.));
#17112=DIRECTION('',(0.,1.,0.));
#17113=DIRECTION('',(0.,0.,1.));
#17114=DIRECTION('',(0.,1.,0.));
#17115=DIRECTION('',(0.,0.,1.));
#17116=DIRECTION('',(0.,1.,0.));
#17117=DIRECTION('',(0.,0.,1.));
#17118=DIRECTION('',(0.,1.,0.));
#17119=DIRECTION('',(0.,0.,1.));
#17120=DIRECTION('',(0.,1.,0.));
#17121=DIRECTION('',(0.,0.,1.));
#17122=DIRECTION('',(0.,1.,0.));
#17123=DIRECTION('',(0.,0.,1.));
#17124=DIRECTION('',(0.,1.,0.));
#17125=DIRECTION('',(0.,0.,1.));
#17126=DIRECTION('',(0.,1.,0.));
#17127=DIRECTION('',(0.,0.,1.));
#17128=DIRECTION('',(0.,1.,0.));
#17129=DIRECTION('',(0.,0.,1.));
#17130=DIRECTION('',(0.,1.,0.));
#17131=DIRECTION('',(0.,0.,1.));
#17132=DIRECTION('',(0.,1.,0.));
#17133=DIRECTION('',(0.,0.,1.));
#17134=DIRECTION('',(0.,1.,0.));
#17135=DIRECTION('',(0.,0.,1.));
#17136=DIRECTION('',(0.,1.,0.));
#17137=DIRECTION('',(0.,0.,1.));
#17138=DIRECTION('',(0.,-1.,0.));
#17139=DIRECTION('',(0.,0.,-1.));
#17140=DIRECTION('',(0.,-1.,0.));
#17141=DIRECTION('',(0.,0.,-1.));
#17142=DIRECTION('',(0.,1.,0.));
#17143=DIRECTION('',(0.,0.,1.));
#17144=DIRECTION('',(0.,1.,0.));
#17145=DIRECTION('',(0.,0.,1.));
#17146=DIRECTION('',(0.,1.,0.));
#17147=DIRECTION('',(0.,0.,1.));
#17148=DIRECTION('',(0.,1.,0.));
#17149=DIRECTION('',(0.,0.,1.));
#17150=DIRECTION('',(0.,1.,0.));
#17151=DIRECTION('',(0.,0.,1.));
#17152=DIRECTION('',(0.,1.,0.));
#17153=DIRECTION('',(0.,0.,1.));
#17154=DIRECTION('',(0.,0.,-1.));
#17155=DIRECTION('',(-1.,0.,0.));
#17156=CARTESIAN_POINT('',(0.,0.,0.));
#17157=CARTESIAN_POINT('',(0.,-21.,0.));
#17158=CARTESIAN_POINT('',(0.,-17.6,0.));
#17159=CARTESIAN_POINT('',(-18.3899504217086,-17.6,32.6811830184756));
#17160=CARTESIAN_POINT('',(-6.91954018439086,-17.6,36.8560709196816));
#17161=CARTESIAN_POINT('',(-18.3899504217086,-21.,32.6811830184756));
#17162=CARTESIAN_POINT('',(-18.3899504217086,-7.5,32.6811830184756));
#17163=CARTESIAN_POINT('',(0.,-7.5,0.));
#17164=CARTESIAN_POINT('',(-6.91954018439085,-7.5,36.8560709196816));
#17165=CARTESIAN_POINT('',(-6.91954018439085,-21.,36.8560709196816));
#17166=CARTESIAN_POINT('',(37.4699348754458,-13.0271588428022,-1.76770513695163));
#17167=CARTESIAN_POINT('',(37.3372127768879,-11.6141057307364,-3.64798824366178));
#17168=CARTESIAN_POINT('',(37.201812340185,-8.73164491230403,-4.68836080532903));
#17169=CARTESIAN_POINT('',(37.3452207079096,-5.88415654735484,-3.57258889275989));
#17170=CARTESIAN_POINT('',(37.4746056384112,-4.52916577667658,-1.66967420557537));
#17171=CARTESIAN_POINT('',(37.5138674757041,-4.17443002635833,0.0534068973761831));
#17172=CARTESIAN_POINT('',(37.4697019182589,-4.57519124074686,1.77250069111205));
#17173=CARTESIAN_POINT('',(37.3375644224462,-5.98244650106991,3.64257132524263));
#17174=CARTESIAN_POINT('',(37.2017973248737,-8.86084697769708,4.68912208946544));
#17175=CARTESIAN_POINT('',(37.344872297218,-11.7120868313108,3.57608787775065));
#17176=CARTESIAN_POINT('',(37.4746273319593,-13.0710988682126,1.67076975145576));
#17177=CARTESIAN_POINT('',(37.5138032299177,-13.42491084883,-0.0552931793975488));
#17178=CARTESIAN_POINT('',(37.4699348754458,-13.0271588428022,-1.76770513695163));
#17179=CARTESIAN_POINT('',(37.3372127768879,-11.6141057307364,-3.64798824366178));
#17180=CARTESIAN_POINT('',(37.201812340185,-8.73164491230403,-4.68836080532903));
#17181=CARTESIAN_POINT('',(37.372426780627,-11.8929593801961,-3.09058537886955));
#17182=CARTESIAN_POINT('',(-30.8769552471713,-5.70040151042618,21.3090659392382));
#17183=CARTESIAN_POINT('',(-31.4522549053033,-8.25064237618298,20.4151235193908));
#17184=CARTESIAN_POINT('',(-30.877345477959,-10.7970289848419,21.3083578151885));
#17185=CARTESIAN_POINT('',(-29.3770529708469,-11.8511759725934,23.3640316106745));
#17186=CARTESIAN_POINT('',(-27.7078647509989,-10.7982642539138,25.2930278175584));
#17187=CARTESIAN_POINT('',(-26.9679546232063,-8.25059280254308,26.0527976684943));
#17188=CARTESIAN_POINT('',(-27.7055671661366,-5.70646391420682,25.2954165162909));
#17189=CARTESIAN_POINT('',(-29.3731334060181,-4.64828593875388,23.369029515573));
#17190=CARTESIAN_POINT('',(-30.8769552471713,-5.70040151042618,21.3090659392382));
#17191=CARTESIAN_POINT('',(-31.4522549053033,-8.25064237618298,20.4151235193908));
#17192=CARTESIAN_POINT('',(-30.877345477959,-10.7970289848419,21.3083578151885));
#17193=CARTESIAN_POINT('',(-31.2605533910573,-8.25,20.7129863053317));
#17194=CARTESIAN_POINT('',(-31.9492290173312,-5.78255283379905,-19.6410795452141));
#17195=CARTESIAN_POINT('',(-31.6794223022302,-8.25204187350116,-20.065157884956));
#17196=CARTESIAN_POINT('',(-31.9478914716652,-10.7092796721963,-19.6432357919707));
#17197=CARTESIAN_POINT('',(-32.6695945190546,-12.784537034852,-18.4387817065307));
#17198=CARTESIAN_POINT('',(-33.652068508465,-14.1720810268238,-16.6007919688295));
#17199=CARTESIAN_POINT('',(-34.6700268439919,-14.6632260023557,-14.36514464412));
#17200=CARTESIAN_POINT('',(-35.5324818179414,-14.1750087877267,-12.062285196159));
#17201=CARTESIAN_POINT('',(-36.139151234258,-12.7851601817094,-10.0626532294942));
#17202=CARTESIAN_POINT('',(-36.4805518631952,-10.7084475013763,-8.7001466287372));
#17203=CARTESIAN_POINT('',(-36.5886327703074,-8.2524786482775,-8.21388560822026));
#17204=CARTESIAN_POINT('',(-36.4809835285533,-5.79633422518565,-8.69829572387099));
#17205=CARTESIAN_POINT('',(-36.1403716565632,-3.72054584073157,-10.0579149349911));
#17206=CARTESIAN_POINT('',(-35.5359978338279,-2.32974798193123,-12.0517401808103));
#17207=CARTESIAN_POINT('',(-34.6735831134109,-1.83620474776501,-14.3568372836846));
#17208=CARTESIAN_POINT('',(-33.6540736316775,-2.32544509076911,-16.5968922773443));
#17209=CARTESIAN_POINT('',(-32.6708420743322,-3.71389518040974,-18.4365781373414));
#17210=CARTESIAN_POINT('',(-31.9492290173312,-5.78255283379905,-19.6410795452141));
#17211=CARTESIAN_POINT('',(-31.6794223022302,-8.25204187350116,-20.065157884956));
#17212=CARTESIAN_POINT('',(-31.9478914716652,-10.7092796721963,-19.6432357919707));
#17213=CARTESIAN_POINT('',(-31.7691349496529,-8.25,-19.9241578128348));
#17214=CARTESIAN_POINT('',(-36.4798570280822,-5.78255283379904,8.70317595559157));
#17215=CARTESIAN_POINT('',(-36.5889435400104,-8.25204187350116,8.21252512794825));
#17216=CARTESIAN_POINT('',(-36.4804359371751,-10.7092796721963,8.70070547127757));
#17217=CARTESIAN_POINT('',(-36.1390794045447,-12.784537034852,10.0627042415321));
#17218=CARTESIAN_POINT('',(-35.5341384175163,-14.1720810268238,12.0570732690633));
#17219=CARTESIAN_POINT('',(-34.6731022758891,-14.6632260023557,14.3577198947235));
#17220=CARTESIAN_POINT('',(-33.6545825046642,-14.1750087877267,16.5959351870439));
#17221=CARTESIAN_POINT('',(-32.6696092393741,-12.7851601817094,18.4388685687659));
#17222=CARTESIAN_POINT('',(-31.9475782823903,-10.7084475013763,19.6437129253955));
#17223=CARTESIAN_POINT('',(-31.6801645596919,-8.2524786482775,20.0639761327656));
#17224=CARTESIAN_POINT('',(-31.9465747285099,-5.79633422518565,19.6453269462797));
#17225=CARTESIAN_POINT('',(-32.6671217280876,-3.72054584073157,18.4430820178283));
#17226=CARTESIAN_POINT('',(-33.6496122514795,-2.32974798193123,16.6058778375809));
#17227=CARTESIAN_POINT('',(-34.6697427472134,-1.83620474776501,14.366108747843));
#17228=CARTESIAN_POINT('',(-35.5327987554433,-2.32544509076911,12.0612486035778));
#17229=CARTESIAN_POINT('',(-36.1384034006248,-3.71389518040974,10.0651445550453));
#17230=CARTESIAN_POINT('',(-36.4798570280822,-5.78255283379904,8.70317595559157));
#17231=CARTESIAN_POINT('',(-36.5889435400104,-8.25204187350116,8.21252512794825));
#17232=CARTESIAN_POINT('',(-36.4804359371751,-10.7092796721963,8.70070547127757));
#17233=CARTESIAN_POINT('',(-36.5526778542165,-8.25,8.37566365644369));
#17234=CARTESIAN_POINT('',(-36.8842348357781,-8.01337605779886,-6.77319082304819));
#17235=CARTESIAN_POINT('',(-36.9942563968229,-11.7234600289878,-6.24404036829568));
#17236=CARTESIAN_POINT('',(-37.3100637539552,-14.496122772872,-3.96271882239074));
#17237=CARTESIAN_POINT('',(-37.4970875930826,-15.7390932080533,-1.58033477724391));
#17238=CARTESIAN_POINT('',(-37.5151914136554,-15.8462156995393,1.12748847923588));
#17239=CARTESIAN_POINT('',(-37.3469683090343,-14.7667776085798,3.61417490745428));
#17240=CARTESIAN_POINT('',(-37.1120386861754,-12.8003817692374,5.44515989262299));
#17241=CARTESIAN_POINT('',(-36.884251423075,-9.48088987587001,6.77319995048086));
#17242=CARTESIAN_POINT('',(-36.9945534981312,-5.77800528041648,6.2405948852669));
#17243=CARTESIAN_POINT('',(-37.3084169529102,-3.01641800085142,3.97627607929854));
#17244=CARTESIAN_POINT('',(-37.4966644532889,-1.76318631894189,1.59493120947142));
#17245=CARTESIAN_POINT('',(-37.5154348511754,-1.65236263695652,-1.1237332847856));
#17246=CARTESIAN_POINT('',(-37.3474355740029,-2.73006866717203,-3.60871448682316));
#17247=CARTESIAN_POINT('',(-37.112732450205,-4.69254003090002,-5.44084160823151));
#17248=CARTESIAN_POINT('',(-36.8842348357781,-8.01337605779886,-6.77319082304819));
#17249=CARTESIAN_POINT('',(-36.9942563968229,-11.7234600289878,-6.24404036829568));
#17250=CARTESIAN_POINT('',(-37.3100637539552,-14.496122772872,-3.96271882239074));
#17251=CARTESIAN_POINT('',(-37.0903570524466,-12.3385072793502,-5.52769572422341));
#17252=CARTESIAN_POINT('',(0.,-0.5,0.));
#17253=CARTESIAN_POINT('',(0.,-0.5,-37.5));
#17254=CARTESIAN_POINT('',(0.,-20.5,0.));
#17255=CARTESIAN_POINT('',(0.,-20.5,-37.5));
#17256=CARTESIAN_POINT('',(0.,-16.1,0.));
#17257=CARTESIAN_POINT('',(37.4476711720683,-16.1,-1.98038475772934));
#17258=CARTESIAN_POINT('',(37.4476711720683,-16.1,1.98038475772934));
#17259=CARTESIAN_POINT('',(37.4330273703006,-16.55,-2.24019237886467));
#17260=CARTESIAN_POINT('',(37.4298642435251,-16.4584524213349,-2.29304739805066));
#17261=CARTESIAN_POINT('',(37.4300869917248,-16.2205566062044,-2.29073995407416));
#17262=CARTESIAN_POINT('',(37.4420862693656,-16.1,-2.08599130672101));
#17263=CARTESIAN_POINT('',(37.4476711720683,-16.1,-1.98038475772934));
#17264=CARTESIAN_POINT('',(37.4330273703006,-16.55,-2.24019237886467));
#17265=CARTESIAN_POINT('',(0.,-20.4301270189222,0.));
#17266=CARTESIAN_POINT('',(37.4990999891997,-19.9801270189222,-0.259807621135331));
#17267=CARTESIAN_POINT('',(37.4990999891997,-19.9801270189222,0.25980762113533));
#17268=CARTESIAN_POINT('',(37.4994661260767,-20.0716590413232,0.206961583362632));
#17269=CARTESIAN_POINT('',(37.5005338739159,-20.1885949967573,4.9879815844039E-5));
#17270=CARTESIAN_POINT('',(37.4994661260583,-20.0716590367045,-0.206961586029229));
#17271=CARTESIAN_POINT('',(37.4990999891997,-19.9801270189222,-0.259807621135332));
#17272=CARTESIAN_POINT('',(37.4990999891997,-19.9801270189222,0.25980762113533));
#17273=CARTESIAN_POINT('',(0.,-20.4301270189222,0.));
#17274=CARTESIAN_POINT('',(37.4330273703006,-16.55,2.24019237886467));
#17275=CARTESIAN_POINT('',(37.4476711720683,-16.1,1.98038475772934));
#17276=CARTESIAN_POINT('',(37.4420860502374,-16.1,2.08599545027848));
#17277=CARTESIAN_POINT('',(37.4300904893368,-16.2204624975927,2.29068126699704));
#17278=CARTESIAN_POINT('',(37.4298641108904,-16.4584485826077,2.29304961434082));
#17279=CARTESIAN_POINT('',(37.4330273703006,-16.55,2.24019237886467));
#17280=CARTESIAN_POINT('',(0.,-7.5,0.));
#17281=CARTESIAN_POINT('',(6.919540184391,-7.5,-36.8560709196816));
#17282=CARTESIAN_POINT('',(18.3899504217085,-7.5,-32.6811830184757));
#17283=CARTESIAN_POINT('',(6.91954018439102,-21.,-36.8560709196816));
#17284=CARTESIAN_POINT('',(6.91954018439099,-17.6,-36.8560709196816));
#17285=CARTESIAN_POINT('',(0.,-17.6,0.));
#17286=CARTESIAN_POINT('',(18.3899504217085,-17.6,-32.6811830184757));
#17287=CARTESIAN_POINT('',(18.3899504217085,-21.,-32.6811830184757));
#17288=CARTESIAN_POINT('',(-23.0969883127822,0.,-9.56708580912725));
#17289=CARTESIAN_POINT('',(-23.0969883127822,-0.100000000000001,-9.56708580912725));
#17290=CARTESIAN_POINT('',(-23.0969883127822,-0.100000000000001,-7.50008580912725));
#17291=CARTESIAN_POINT('',(-24.3264434700404,-6.07509005933579,-7.90548145902126));
#17292=CARTESIAN_POINT('',(-24.7054357173662,-5.96992320974881,-8.18590560030728));
#17293=CARTESIAN_POINT('',(-25.0848366975559,-5.6534532839858,-8.75099568447887));
#17294=CARTESIAN_POINT('',(-25.202145990754,-5.35425649459176,-9.65625105383384));
#17295=CARTESIAN_POINT('',(-25.0480719523655,-5.26084386379054,-10.3702950456901));
#17296=CARTESIAN_POINT('',(-24.656475956023,-5.35139156517852,-10.9844166772539));
#17297=CARTESIAN_POINT('',(-23.9275812254353,-5.6522532027002,-11.5509702448954));
#17298=CARTESIAN_POINT('',(-23.2576439163683,-5.96993371378063,-11.6810648063559));
#17299=CARTESIAN_POINT('',(-22.7914126880352,-6.07509005933579,-11.6113735915983));
#17300=CARTESIAN_POINT('',(-24.3264434700404,-6.07509005933579,-7.90548145902126));
#17301=CARTESIAN_POINT('',(-22.7914126880352,-6.07509005933579,-11.6113735915983));
#17302=CARTESIAN_POINT('',(-22.7914126880352,-6.07509005933579,-11.6113735915983));
#17303=CARTESIAN_POINT('',(-22.6649686882873,-6.38444971733996,-11.5924730216542));
#17304=CARTESIAN_POINT('',(-22.4379374649174,-7.00782434104238,-11.5341378592254));
#17305=CARTESIAN_POINT('',(-22.1620116393084,-8.35193676595762,-11.4127931705827));
#17306=CARTESIAN_POINT('',(-22.3989678349187,-9.36252703703294,-11.5268129728196));
#17307=CARTESIAN_POINT('',(-22.6279391484976,-10.,-11.5801635228492));
#17308=CARTESIAN_POINT('',(-22.6279391484976,-10.,-11.5801635228492));
#17309=CARTESIAN_POINT('',(-23.0969883127822,-10.,-9.56708580912725));
#17310=CARTESIAN_POINT('',(-21.3374744348837,-10.,-8.48237390567889));
#17311=CARTESIAN_POINT('',(-21.3374744348837,-10.15,-8.48237390567889));
#17312=CARTESIAN_POINT('',(-21.3374744348837,-8.25,-8.48237390567889));
#17313=CARTESIAN_POINT('',(-21.3374744348837,-8.25,-8.48237390567889));
#17314=CARTESIAN_POINT('',(-21.4752287889283,-8.11467251668226,-8.25892222518016));
#17315=CARTESIAN_POINT('',(-21.8264592298392,-7.83207386668099,-7.8771754741263));
#17316=CARTESIAN_POINT('',(-22.515450149215,-7.37905066393954,-7.53732029520423));
#17317=CARTESIAN_POINT('',(-23.1383890735809,-7.00355679870388,-7.47122574884377));
#17318=CARTESIAN_POINT('',(-23.6832820292628,-6.75422553168848,-7.56853977813434));
#17319=CARTESIAN_POINT('',(-23.9633018433164,-6.79313949777851,-7.6851964691529));
#17320=CARTESIAN_POINT('',(-24.0859780553268,-6.84259511626282,-7.75204082645007));
#17321=CARTESIAN_POINT('',(-24.0859780553268,-6.8425951162629,-7.75204082645009));
#17322=CARTESIAN_POINT('',(-24.0859780553268,-6.84259511626289,-7.75204082645009));
#17323=CARTESIAN_POINT('',(-24.1601449166407,-6.58212118821453,-7.79245319406426));
#17324=CARTESIAN_POINT('',(-24.2427410071023,-6.32704222957103,-7.84354828899321));
#17325=CARTESIAN_POINT('',(-24.3264434700404,-6.07509005933579,-7.90548145902126));
#17326=CARTESIAN_POINT('',(-23.0969883127822,-10.,-9.56708580912725));
#17327=CARTESIAN_POINT('',(-22.6279391484975,-10.,-11.5801635228492));
#17328=CARTESIAN_POINT('',(-22.6073604728974,-10.,-10.9944904908185));
#17329=CARTESIAN_POINT('',(-22.6125766062771,-10.,-10.3973501370656));
#17330=CARTESIAN_POINT('',(-22.766952612236,-10.,-9.83488466658622));
#17331=CARTESIAN_POINT('',(-22.766952612236,-10.,-9.83488466658621));
#17332=CARTESIAN_POINT('',(-24.,-10.,-7.1));
#17333=CARTESIAN_POINT('',(-24.,-6.44741814291732,-7.1));
#17334=CARTESIAN_POINT('',(-24.,-12.05,-7.1));
#17335=CARTESIAN_POINT('',(-24.,-12.05,-4.1));
#17336=CARTESIAN_POINT('',(-22.766952612236,-10.,-9.83488466658621));
#17337=CARTESIAN_POINT('',(-22.9808196728158,-10.3975053096671,-9.93130855736252));
#17338=CARTESIAN_POINT('',(-23.2044669627417,-10.7950012194914,-10.0024623925782));
#17339=CARTESIAN_POINT('',(-23.4393377904053,-11.1919488774233,-10.0471440220546));
#17340=CARTESIAN_POINT('',(-23.4393377904053,-11.1919488774233,-10.0471440220546));
#17341=CARTESIAN_POINT('',(-23.4393377904053,-11.1919488774233,-10.0471440220546));
#17342=CARTESIAN_POINT('',(-23.9428966886107,-11.2030172847857,-10.1429406449601));
#17343=CARTESIAN_POINT('',(-24.985577387519,-11.2586437762525,-10.0781235564002));
#17344=CARTESIAN_POINT('',(-26.2907604369169,-10.9135518809115,-9.20090145163839));
#17345=CARTESIAN_POINT('',(-26.8262951397716,-9.77521423452331,-8.19431165803856));
#17346=CARTESIAN_POINT('',(-26.8821240362737,-8.76331241571376,-7.93268303665528));
#17347=CARTESIAN_POINT('',(-26.8821240362737,-8.25,-7.93268303665528));
#17348=CARTESIAN_POINT('',(-26.882124036274,-8.25000000000002,-7.93268303665441));
#17349=CARTESIAN_POINT('',(-24.,-8.25,-7.1));
#17350=CARTESIAN_POINT('',(-24.,-8.25,-7.1));
#17351=CARTESIAN_POINT('',(-24.,-6.44741814291732,-7.1));
#17352=CARTESIAN_POINT('',(-26.8821240362737,-8.25,-7.93268303665528));
#17353=CARTESIAN_POINT('',(-26.1405961372545,-7.7707265844137,-7.62553212400351));
#17354=CARTESIAN_POINT('',(-25.3644148814352,-7.2714766860089,-7.43178119563082));
#17355=CARTESIAN_POINT('',(-24.5489041272826,-6.81455419618329,-7.3684139232125));
#17356=CARTESIAN_POINT('',(-24.5489041272824,-6.81455419618343,-7.36841392321307));
#17357=CARTESIAN_POINT('',(-24.5489041272825,-6.81455419618343,-7.36841392321307));
#17358=CARTESIAN_POINT('',(-24.404527176596,-6.77211575708753,-7.50288282559975));
#17359=CARTESIAN_POINT('',(-24.2437578544056,-6.7864233256052,-7.63694121882085));
#17360=CARTESIAN_POINT('',(-24.0859780553268,-6.8425951162629,-7.75204082645009));
#17361=CARTESIAN_POINT('',(-23.0969883127822,0.,9.56708580912725));
#17362=CARTESIAN_POINT('',(-23.0969883127822,-0.100000000000001,9.56708580912725));
#17363=CARTESIAN_POINT('',(-23.0969883127822,-0.100000000000001,11.6340858091272));
#17364=CARTESIAN_POINT('',(-22.7914126880352,-6.07509005933579,11.6113735915983));
#17365=CARTESIAN_POINT('',(-23.2576904880482,-5.96992320974881,11.6810717677878));
#17366=CARTESIAN_POINT('',(-23.9255465244282,-5.6534532839858,11.5497697431697));
#17367=CARTESIAN_POINT('',(-24.6486089315212,-5.35425649459176,10.9926077295099));
#17368=CARTESIAN_POINT('',(-25.0445674828789,-5.26084386379054,10.3787555834535));
#17369=CARTESIAN_POINT('',(-25.2019168685318,-5.35139156517852,9.66760582880212));
#17370=CARTESIAN_POINT('',(-25.0871243313468,-5.6522532027002,8.7515855524476));
#17371=CARTESIAN_POINT('',(-24.7053978637398,-5.96993371378063,8.18587759163233));
#17372=CARTESIAN_POINT('',(-24.3264434700404,-6.07509005933579,7.90548145902126));
#17373=CARTESIAN_POINT('',(-22.7914126880352,-6.07509005933579,11.6113735915983));
#17374=CARTESIAN_POINT('',(-24.3264434700404,-6.07509005933579,7.90548145902126));
#17375=CARTESIAN_POINT('',(-24.3264434700404,-6.07509005933579,7.90548145902124));
#17376=CARTESIAN_POINT('',(-24.2426343219548,-6.32736336175159,7.84346935046323));
#17377=CARTESIAN_POINT('',(-24.1600384448765,-6.58249511692289,7.79239517925818));
#17378=CARTESIAN_POINT('',(-24.0859780553268,-6.84259511626289,7.75204082645009));
#17379=CARTESIAN_POINT('',(-24.0859780553268,-6.8425951162629,7.75204082645009));
#17380=CARTESIAN_POINT('',(-24.0859780553268,-6.8425951162629,7.75204082645009));
#17381=CARTESIAN_POINT('',(-23.9641887232886,-6.79349703406724,7.68567971623702));
#17382=CARTESIAN_POINT('',(-23.6825382726918,-6.75427552195632,7.56832415685345));
#17383=CARTESIAN_POINT('',(-23.1408827104375,-7.00249456017041,7.47150021779242));
#17384=CARTESIAN_POINT('',(-22.5143987052681,-7.37958279741796,7.53749111015406));
#17385=CARTESIAN_POINT('',(-21.8282335586097,-7.83084453948056,7.87597504463742));
#17386=CARTESIAN_POINT('',(-21.4751156436345,-8.11478366865253,8.25910575844287));
#17387=CARTESIAN_POINT('',(-21.3374744348837,-8.25,8.4823739056789));
#17388=CARTESIAN_POINT('',(-21.3374744348837,-8.25,8.48237390567889));
#17389=CARTESIAN_POINT('',(-21.3374744348837,-10.15,8.48237390567889));
#17390=CARTESIAN_POINT('',(-21.3374744348837,-10.,8.48237390567889));
#17391=CARTESIAN_POINT('',(-23.0969883127822,-10.,9.56708580912725));
#17392=CARTESIAN_POINT('',(-22.6279391484976,-10.,11.5801635228492));
#17393=CARTESIAN_POINT('',(-22.6279391484976,-10.,11.5801635228492));
#17394=CARTESIAN_POINT('',(-22.4000074907025,-9.36542151513403,11.5270552136796));
#17395=CARTESIAN_POINT('',(-22.0915994557921,-8.00881530982235,11.3814056571751));
#17396=CARTESIAN_POINT('',(-22.5370850942785,-6.69733150679455,11.5733572643381));
#17397=CARTESIAN_POINT('',(-22.7914126880352,-6.07509005933579,11.6113735915983));
#17398=CARTESIAN_POINT('',(-23.0969883127822,-10.,9.56708580912725));
#17399=CARTESIAN_POINT('',(-24.,-10.,7.1));
#17400=CARTESIAN_POINT('',(-22.766952612236,-10.,9.83488466658634));
#17401=CARTESIAN_POINT('',(-22.766952612236,-10.,9.83488466658634));
#17402=CARTESIAN_POINT('',(-22.6128167602575,-10.,10.3964751414939));
#17403=CARTESIAN_POINT('',(-22.6074359104844,-10.,10.9966374589335));
#17404=CARTESIAN_POINT('',(-22.6279391484974,-10.,11.5801635228492));
#17405=CARTESIAN_POINT('',(-24.,-6.44741814291732,7.1));
#17406=CARTESIAN_POINT('',(-24.,-12.05,7.1));
#17407=CARTESIAN_POINT('',(-24.,-12.05,10.1));
#17408=CARTESIAN_POINT('',(-24.,-8.25,7.1));
#17409=CARTESIAN_POINT('',(-26.882124036274,-8.25000000000002,7.93268303665441));
#17410=CARTESIAN_POINT('',(-26.8821240362737,-8.25,7.93268303665528));
#17411=CARTESIAN_POINT('',(-26.8821240362737,-8.76290391914086,7.93268303665528));
#17412=CARTESIAN_POINT('',(-26.8260578314999,-9.76907816677113,8.19275063998025));
#17413=CARTESIAN_POINT('',(-26.298120713777,-10.9067527664048,9.19133533920094));
#17414=CARTESIAN_POINT('',(-24.9960817573119,-11.2595005542317,10.0765210909729));
#17415=CARTESIAN_POINT('',(-23.9435460451328,-11.2030315578777,10.1430641780009));
#17416=CARTESIAN_POINT('',(-23.4393377904053,-11.1919488774233,10.0471440220546));
#17417=CARTESIAN_POINT('',(-23.4393377904053,-11.1919488774233,10.0471440220546));
#17418=CARTESIAN_POINT('',(-23.4393377904053,-11.1919488774233,10.0471440220546));
#17419=CARTESIAN_POINT('',(-23.2051969783969,-10.7962349955524,10.0026012701448));
#17420=CARTESIAN_POINT('',(-22.9813319208268,-10.3984574025405,9.93153950899274));
#17421=CARTESIAN_POINT('',(-22.766952612236,-10.,9.83488466658634));
#17422=CARTESIAN_POINT('',(-24.,-8.25,7.1));
#17423=CARTESIAN_POINT('',(-24.,-6.44741814291732,7.1));
#17424=CARTESIAN_POINT('',(-24.0859780553268,-6.8425951162629,7.75204082645009));
#17425=CARTESIAN_POINT('',(-24.244531229643,-6.78614799332445,7.63637704528979));
#17426=CARTESIAN_POINT('',(-24.4036136375319,-6.77184722965465,7.50373367190627));
#17427=CARTESIAN_POINT('',(-24.5489041272824,-6.81455419618343,7.36841392321307));
#17428=CARTESIAN_POINT('',(-24.5489041272824,-6.81455419618343,7.36841392321307));
#17429=CARTESIAN_POINT('',(-24.5489041272824,-6.81455419618343,7.36841392321307));
#17430=CARTESIAN_POINT('',(-25.3661034587324,-7.27242277891937,7.43191240240837));
#17431=CARTESIAN_POINT('',(-26.139755056707,-7.77018296690814,7.6251837370337));
#17432=CARTESIAN_POINT('',(-26.8821240362737,-8.25000000000002,7.93268303665529));
#17433=CARTESIAN_POINT('',(24.,-4.34655752388976,7.1));
#17434=CARTESIAN_POINT('',(24.,-12.725,7.1));
#17435=CARTESIAN_POINT('',(24.,-12.725,12.6));
#17436=CARTESIAN_POINT('',(24.,-13.2,7.1));
#17437=CARTESIAN_POINT('',(24.,-13.2,12.6));
#17438=CARTESIAN_POINT('',(24.,-4.34655752388976,-7.1));
#17439=CARTESIAN_POINT('',(24.,-12.725,-7.1));
#17440=CARTESIAN_POINT('',(24.,-12.725,-1.6));
#17441=CARTESIAN_POINT('',(24.,-13.2,-7.1));
#17442=CARTESIAN_POINT('',(24.,-13.2,-1.59999999999999));
#17443=CARTESIAN_POINT('',(23.0969883127822,0.,-9.56708580912725));
#17444=CARTESIAN_POINT('',(23.0969883127822,-0.100000000000001,-9.56708580912725));
#17445=CARTESIAN_POINT('',(23.0969883127822,-0.100000000000001,-6.24358580912725));
#17446=CARTESIAN_POINT('',(23.0969883127822,-10.,-9.56708580912725));
#17447=CARTESIAN_POINT('',(26.3259268057196,-10.,-10.3542379283689));
#17448=CARTESIAN_POINT('',(20.1228622612946,-10.,-8.08376976732674));
#17449=CARTESIAN_POINT('',(26.3259268057196,-9.4,-10.3542379283689));
#17450=CARTESIAN_POINT('',(26.3259268057196,-6.75,-10.3542379283689));
#17451=CARTESIAN_POINT('',(26.3259268057196,-6.75,-10.3542379283689));
#17452=CARTESIAN_POINT('',(26.4233949584324,-6.58860829802094,-9.95441855110158));
#17453=CARTESIAN_POINT('',(26.4656476879925,-6.24676001765038,-9.13575946834632));
#17454=CARTESIAN_POINT('',(26.0990450705088,-5.69118638888983,-7.98237170755518));
#17455=CARTESIAN_POINT('',(25.4823209064531,-5.21564128983971,-7.19372851188865));
#17456=CARTESIAN_POINT('',(24.8339499623027,-4.86997073411133,-6.71019471969073));
#17457=CARTESIAN_POINT('',(24.2401639930286,-4.71140885761595,-6.42256507469234));
#17458=CARTESIAN_POINT('',(23.6050694098069,-4.87426275751937,-6.26274747592152));
#17459=CARTESIAN_POINT('',(22.8000913689296,-5.21885831605655,-6.21539559813631));
#17460=CARTESIAN_POINT('',(21.8221441152167,-5.69395261873715,-6.42133459355655));
#17461=CARTESIAN_POINT('',(20.8016486178797,-6.24749538024433,-7.06451892190995));
#17462=CARTESIAN_POINT('',(20.3062226433558,-6.58888018775199,-7.71612263500222));
#17463=CARTESIAN_POINT('',(20.1228622612946,-6.75,-8.08376976732673));
#17464=CARTESIAN_POINT('',(20.1228622612946,-6.75,-8.08376976732673));
#17465=CARTESIAN_POINT('',(20.1228622612946,-9.4,-8.08376976732673));
#17466=CARTESIAN_POINT('',(23.0969883127822,0.,9.56708580912725));
#17467=CARTESIAN_POINT('',(23.0969883127822,-0.100000000000001,9.56708580912725));
#17468=CARTESIAN_POINT('',(23.0969883127822,-0.100000000000001,12.8905858091272));
#17469=CARTESIAN_POINT('',(23.0969883127822,-10.,9.56708580912725));
#17470=CARTESIAN_POINT('',(20.1228622612946,-10.,8.08376976732674));
#17471=CARTESIAN_POINT('',(26.3259268057196,-10.,10.3542379283689));
#17472=CARTESIAN_POINT('',(20.1228622612946,-9.4,8.08376976732674));
#17473=CARTESIAN_POINT('',(20.1228622612946,-6.75,8.08376976732674));
#17474=CARTESIAN_POINT('',(20.1228622612946,-6.75,8.08376976732673));
#17475=CARTESIAN_POINT('',(20.306532064055,-6.58860829802094,7.71550223035716));
#17476=CARTESIAN_POINT('',(20.8027563922166,-6.24676001765038,7.06300747706525));
#17477=CARTESIAN_POINT('',(21.8273149067515,-5.69118638888983,6.41881755461779));
#17478=CARTESIAN_POINT('',(22.8074294156923,-5.21564128983971,6.2146550361059));
#17479=CARTESIAN_POINT('',(23.6147466080823,-4.86997073411133,6.26393749025709));
#17480=CARTESIAN_POINT('',(24.2539089251755,-4.71140885761595,6.42759604456081));
#17481=CARTESIAN_POINT('',(24.8421087601616,-4.87426275751937,6.71553310128809));
#17482=CARTESIAN_POINT('',(25.4874469690464,-5.21885831605655,7.19903123238864));
#17483=CARTESIAN_POINT('',(26.1013691571137,-5.69395261873715,7.98763204894791));
#17484=CARTESIAN_POINT('',(26.4655179786977,-6.24749538024433,9.13762890810167));
#17485=CARTESIAN_POINT('',(26.4232307579841,-6.58888018775199,9.95509210978906));
#17486=CARTESIAN_POINT('',(26.3259268057197,-6.75,10.3542379283689));
#17487=CARTESIAN_POINT('',(26.3259268057196,-6.75,10.3542379283689));
#17488=CARTESIAN_POINT('',(26.3259268057196,-9.4,10.3542379283689));
#17489=CARTESIAN_POINT('',(-5.50006550592455,-15.75,15.1579980350487));
#17490=CARTESIAN_POINT('',(-24.,-15.75,7.1));
#17491=CARTESIAN_POINT('',(-24.,-15.75,11.5330127018922));
#17492=CARTESIAN_POINT('',(-24.,-15.75,-7.1));
#17493=CARTESIAN_POINT('',(-24.,-15.75,-2.66698729810778));
#17494=CARTESIAN_POINT('',(24.,-15.75,-7.1));
#17495=CARTESIAN_POINT('',(24.,-15.75,-1.66698729810778));
#17496=CARTESIAN_POINT('',(24.,-15.75,7.1));
#17497=CARTESIAN_POINT('',(24.,-15.75,12.5330127018922));
#17498=CARTESIAN_POINT('',(-15.,-15.75,8.47083374911824));
#17499=CARTESIAN_POINT('',(-15.,-15.75,8.47083374911824));
#17500=CARTESIAN_POINT('',(-15.,-15.75,-8.47083374911824));
#17501=CARTESIAN_POINT('',(-11.75,-15.75,8.47083374911824));
#17502=CARTESIAN_POINT('',(-13.509348173516,-15.75,11.2034504445854));
#17503=CARTESIAN_POINT('',(-17.67765,-15.75,17.67765));
#17504=CARTESIAN_POINT('',(-10.6352021500586,-15.75,14.5641426078687));
#17505=CARTESIAN_POINT('',(-7.66274034102153,-15.75,13.25));
#17506=CARTESIAN_POINT('',(-7.66274034102153,-15.75,16.5));
#17507=CARTESIAN_POINT('',(7.66274034102153,-15.75,16.5));
#17508=CARTESIAN_POINT('',(7.66274034102153,-15.75,16.5));
#17509=CARTESIAN_POINT('',(7.66274034102153,-15.75,13.25));
#17510=CARTESIAN_POINT('',(10.6352021119512,-15.75,14.5641426940639));
#17511=CARTESIAN_POINT('',(17.67765,-15.75,17.67765));
#17512=CARTESIAN_POINT('',(13.5093484290579,-15.75,11.2034502800592));
#17513=CARTESIAN_POINT('',(11.75,-15.75,8.47083374911826));
#17514=CARTESIAN_POINT('',(15.,-15.75,8.47083374911826));
#17515=CARTESIAN_POINT('',(15.,-15.75,-8.47083374911826));
#17516=CARTESIAN_POINT('',(15.,-15.75,-8.47083374911826));
#17517=CARTESIAN_POINT('',(11.75,-15.75,-8.47083374911826));
#17518=CARTESIAN_POINT('',(13.5093484190327,-15.75,-11.2034502865137));
#17519=CARTESIAN_POINT('',(17.67765,-15.75,-17.67765));
#17520=CARTESIAN_POINT('',(10.6352019989064,-15.75,-14.5641429497602));
#17521=CARTESIAN_POINT('',(7.66274034102154,-15.75,-13.25));
#17522=CARTESIAN_POINT('',(7.66274034102155,-15.75,-16.5));
#17523=CARTESIAN_POINT('',(-7.66274034102153,-15.75,-16.5));
#17524=CARTESIAN_POINT('',(-7.66274034102153,-15.75,-16.5));
#17525=CARTESIAN_POINT('',(-7.66274034102153,-15.75,-13.25));
#17526=CARTESIAN_POINT('',(-10.6352021601537,-15.75,-14.5641425850347));
#17527=CARTESIAN_POINT('',(-17.67765,-15.75,-17.67765));
#17528=CARTESIAN_POINT('',(-13.5093480942758,-15.75,-11.2034504956028));
#17529=CARTESIAN_POINT('',(-11.75,-15.75,-8.47083374911825));
#17530=CARTESIAN_POINT('',(0.,-15.75,-21.5));
#17531=CARTESIAN_POINT('',(0.,-15.75,-17.));
#17532=CARTESIAN_POINT('',(0.,-15.75,21.5));
#17533=CARTESIAN_POINT('',(0.,-15.75,26.1));
#17534=CARTESIAN_POINT('',(0.,-15.75,0.));
#17535=CARTESIAN_POINT('',(0.,-15.75,-33.8));
#17536=CARTESIAN_POINT('',(0.,-15.75,0.));
#17537=CARTESIAN_POINT('',(-10.3995737790641,-15.75,-27.042475438935));
#17538=CARTESIAN_POINT('',(10.3995737790639,-15.75,-27.0424754389351));
#17539=CARTESIAN_POINT('',(8.97766952966369,-15.75,-24.4008493666952));
#17540=CARTESIAN_POINT('',(11.9776695296637,-15.75,-24.4008493666952));
#17541=CARTESIAN_POINT('',(11.9776695296637,-15.75,-24.4008493666952));
#17542=CARTESIAN_POINT('',(11.9776695296637,-15.75,-17.6776695296637));
#17543=CARTESIAN_POINT('',(17.6776695296637,-15.75,-17.6776695296637));
#17544=CARTESIAN_POINT('',(17.7721253330705,-15.75,-23.3768868532269));
#17545=CARTESIAN_POINT('',(17.8052675230285,-15.75,-25.3766122331841));
#17546=CARTESIAN_POINT('',(16.9293969755122,-15.75,-23.5785992232218));
#17547=CARTESIAN_POINT('',(0.,-15.75,0.));
#17548=CARTESIAN_POINT('',(-16.9293969755122,-15.75,-23.5785992232218));
#17549=CARTESIAN_POINT('',(-17.8052675230285,-15.75,-25.376612233184));
#17550=CARTESIAN_POINT('',(-17.7721251870896,-15.75,-23.3768868556463));
#17551=CARTESIAN_POINT('',(-17.6776695296637,-15.75,-17.6776695296637));
#17552=CARTESIAN_POINT('',(-11.9776695296637,-15.75,-17.6776695296637));
#17553=CARTESIAN_POINT('',(-11.9776695296637,-15.75,24.4008493666952));
#17554=CARTESIAN_POINT('',(-11.9776695296637,-15.75,-24.4008493666952));
#17555=CARTESIAN_POINT('',(-8.9776695296637,-15.75,-24.4008493666952));
#17556=CARTESIAN_POINT('',(0.,-15.75,0.));
#17557=CARTESIAN_POINT('',(-16.929396975512,-15.75,23.5785992232219));
#17558=CARTESIAN_POINT('',(16.929396975512,-15.75,23.5785992232219));
#17559=CARTESIAN_POINT('',(17.8052675230285,-15.75,25.376612233184));
#17560=CARTESIAN_POINT('',(17.7721253556539,-15.75,23.3768868528526));
#17561=CARTESIAN_POINT('',(17.6776695296637,-15.75,17.6776695296637));
#17562=CARTESIAN_POINT('',(11.9776695296637,-15.75,17.6776695296637));
#17563=CARTESIAN_POINT('',(11.9776695296637,-15.75,-24.4008493666952));
#17564=CARTESIAN_POINT('',(11.9776695296637,-15.75,24.4008493666952));
#17565=CARTESIAN_POINT('',(8.97766952966369,-15.75,24.4008493666952));
#17566=CARTESIAN_POINT('',(10.399573779064,-15.75,27.042475438935));
#17567=CARTESIAN_POINT('',(0.,-15.75,0.));
#17568=CARTESIAN_POINT('',(-10.399573779064,-15.75,27.042475438935));
#17569=CARTESIAN_POINT('',(-8.97766952966369,-15.75,24.4008493666952));
#17570=CARTESIAN_POINT('',(-11.9776695296637,-15.75,24.4008493666952));
#17571=CARTESIAN_POINT('',(-11.9776695296637,-15.75,24.4008493666952));
#17572=CARTESIAN_POINT('',(-11.9776695296637,-15.75,17.6776695296637));
#17573=CARTESIAN_POINT('',(-17.6776695296637,-15.75,17.6776695296637));
#17574=CARTESIAN_POINT('',(-17.7721251870896,-15.75,23.3768868556463));
#17575=CARTESIAN_POINT('',(-17.8052675230285,-15.75,25.3766122331841));
#17576=CARTESIAN_POINT('',(1.73472347597681E-15,-5.5,2.21418398282758E-15));
#17577=CARTESIAN_POINT('',(-16.6565405860589,-5.5,-23.7394114439464));
#17578=CARTESIAN_POINT('',(-16.6565405860589,-5.5,-23.7394114439464));
#17579=CARTESIAN_POINT('',(-16.6565405860589,-15.6500000000001,-23.7394114439464));
#17580=CARTESIAN_POINT('',(0.,-15.6500000000001,0.));
#17581=CARTESIAN_POINT('',(-10.013554673167,-15.6500000000001,-27.2163319131637));
#17582=CARTESIAN_POINT('',(-10.013554673167,-5.5,-27.2163319131637));
#17583=CARTESIAN_POINT('',(-10.013554673167,-5.5,-27.2163319131638));
#17584=CARTESIAN_POINT('',(1.73472347597681E-15,-5.5,2.21418398282758E-15));
#17585=CARTESIAN_POINT('',(-1.73472347597681E-15,-5.5,1.26225248386884E-14));
#17586=CARTESIAN_POINT('',(16.6565405860589,-5.5,23.7394114439464));
#17587=CARTESIAN_POINT('',(16.6565405860589,-5.5,23.7394114439464));
#17588=CARTESIAN_POINT('',(16.6565405860589,-15.6500000000001,23.7394114439463));
#17589=CARTESIAN_POINT('',(0.,-15.6500000000001,0.));
#17590=CARTESIAN_POINT('',(10.0135544753941,-15.6500000000001,27.2163319859292));
#17591=CARTESIAN_POINT('',(10.0135544753941,-5.5,27.2163319859292));
#17592=CARTESIAN_POINT('',(10.0135544753941,-5.5,27.2163319859292));
#17593=CARTESIAN_POINT('',(-1.73472347597681E-15,-5.5,1.26225248386884E-14));
#17594=CARTESIAN_POINT('',(-17.6776695296637,-5.5,-17.6776695296637));
#17595=CARTESIAN_POINT('',(-17.6776695296637,-5.5,17.6776695296637));
#17596=CARTESIAN_POINT('',(-17.6776695296637,-5.5,20.8776695296637));
#17597=CARTESIAN_POINT('',(-8.97766952966369,-5.5,24.4008493666952));
#17598=CARTESIAN_POINT('',(-10.0135544753941,-5.5,27.2163319859292));
#17599=CARTESIAN_POINT('',(-11.9776695296637,-5.5,24.4008493666952));
#17600=CARTESIAN_POINT('',(-1.73472347597681E-15,-5.5,1.26225248386884E-14));
#17601=CARTESIAN_POINT('',(-16.6565405860589,-5.5,23.7394114439464));
#17602=CARTESIAN_POINT('',(-17.8052675230285,-5.5,25.3766122331841));
#17603=CARTESIAN_POINT('',(-17.7721251870896,-5.5,23.3768868556463));
#17604=CARTESIAN_POINT('',(-17.6776695296637,-5.5,17.6776695296637));
#17605=CARTESIAN_POINT('',(-11.9776695296637,-5.5,17.6776695296637));
#17606=CARTESIAN_POINT('',(-11.9776695296637,-5.5,24.4008493666952));
#17607=CARTESIAN_POINT('',(-17.6776695296637,-5.5,-17.6776695296637));
#17608=CARTESIAN_POINT('',(-17.6776695296637,-5.5,-17.6776695296637));
#17609=CARTESIAN_POINT('',(-17.6776695296637,-5.5,-14.4776695296637));
#17610=CARTESIAN_POINT('',(-11.9776695296637,-5.5,-17.6776695296637));
#17611=CARTESIAN_POINT('',(-11.9776695296637,-5.5,-17.6776695296637));
#17612=CARTESIAN_POINT('',(-11.9776695296637,-5.5,-24.4008493666952));
#17613=CARTESIAN_POINT('',(-17.6776695296637,-5.5,-17.6776695296637));
#17614=CARTESIAN_POINT('',(-17.7721251870896,-5.5,-23.3768868556463));
#17615=CARTESIAN_POINT('',(-17.8052675230285,-5.5,-25.376612233184));
#17616=CARTESIAN_POINT('',(-8.9776695296637,-5.5,-24.4008493666952));
#17617=CARTESIAN_POINT('',(-17.6776695296637,-5.5,-17.6776695296637));
#17618=CARTESIAN_POINT('',(17.6776695296637,-5.5,-17.6776695296637));
#17619=CARTESIAN_POINT('',(17.6776695296637,-5.5,-14.4776695296637));
#17620=CARTESIAN_POINT('',(8.97766952966369,-5.5,-24.4008493666952));
#17621=CARTESIAN_POINT('',(10.0135544753941,-5.50000000000001,-27.2163319859292));
#17622=CARTESIAN_POINT('',(11.9776695296637,-5.5,-24.4008493666952));
#17623=CARTESIAN_POINT('',(1.73472347597681E-15,-5.5,2.21418398282758E-15));
#17624=CARTESIAN_POINT('',(16.6565405860589,-5.5,-23.7394114439464));
#17625=CARTESIAN_POINT('',(17.8052675230285,-5.5,-25.3766122331841));
#17626=CARTESIAN_POINT('',(17.7721253330705,-5.5,-23.3768868532269));
#17627=CARTESIAN_POINT('',(17.6776695296637,-5.5,-17.6776695296637));
#17628=CARTESIAN_POINT('',(11.9776695296637,-5.5,-17.6776695296637));
#17629=CARTESIAN_POINT('',(11.9776695296637,-5.5,-24.4008493666952));
#17630=CARTESIAN_POINT('',(-11.0001310118491,-15.75,30.3159960700973));
#17631=CARTESIAN_POINT('',(-9.12056548828254,-15.75,30.9995408328013));
#17632=CARTESIAN_POINT('',(-9.12056548828254,-18.6480483560335,30.9995408328013));
#17633=CARTESIAN_POINT('',(-9.12056548828254,-20.5,30.9995408328013));
#17634=CARTESIAN_POINT('',(-11.0001310118491,-20.5,30.3159960700973));
#17635=CARTESIAN_POINT('',(-11.6823096792506,-20.5,32.1960578418863));
#17636=CARTESIAN_POINT('',(-11.6823096792506,-15.75,32.1960578418863));
#17637=CARTESIAN_POINT('',(-11.6823096792506,-16.25,32.1960578418863));
#17638=CARTESIAN_POINT('',(-11.0001310118491,-16.25,30.3159960700973));
#17639=CARTESIAN_POINT('',(-10.3042514487586,-16.25,32.1910298387727));
#17640=CARTESIAN_POINT('',(-10.3042514487586,-16.8080266817095,32.1910298387727));
#17641=CARTESIAN_POINT('',(-10.3042514487586,-17.866053363419,32.1910298387727));
#17642=CARTESIAN_POINT('',(-10.3042514487586,-17.866053363419,32.1910298387727));
#17643=CARTESIAN_POINT('',(-10.3042514487586,-17.995173948853,32.1910298387727));
#17644=CARTESIAN_POINT('',(-10.1504115472022,-18.217917343157,32.135454156952));
#17645=CARTESIAN_POINT('',(-9.94538384316441,-18.3223975802923,32.0198745362078));
#17646=CARTESIAN_POINT('',(-9.8431976044087,-18.3490162765636,31.9474080630496));
#17647=CARTESIAN_POINT('',(-9.8431976044087,-18.3490162765635,31.9474080630496));
#17648=CARTESIAN_POINT('',(-9.12056548828255,-18.6480483560335,30.9995408328013));
#17649=CARTESIAN_POINT('',(-9.25883607297379,-18.5398571041311,31.3797480088185));
#17650=CARTESIAN_POINT('',(-9.50897826320761,-18.4360777364996,31.7103928131196));
#17651=CARTESIAN_POINT('',(-9.8431976044087,-18.3490162765635,31.9474080630496));
#17652=CARTESIAN_POINT('',(-11.0001310118491,-15.75,-30.3159960700973));
#17653=CARTESIAN_POINT('',(-11.6823096792506,-15.75,-32.1960578418863));
#17654=CARTESIAN_POINT('',(-11.6823096792506,-16.25,-32.1960578418863));
#17655=CARTESIAN_POINT('',(-11.6823096792506,-20.5,-32.1960578418863));
#17656=CARTESIAN_POINT('',(-11.0001310118491,-20.5,-30.3159960700973));
#17657=CARTESIAN_POINT('',(-9.12056550592456,-20.5,-30.9995408813121));
#17658=CARTESIAN_POINT('',(-9.12056550592456,-15.75,-30.9995408813121));
#17659=CARTESIAN_POINT('',(-9.12056550592455,-18.6480483422293,-30.9995408813121));
#17660=CARTESIAN_POINT('',(-9.84319760440872,-18.3490162765635,-31.9474080630496));
#17661=CARTESIAN_POINT('',(-9.50895188983568,-18.4360846065516,-31.7103741101585));
#17662=CARTESIAN_POINT('',(-9.2588430084185,-18.5398516852737,-31.3797670488857));
#17663=CARTESIAN_POINT('',(-9.12056550592456,-18.6480483422293,-30.9995408813121));
#17664=CARTESIAN_POINT('',(-9.84319760440872,-18.3490162765635,-31.9474080630496));
#17665=CARTESIAN_POINT('',(-9.84319760440872,-18.3490162765635,-31.9474080630496));
#17666=CARTESIAN_POINT('',(-9.94530735429674,-18.3224175050292,-32.0198202933024));
#17667=CARTESIAN_POINT('',(-10.14965728505,-18.218705839911,-32.1351023595261));
#17668=CARTESIAN_POINT('',(-10.3042514487593,-17.9949986456874,-32.191029838773));
#17669=CARTESIAN_POINT('',(-10.3042514487593,-17.866053363419,-32.191029838773));
#17670=CARTESIAN_POINT('',(-10.3042514487587,-17.866053363419,-32.1910298387727));
#17671=CARTESIAN_POINT('',(-10.3042514487587,-16.8080266817095,-32.1910298387727));
#17672=CARTESIAN_POINT('',(-10.3042514487587,-16.25,-32.1910298387727));
#17673=CARTESIAN_POINT('',(-11.0001310118491,-16.25,-30.3159960700973));
#17674=CARTESIAN_POINT('',(-7.24100000000002,-15.75,-31.6830856925269));
#17675=CARTESIAN_POINT('',(-7.24100000000002,-20.5,-31.6830856925269));
#17676=CARTESIAN_POINT('',(-6.79540000000001,-20.5,-29.7333573422175));
#17677=CARTESIAN_POINT('',(-6.79540000000001,-15.75,-29.7333573422175));
#17678=CARTESIAN_POINT('',(-6.79540000000001,-19.5103375672974,-29.7333573422175));
#17679=CARTESIAN_POINT('',(-6.79540000000002,-19.5103375672974,-29.7333573422175));
#17680=CARTESIAN_POINT('',(-7.01533103468353,-19.428002973915,-29.683093279001));
#17681=CARTESIAN_POINT('',(-7.24484759608725,-19.3428833223898,-29.6690940244898));
#17682=CARTESIAN_POINT('',(-7.4801642231879,-19.2938312163441,-29.6974370644046));
#17683=CARTESIAN_POINT('',(-7.48016422318991,-19.2938312163513,-29.6974370644019));
#17684=CARTESIAN_POINT('',(-7.48016422318687,-19.2938312163479,-29.6974370644087));
#17685=CARTESIAN_POINT('',(-7.81888961122673,-19.2232233980223,-29.7382353170084));
#17686=CARTESIAN_POINT('',(-8.12702015153093,-19.1075753162175,-29.8621247433234));
#17687=CARTESIAN_POINT('',(-8.38735035734329,-18.9659004225047,-30.0442199694675));
#17688=CARTESIAN_POINT('',(-8.38735035734329,-18.9659004225047,-30.0442199694675));
#17689=CARTESIAN_POINT('',(-8.38735035734329,-18.9659004225047,-30.0442199694675));
#17690=CARTESIAN_POINT('',(-8.42733846877436,-18.9441384013858,-30.0721907697493));
#17691=CARTESIAN_POINT('',(-8.46761406307059,-18.9274172115346,-30.1025344045847));
#17692=CARTESIAN_POINT('',(-8.50800041017781,-18.9159502112524,-30.1356006487835));
#17693=CARTESIAN_POINT('',(-8.50800041017781,-18.9159502112524,-30.1356006487835));
#17694=CARTESIAN_POINT('',(-8.50800041017781,-18.9159502112524,-30.1356006487835));
#17695=CARTESIAN_POINT('',(-8.78839188026864,-18.8363379339119,-30.3651706268921));
#17696=CARTESIAN_POINT('',(-8.9980909532974,-18.7438798181918,-30.6627686014341));
#17697=CARTESIAN_POINT('',(-9.12056550592455,-18.6480483422293,-30.9995408813121));
#17698=CARTESIAN_POINT('',(-4.33680868994202E-16,-15.75,2.15105711021124E-13));
#17699=CARTESIAN_POINT('',(-4.33680868994202E-16,-20.5,2.15105711021124E-13));
#17700=CARTESIAN_POINT('',(6.79539999999998,-20.5,-29.7333573422175));
#17701=CARTESIAN_POINT('',(6.79539999999998,-15.75,-29.7333573422175));
#17702=CARTESIAN_POINT('',(6.79539999999999,-19.5103375672974,-29.7333573422175));
#17703=CARTESIAN_POINT('',(0.,-19.5103375672974,0.));
#17704=CARTESIAN_POINT('',(7.241,-15.75,-31.6830856925269));
#17705=CARTESIAN_POINT('',(7.241,-20.5,-31.6830856925269));
#17706=CARTESIAN_POINT('',(9.12056550592455,-20.5,-30.9995408813121));
#17707=CARTESIAN_POINT('',(9.12056550592455,-15.75,-30.9995408813121));
#17708=CARTESIAN_POINT('',(9.12056550592455,-18.6480483422293,-30.9995408813121));
#17709=CARTESIAN_POINT('',(9.12056550592455,-18.6480483422294,-30.9995408813121));
#17710=CARTESIAN_POINT('',(8.99810616235848,-18.7438679177052,-30.6628104222864));
#17711=CARTESIAN_POINT('',(8.78834602256917,-18.8363509544074,-30.3651330809886));
#17712=CARTESIAN_POINT('',(8.5080004101778,-18.9159502112524,-30.1356006487835));
#17713=CARTESIAN_POINT('',(8.5080004101778,-18.9159502112524,-30.1356006487835));
#17714=CARTESIAN_POINT('',(8.5080004101778,-18.9159502112524,-30.1356006487835));
#17715=CARTESIAN_POINT('',(8.46761406307058,-18.9274172115346,-30.1025344045847));
#17716=CARTESIAN_POINT('',(8.42733846877435,-18.9441384013858,-30.0721907697494));
#17717=CARTESIAN_POINT('',(8.38735035734328,-18.9659004225047,-30.0442199694675));
#17718=CARTESIAN_POINT('',(8.38735035734328,-18.9659004225047,-30.0442199694675));
#17719=CARTESIAN_POINT('',(8.38735035734328,-18.9659004225047,-30.0442199694675));
#17720=CARTESIAN_POINT('',(8.12728261049416,-19.1074324828279,-29.8623083275683));
#17721=CARTESIAN_POINT('',(7.81852768810484,-19.2232988414449,-29.7381917246695));
#17722=CARTESIAN_POINT('',(7.48016422317051,-19.2938312163513,-29.6974370644068));
#17723=CARTESIAN_POINT('',(7.48016422317051,-19.2938312163513,-29.6974370644068));
#17724=CARTESIAN_POINT('',(7.48016422317051,-19.2938312163513,-29.6974370644068));
#17725=CARTESIAN_POINT('',(7.2444227530074,-19.3429718815758,-29.6690428536777));
#17726=CARTESIAN_POINT('',(7.01516983823891,-19.4280633203067,-29.6831301195874));
#17727=CARTESIAN_POINT('',(6.79539999999999,-19.5103375672974,-29.7333573422175));
#17728=CARTESIAN_POINT('',(11.0001310118491,-15.75,-30.3159960700973));
#17729=CARTESIAN_POINT('',(11.0001310118491,-20.5,-30.3159960700973));
#17730=CARTESIAN_POINT('',(11.6823095158959,-20.5,-32.1960579011594));
#17731=CARTESIAN_POINT('',(11.6823095158959,-15.75,-32.1960579011594));
#17732=CARTESIAN_POINT('',(11.6823095158959,-16.25,-32.1960579011594));
#17733=CARTESIAN_POINT('',(11.0001310118491,-16.25,-30.3159960700973));
#17734=CARTESIAN_POINT('',(10.3042514487586,-16.25,-32.1910298387727));
#17735=CARTESIAN_POINT('',(10.3042514487586,-16.8080266817095,-32.1910298387727));
#17736=CARTESIAN_POINT('',(10.3042514487586,-17.866053363419,-32.1910298387727));
#17737=CARTESIAN_POINT('',(10.3042514487586,-17.866053363419,-32.1910298387727));
#17738=CARTESIAN_POINT('',(10.3042514487586,-17.995173948853,-32.1910298387727));
#17739=CARTESIAN_POINT('',(10.1504115472022,-18.217917343157,-32.135454156952));
#17740=CARTESIAN_POINT('',(9.94538384316441,-18.3223975802923,-32.0198745362078));
#17741=CARTESIAN_POINT('',(9.8431976044087,-18.3490162765636,-31.9474080630496));
#17742=CARTESIAN_POINT('',(9.8431976044087,-18.3490162765635,-31.9474080630496));
#17743=CARTESIAN_POINT('',(9.12056550592455,-18.6480483422293,-30.9995408813121));
#17744=CARTESIAN_POINT('',(9.25883609446819,-18.5398570951653,-31.3797480373706));
#17745=CARTESIAN_POINT('',(9.50897827765552,-18.436077732736,-31.7103928233655));
#17746=CARTESIAN_POINT('',(9.8431976044087,-18.3490162765635,-31.9474080630496));
#17747=CARTESIAN_POINT('',(11.0001310118491,-15.75,30.3159960700973));
#17748=CARTESIAN_POINT('',(11.6823096792506,-15.75,32.1960578418863));
#17749=CARTESIAN_POINT('',(11.6823096792506,-16.25,32.1960578418863));
#17750=CARTESIAN_POINT('',(11.6823096792506,-20.5,32.1960578418863));
#17751=CARTESIAN_POINT('',(11.0001310118491,-20.5,30.3159960700973));
#17752=CARTESIAN_POINT('',(9.12056548828254,-20.5,30.9995408328013));
#17753=CARTESIAN_POINT('',(9.12056548828254,-15.75,30.9995408328013));
#17754=CARTESIAN_POINT('',(9.12056548828254,-18.6480483560335,30.9995408328013));
#17755=CARTESIAN_POINT('',(9.8431976044087,-18.3490162765635,31.9474080630496));
#17756=CARTESIAN_POINT('',(9.50895187539368,-18.4360846103136,31.7103740999168));
#17757=CARTESIAN_POINT('',(9.25884298692098,-18.5398516942414,31.3797670203266));
#17758=CARTESIAN_POINT('',(9.12056548828255,-18.6480483560335,30.9995408328013));
#17759=CARTESIAN_POINT('',(9.8431976044087,-18.3490162765635,31.9474080630496));
#17760=CARTESIAN_POINT('',(9.8431976044087,-18.3490162765635,31.9474080630496));
#17761=CARTESIAN_POINT('',(9.94530735429672,-18.3224175050292,32.0198202933024));
#17762=CARTESIAN_POINT('',(10.14965728505,-18.218705839911,32.1351023595261));
#17763=CARTESIAN_POINT('',(10.3042514487593,-17.9949986456874,32.191029838773));
#17764=CARTESIAN_POINT('',(10.3042514487593,-17.866053363419,32.191029838773));
#17765=CARTESIAN_POINT('',(10.3042514487586,-17.866053363419,32.1910298387727));
#17766=CARTESIAN_POINT('',(10.3042514487586,-16.8080266817095,32.1910298387727));
#17767=CARTESIAN_POINT('',(10.3042514487586,-16.25,32.1910298387727));
#17768=CARTESIAN_POINT('',(11.0001310118491,-16.25,30.3159960700973));
#17769=CARTESIAN_POINT('',(7.241,-15.75,31.6830856925268));
#17770=CARTESIAN_POINT('',(7.241,-20.5,31.6830856925268));
#17771=CARTESIAN_POINT('',(6.7954,-20.5,29.7333573422175));
#17772=CARTESIAN_POINT('',(6.7954,-15.75,29.7333573422175));
#17773=CARTESIAN_POINT('',(6.7954,-19.5103375672974,29.7333573422175));
#17774=CARTESIAN_POINT('',(6.79540000000001,-19.5103375672974,29.7333573422175));
#17775=CARTESIAN_POINT('',(7.01533103469156,-19.4280029739375,29.6830932789992));
#17776=CARTESIAN_POINT('',(7.24484759608731,-19.3428833223897,29.6690940244898));
#17777=CARTESIAN_POINT('',(7.48016422318802,-19.293831216344,29.6974370644046));
#17778=CARTESIAN_POINT('',(7.48016422319003,-19.2938312163513,29.6974370644019));
#17779=CARTESIAN_POINT('',(7.48016422318698,-19.2938312163479,29.6974370644087));
#17780=CARTESIAN_POINT('',(7.81888961122679,-19.2232233980222,29.7382353170085));
#17781=CARTESIAN_POINT('',(8.12702015153096,-19.1075753162175,29.8621247433234));
#17782=CARTESIAN_POINT('',(8.38735035734328,-18.9659004225047,30.0442199694675));
#17783=CARTESIAN_POINT('',(8.38735035734328,-18.9659004225047,30.0442199694675));
#17784=CARTESIAN_POINT('',(8.38735035734328,-18.9659004225047,30.0442199694675));
#17785=CARTESIAN_POINT('',(8.42733846877436,-18.9441384013858,30.0721907697494));
#17786=CARTESIAN_POINT('',(8.46761406307058,-18.9274172115346,30.1025344045847));
#17787=CARTESIAN_POINT('',(8.5080004101778,-18.9159502112524,30.1356006487835));
#17788=CARTESIAN_POINT('',(8.5080004101778,-18.9159502112524,30.1356006487835));
#17789=CARTESIAN_POINT('',(8.5080004101778,-18.9159502112524,30.1356006487835));
#17790=CARTESIAN_POINT('',(8.78839186668936,-18.8363379377675,30.3651706157741));
#17791=CARTESIAN_POINT('',(8.99809093288069,-18.7438798272102,30.6627685723552));
#17792=CARTESIAN_POINT('',(9.12056548828254,-18.6480483560335,30.9995408328013));
#17793=CARTESIAN_POINT('',(-7.37257477290143E-15,-15.75,-1.59594559789866E-13));
#17794=CARTESIAN_POINT('',(-7.37257477290143E-15,-20.5,-1.59594559789866E-13));
#17795=CARTESIAN_POINT('',(-6.79540000000001,-20.5,29.7333573422175));
#17796=CARTESIAN_POINT('',(-6.79540000000001,-15.75,29.7333573422175));
#17797=CARTESIAN_POINT('',(-6.79539999999999,-19.5103375672974,29.7333573422175));
#17798=CARTESIAN_POINT('',(0.,-19.5103375672974,0.));
#17799=CARTESIAN_POINT('',(-7.241,-15.75,31.6830856925269));
#17800=CARTESIAN_POINT('',(-7.241,-20.5,31.6830856925269));
#17801=CARTESIAN_POINT('',(-9.12056548828254,-18.6480483560335,30.9995408328013));
#17802=CARTESIAN_POINT('',(-8.99810614194373,-18.7438679267229,30.6628103932095));
#17803=CARTESIAN_POINT('',(-8.78834600899106,-18.8363509582627,30.3651330698716));
#17804=CARTESIAN_POINT('',(-8.5080004101778,-18.9159502112524,30.1356006487835));
#17805=CARTESIAN_POINT('',(-8.5080004101778,-18.9159502112524,30.1356006487835));
#17806=CARTESIAN_POINT('',(-8.5080004101778,-18.9159502112524,30.1356006487835));
#17807=CARTESIAN_POINT('',(-8.46761406307058,-18.9274172115346,30.1025344045847));
#17808=CARTESIAN_POINT('',(-8.42733846877435,-18.9441384013858,30.0721907697494));
#17809=CARTESIAN_POINT('',(-8.38735035734328,-18.9659004225047,30.0442199694675));
#17810=CARTESIAN_POINT('',(-8.38735035734327,-18.9659004225047,30.0442199694675));
#17811=CARTESIAN_POINT('',(-8.38735035734328,-18.9659004225047,30.0442199694675));
#17812=CARTESIAN_POINT('',(-8.12728261049417,-19.1074324828279,29.8623083275683));
#17813=CARTESIAN_POINT('',(-7.81852768810485,-19.2232988414449,29.7381917246695));
#17814=CARTESIAN_POINT('',(-7.48016422317052,-19.2938312163513,29.6974370644068));
#17815=CARTESIAN_POINT('',(-7.48016422317052,-19.2938312163513,29.6974370644068));
#17816=CARTESIAN_POINT('',(-7.48016422317052,-19.2938312163513,29.6974370644068));
#17817=CARTESIAN_POINT('',(-7.24442275300741,-19.3429718815758,29.6690428536777));
#17818=CARTESIAN_POINT('',(-7.01516983824005,-19.4280633203098,29.6831301195871));
#17819=CARTESIAN_POINT('',(-6.7954,-19.5103375672974,29.7333573422175));
#17820=CARTESIAN_POINT('',(11.0001310118491,-16.25,30.3159960700973));
#17821=CARTESIAN_POINT('',(11.5288194790852,-15.7525062814467,31.7730439432338));
#17822=CARTESIAN_POINT('',(11.2926392273948,-15.7525062814467,31.8587417281589));
#17823=CARTESIAN_POINT('',(10.9384818585694,-15.7476247309302,31.9828615721992));
#17824=CARTESIAN_POINT('',(10.465946556402,-15.8984672954098,32.1394096857683));
#17825=CARTESIAN_POINT('',(10.3042514487583,-16.1209288924203,32.1910298387728));
#17826=CARTESIAN_POINT('',(10.3042514487583,-16.25,32.1910298387728));
#17827=CARTESIAN_POINT('',(11.5288194790852,-15.7525062814467,31.7730439432338));
#17828=CARTESIAN_POINT('',(11.5117650124002,-16.25,31.7260423989391));
#17829=CARTESIAN_POINT('',(6.93889390390723E-15,-16.25,6.93889390390723E-15));
#17830=CARTESIAN_POINT('',(6.93889390390723E-15,-15.7525062814467,6.93889390390723E-15));
#17831=CARTESIAN_POINT('',(11.528819356138,-15.7525062814467,-31.7730439878451));
#17832=CARTESIAN_POINT('',(11.5117648514302,-16.25,-31.7260424573468));
#17833=CARTESIAN_POINT('',(6.93889390390723E-15,-16.25,6.93889390390723E-15));
#17834=CARTESIAN_POINT('',(11.0001310118491,-16.25,-30.3159960700973));
#17835=CARTESIAN_POINT('',(10.3042514487586,-16.25,-32.1910298387727));
#17836=CARTESIAN_POINT('',(10.3042514487586,-16.1207647516794,-32.1910298387727));
#17837=CARTESIAN_POINT('',(10.4665545086375,-15.8981281294795,-32.1392107435025));
#17838=CARTESIAN_POINT('',(10.9378901488798,-15.7478768778033,-31.9830574962203));
#17839=CARTESIAN_POINT('',(11.2926139855145,-15.7525062834799,-31.8587508861174));
#17840=CARTESIAN_POINT('',(11.528819356138,-15.7525062814467,-31.7730439878451));
#17841=CARTESIAN_POINT('',(-11.0001310118491,-16.25,30.3159960700973));
#17842=CARTESIAN_POINT('',(-10.3042514487586,-16.25,32.1910298387727));
#17843=CARTESIAN_POINT('',(-10.3042514487586,-16.1207647402954,32.1910298387727));
#17844=CARTESIAN_POINT('',(-10.4665545359753,-15.8981281051337,32.1392107347526));
#17845=CARTESIAN_POINT('',(-10.9378902236072,-15.7478768693754,31.9830574709846));
#17846=CARTESIAN_POINT('',(-11.292614088673,-15.7525062814467,31.8587508497207));
#17847=CARTESIAN_POINT('',(-11.5288194790852,-15.7525062814467,31.7730439432338));
#17848=CARTESIAN_POINT('',(-11.5288194790852,-15.7525062814467,31.7730439432338));
#17849=CARTESIAN_POINT('',(-11.5117650124002,-16.25,31.7260423989391));
#17850=CARTESIAN_POINT('',(-1.38777878078145E-14,-16.25,6.93889390390723E-15));
#17851=CARTESIAN_POINT('',(-1.38777878078145E-14,-15.7525062814467,6.93889390390723E-15));
#17852=CARTESIAN_POINT('',(-11.5288194790852,-15.7525062814467,-31.7730439432338));
#17853=CARTESIAN_POINT('',(-1.38777878078145E-14,-16.25,6.93889390390723E-15));
#17854=CARTESIAN_POINT('',(-11.5117650124002,-16.25,-31.7260423989391));
#17855=CARTESIAN_POINT('',(-11.0001310118491,-16.25,-30.3159960700973));
#17856=CARTESIAN_POINT('',(-11.5288194790852,-15.7525062814467,-31.7730439432338));
#17857=CARTESIAN_POINT('',(-11.2926392273948,-15.7525062814467,-31.8587417281589));
#17858=CARTESIAN_POINT('',(-10.9384818585694,-15.7476247309303,-31.9828615721992));
#17859=CARTESIAN_POINT('',(-10.465946556402,-15.8984672954098,-32.1394096857683));
#17860=CARTESIAN_POINT('',(-10.3042514487583,-16.1209288924203,-32.1910298387728));
#17861=CARTESIAN_POINT('',(-10.3042514487583,-16.25,-32.1910298387728));
#17862=CARTESIAN_POINT('',(0.,3.,0.));
#17863=CARTESIAN_POINT('',(0.,3.,0.));
#17864=CARTESIAN_POINT('',(0.,3.,-11.4));
#17865=CARTESIAN_POINT('',(0.,3.,0.));
#17866=CARTESIAN_POINT('',(0.,2.89999999999998,0.));
#17867=CARTESIAN_POINT('',(0.,2.89999999999998,-11.5));
#17868=CARTESIAN_POINT('',(0.,2.89999999999998,0.));
#17869=CARTESIAN_POINT('',(0.,3.,0.));
#17870=CARTESIAN_POINT('',(0.,3.,-11.6));
#17871=CARTESIAN_POINT('',(11.6,3.,0.));
#17872=CARTESIAN_POINT('',(0.,3.,0.));
#17873=CARTESIAN_POINT('',(0.,3.,-15.25));
#17874=CARTESIAN_POINT('',(0.,3.,0.));
#17875=CARTESIAN_POINT('',(0.,2.5,0.));
#17876=CARTESIAN_POINT('',(0.,2.5,-15.75));
#17877=CARTESIAN_POINT('',(0.,-21.,0.));
#17878=CARTESIAN_POINT('',(0.,0.,0.));
#17879=CARTESIAN_POINT('',(0.,0.,-15.75));
#17880=CARTESIAN_POINT('',(15.75,0.,0.));
#17881=CARTESIAN_POINT('',(25.,0.,0.));
#17882=CARTESIAN_POINT('',(25.,0.,-3.5));
#17883=CARTESIAN_POINT('',(23.0969883127822,0.,9.56708580912725));
#17884=CARTESIAN_POINT('',(23.0969883127822,0.,12.9905858091272));
#17885=CARTESIAN_POINT('',(23.0969883127822,0.,-9.56708580912725));
#17886=CARTESIAN_POINT('',(23.0969883127822,0.,-6.14358580912724));
#17887=CARTESIAN_POINT('',(-23.0969883127822,0.,-9.56708580912725));
#17888=CARTESIAN_POINT('',(-23.0969883127822,0.,-7.40008580912725));
#17889=CARTESIAN_POINT('',(-23.0969883127822,0.,9.56708580912725));
#17890=CARTESIAN_POINT('',(-23.0969883127822,0.,11.7340858091272));
#17891=CARTESIAN_POINT('',(17.6776695296637,0.,17.6776695296637));
#17892=CARTESIAN_POINT('',(17.6776695296637,0.,21.3776695296637));
#17893=CARTESIAN_POINT('',(17.6776695296637,0.,-17.6776695296637));
#17894=CARTESIAN_POINT('',(17.6776695296637,0.,-13.9776695296637));
#17895=CARTESIAN_POINT('',(-17.6776695296637,0.,-17.6776695296637));
#17896=CARTESIAN_POINT('',(-17.6776695296637,0.,-13.9776695296637));
#17897=CARTESIAN_POINT('',(-17.6776695296637,0.,17.6776695296637));
#17898=CARTESIAN_POINT('',(-17.6776695296637,0.,21.3776695296637));
#17899=CARTESIAN_POINT('',(0.,0.,0.));
#17900=CARTESIAN_POINT('',(0.,0.,-37.));
#17901=CARTESIAN_POINT('',(0.,0.,0.));
#17902=CARTESIAN_POINT('',(0.,-20.5,0.));
#17903=CARTESIAN_POINT('',(0.,-21.,0.));
#17904=CARTESIAN_POINT('',(0.,-21.,-37.));
#17905=CARTESIAN_POINT('',(37.,-21.,0.));
#17906=CARTESIAN_POINT('',(11.0001310118491,-21.,30.3159960700973));
#17907=CARTESIAN_POINT('',(8.65067410739091,-21.,31.1704270234773));
#17908=CARTESIAN_POINT('',(11.8528543461009,-21.,32.6660732848336));
#17909=CARTESIAN_POINT('',(6.93889390390723E-15,-21.,6.93889390390723E-15));
#17910=CARTESIAN_POINT('',(11.8528541803615,-21.,-32.6660733449719));
#17911=CARTESIAN_POINT('',(11.0001310118491,-21.,-30.3159960700973));
#17912=CARTESIAN_POINT('',(8.65067412944341,-21.,-31.1704270841158));
#17913=CARTESIAN_POINT('',(7.241,-21.,-31.6830856925269));
#17914=CARTESIAN_POINT('',(6.90679999999998,-21.,-30.2207894297949));
#17915=CARTESIAN_POINT('',(-4.33680868994202E-16,-21.,2.15105711021124E-13));
#17916=CARTESIAN_POINT('',(-6.90680000000001,-21.,-30.2207894297948));
#17917=CARTESIAN_POINT('',(-7.24100000000002,-21.,-31.6830856925269));
#17918=CARTESIAN_POINT('',(-8.65067412944342,-21.,-31.1704270841158));
#17919=CARTESIAN_POINT('',(-11.0001310118491,-21.,-30.3159960700973));
#17920=CARTESIAN_POINT('',(-11.852854346101,-21.,-32.6660732848335));
#17921=CARTESIAN_POINT('',(-1.38777878078145E-14,-21.,6.93889390390723E-15));
#17922=CARTESIAN_POINT('',(-11.8528543461009,-21.,32.6660732848336));
#17923=CARTESIAN_POINT('',(-11.0001310118491,-21.,30.3159960700973));
#17924=CARTESIAN_POINT('',(-8.65067411621191,-21.,31.1704270477327));
#17925=CARTESIAN_POINT('',(-7.241,-21.,31.6830856925269));
#17926=CARTESIAN_POINT('',(-6.9068,-21.,30.2207894297949));
#17927=CARTESIAN_POINT('',(-7.37257477290143E-15,-21.,-1.59594559789866E-13));
#17928=CARTESIAN_POINT('',(6.9068,-21.,30.2207894297948));
#17929=CARTESIAN_POINT('',(7.241,-21.,31.6830856925268));
#17930=CARTESIAN_POINT('',(-1.38777878078145E-14,-15.75,6.93889390390723E-15));
#17931=CARTESIAN_POINT('',(-1.38777878078145E-14,-20.5,6.93889390390723E-15));
#17932=CARTESIAN_POINT('',(6.93889390390723E-15,-15.75,6.93889390390723E-15));
#17933=CARTESIAN_POINT('',(6.93889390390723E-15,-20.5,6.93889390390723E-15));
#17934=CARTESIAN_POINT('',(0.,-17.866053363419,0.));
#17935=CARTESIAN_POINT('',(0.,-17.866053363419,0.));
#17936=CARTESIAN_POINT('',(0.,-18.3490162765635,0.));
#17937=CARTESIAN_POINT('',(0.,-17.866053363419,0.));
#17938=CARTESIAN_POINT('',(0.,-18.3490162765635,0.));
#17939=CARTESIAN_POINT('',(0.,-17.866053363419,0.));
#17940=CARTESIAN_POINT('',(0.,-18.3490162765635,0.));
#17941=CARTESIAN_POINT('',(0.,-18.9159502112524,0.));
#17942=CARTESIAN_POINT('',(0.,-18.3490162765635,0.));
#17943=CARTESIAN_POINT('',(0.,-18.9159502112524,0.));
#17944=CARTESIAN_POINT('',(0.,-19.3989131243971,0.));
#17945=CARTESIAN_POINT('',(0.,-18.9659004225047,0.));
#17946=CARTESIAN_POINT('',(0.,-18.9659004225047,0.));
#17947=CARTESIAN_POINT('',(0.,-19.2938312163513,0.));
#17948=CARTESIAN_POINT('',(0.,-19.5103375672974,0.));
#17949=CARTESIAN_POINT('',(0.,-21.,0.));
#17950=CARTESIAN_POINT('',(0.,-19.3989131243971,0.));
#17951=CARTESIAN_POINT('',(0.,-18.9659004225047,0.));
#17952=CARTESIAN_POINT('',(0.,-18.9659004225047,0.));
#17953=CARTESIAN_POINT('',(0.,-19.2938312163513,0.));
#17954=CARTESIAN_POINT('',(0.,-19.5103375672974,0.));
#17955=CARTESIAN_POINT('',(-1.38777878078145E-14,-20.5,6.93889390390723E-15));
#17956=CARTESIAN_POINT('',(-11.8528543461009,-21.,32.6660732848336));
#17957=CARTESIAN_POINT('',(-11.6823096792506,-20.5,-32.1960578418863));
#17958=CARTESIAN_POINT('',(-11.0001310118491,-20.5,-30.3159960700973));
#17959=CARTESIAN_POINT('',(-9.12056550592456,-20.5,-30.9995408813121));
#17960=CARTESIAN_POINT('',(-11.0001310118491,-20.5,30.3159960700973));
#17961=CARTESIAN_POINT('',(-8.65067411621191,-21.,31.1704270477327));
#17962=CARTESIAN_POINT('',(-7.24100000000002,-21.,-31.6830856925269));
#17963=CARTESIAN_POINT('',(-6.79540000000001,-20.5,-29.7333573422175));
#17964=CARTESIAN_POINT('',(-7.241,-21.,31.6830856925269));
#17965=CARTESIAN_POINT('',(-6.9068,-21.,30.2207894297949));
#17966=CARTESIAN_POINT('',(-4.33680868994202E-16,-20.5,2.15105711021124E-13));
#17967=CARTESIAN_POINT('',(6.79539999999998,-20.5,-29.7333573422175));
#17968=CARTESIAN_POINT('',(-7.37257477290143E-15,-20.5,-1.59594559789866E-13));
#17969=CARTESIAN_POINT('',(6.9068,-21.,30.2207894297948));
#17970=CARTESIAN_POINT('',(7.241,-21.,-31.6830856925269));
#17971=CARTESIAN_POINT('',(9.12056550592455,-20.5,-30.9995408813121));
#17972=CARTESIAN_POINT('',(7.241,-21.,31.6830856925268));
#17973=CARTESIAN_POINT('',(8.65067410739091,-21.,31.1704270234773));
#17974=CARTESIAN_POINT('',(11.0001310118491,-20.5,-30.3159960700973));
#17975=CARTESIAN_POINT('',(11.6823095158959,-20.5,-32.1960579011594));
#17976=CARTESIAN_POINT('',(11.0001310118491,-20.5,30.3159960700973));
#17977=CARTESIAN_POINT('',(11.8528543461009,-21.,32.6660732848336));
#17978=CARTESIAN_POINT('',(6.93889390390723E-15,-20.5,6.93889390390723E-15));
#17979=CARTESIAN_POINT('',(-17.6776695296637,-5.5,-17.6776695296637));
#17980=CARTESIAN_POINT('',(-17.7721251870896,-5.5,-23.3768868556463));
#17981=CARTESIAN_POINT('',(-11.9776695296637,-5.5,-17.6776695296637));
#17982=CARTESIAN_POINT('',(-17.8052675230285,-5.5,-25.376612233184));
#17983=CARTESIAN_POINT('',(-16.6565405860589,-15.6500000000001,-23.7394114439464));
#17984=CARTESIAN_POINT('',(-16.7494263281134,-15.6500000000001,-23.6742390138695));
#17985=CARTESIAN_POINT('',(-16.8433547937321,-15.6897804187807,-23.6205131651386));
#17986=CARTESIAN_POINT('',(-16.9293969755122,-15.75,-23.5785992232218));
#17987=CARTESIAN_POINT('',(1.73472347597681E-15,-5.5,2.21418398282758E-15));
#17988=CARTESIAN_POINT('',(10.0135544753941,-5.5,-27.2163319859292));
#17989=CARTESIAN_POINT('',(10.0135544753941,-15.65,-27.2163319859292));
#17990=CARTESIAN_POINT('',(0.,-15.6500000000001,0.));
#17991=CARTESIAN_POINT('',(16.6565405860589,-15.6500000000001,-23.7394114439464));
#17992=CARTESIAN_POINT('',(16.6565405860589,-5.5,-23.7394114439464));
#17993=CARTESIAN_POINT('',(17.8052675230285,-5.5,-25.3766122331841));
#17994=CARTESIAN_POINT('',(16.9293969755122,-15.75,-23.5785992232218));
#17995=CARTESIAN_POINT('',(16.8435155232859,-15.6898929108888,-23.6204348685515));
#17996=CARTESIAN_POINT('',(16.7492798184961,-15.6500000000001,-23.6743418110005));
#17997=CARTESIAN_POINT('',(16.6565405860589,-15.6500000000001,-23.7394114439464));
#17998=CARTESIAN_POINT('',(17.7721253330705,-5.5,-23.3768868532269));
#17999=CARTESIAN_POINT('',(17.6776695296637,-5.5,-17.6776695296637));
#18000=CARTESIAN_POINT('',(11.9776695296637,-5.5,-17.6776695296637));
#18001=CARTESIAN_POINT('',(17.6776695296637,-5.5,17.6776695296637));
#18002=CARTESIAN_POINT('',(17.7721253556539,-5.5,23.3768868528526));
#18003=CARTESIAN_POINT('',(17.7721253556539,-5.5,23.3768868528526));
#18004=CARTESIAN_POINT('',(17.6776695296637,-5.5,17.6776695296637));
#18005=CARTESIAN_POINT('',(11.9776695296637,-5.5,17.6776695296637));
#18006=CARTESIAN_POINT('',(11.9776695296637,-5.5,17.6776695296637));
#18007=CARTESIAN_POINT('',(17.8052675230285,-5.5,25.376612233184));
#18008=CARTESIAN_POINT('',(16.6565405860589,-15.6500000000001,23.7394114439464));
#18009=CARTESIAN_POINT('',(16.7494263281134,-15.6500000000001,23.6742390138695));
#18010=CARTESIAN_POINT('',(16.843354793732,-15.6897804187806,23.6205131651387));
#18011=CARTESIAN_POINT('',(16.929396975512,-15.7499999999999,23.5785992232219));
#18012=CARTESIAN_POINT('',(17.8052675230285,-5.5,25.376612233184));
#18013=CARTESIAN_POINT('',(-1.73472347597681E-15,-5.5,1.26225248386884E-14));
#18014=CARTESIAN_POINT('',(-10.0135544753941,-5.5,27.2163319859292));
#18015=CARTESIAN_POINT('',(-10.0135544753941,-15.6500000000001,27.2163319859292));
#18016=CARTESIAN_POINT('',(0.,-15.6500000000001,0.));
#18017=CARTESIAN_POINT('',(-16.6565405860589,-15.6500000000001,23.7394114439463));
#18018=CARTESIAN_POINT('',(-16.6565405860589,-5.5,23.7394114439464));
#18019=CARTESIAN_POINT('',(-17.8052675230285,-5.5,25.3766122331841));
#18020=CARTESIAN_POINT('',(-16.929396975512,-15.7499999999999,23.5785992232219));
#18021=CARTESIAN_POINT('',(-16.8435155232859,-15.6898929108888,23.6204348685515));
#18022=CARTESIAN_POINT('',(-16.749279818496,-15.6500000000001,23.6743418110005));
#18023=CARTESIAN_POINT('',(-16.6565405860589,-15.6500000000001,23.7394114439464));
#18024=CARTESIAN_POINT('',(-17.7721251870896,-5.5,23.3768868556463));
#18025=CARTESIAN_POINT('',(-17.6776695296637,-5.5,17.6776695296637));
#18026=CARTESIAN_POINT('',(-11.9776695296637,-5.5,17.6776695296637));
#18027=CARTESIAN_POINT('',(-17.6776695296637,-5.5,-17.6776695296637));
#18028=CARTESIAN_POINT('',(17.6776695296637,-5.5,17.6776695296637));
#18029=CARTESIAN_POINT('',(17.6776695296637,-5.5,20.8776695296637));
#18030=CARTESIAN_POINT('',(11.9776695296637,-5.5,-17.6776695296637));
#18031=CARTESIAN_POINT('',(11.9776695296637,-5.5,24.4008493666952));
#18032=CARTESIAN_POINT('',(8.97766952966369,-5.5,24.4008493666952));
#18033=CARTESIAN_POINT('',(-11.9776695296637,-5.5,24.4008493666952));
#18034=CARTESIAN_POINT('',(-11.9776695296637,-5.5,24.4008493666952));
#18035=CARTESIAN_POINT('',(11.9776695296637,-5.5,-24.4008493666952));
#18036=CARTESIAN_POINT('',(11.9776695296637,-5.5,-24.4008493666952));
#18037=CARTESIAN_POINT('',(-8.97766952966369,-5.5,24.4008493666952));
#18038=CARTESIAN_POINT('',(-10.0135544753941,-15.65,27.2163319859292));
#18039=CARTESIAN_POINT('',(-10.1521157469256,-15.65,27.165351903772));
#18040=CARTESIAN_POINT('',(-10.2822076961425,-15.687161526854,27.1056499108239));
#18041=CARTESIAN_POINT('',(-10.399573779064,-15.75,27.042475438935));
#18042=CARTESIAN_POINT('',(-11.9776695296637,-5.5,24.4008493666952));
#18043=CARTESIAN_POINT('',(-11.9776695296637,-5.5,-24.4008493666952));
#18044=CARTESIAN_POINT('',(-8.9776695296637,-5.5,-24.4008493666952));
#18045=CARTESIAN_POINT('',(-10.3995737790641,-15.75,-27.042475438935));
#18046=CARTESIAN_POINT('',(-10.2824184170977,-15.6872743480606,-27.1055364863597));
#18047=CARTESIAN_POINT('',(-10.1519519339378,-15.6500000346604,-27.1654121635408));
#18048=CARTESIAN_POINT('',(-10.013554673167,-15.6500000000001,-27.2163319131637));
#18049=CARTESIAN_POINT('',(8.97766952966369,-5.5,-24.4008493666952));
#18050=CARTESIAN_POINT('',(10.0135544753941,-15.65,-27.2163319859292));
#18051=CARTESIAN_POINT('',(10.1521157469256,-15.65,-27.165351903772));
#18052=CARTESIAN_POINT('',(10.2822076961424,-15.687161526854,-27.1056499108239));
#18053=CARTESIAN_POINT('',(10.3995737790639,-15.7499999999999,-27.0424754389351));
#18054=CARTESIAN_POINT('',(11.9776695296637,-5.5,-24.4008493666952));
#18055=CARTESIAN_POINT('',(11.9776695296637,-5.5,24.4008493666952));
#18056=CARTESIAN_POINT('',(8.97766952966369,-5.5,24.4008493666952));
#18057=CARTESIAN_POINT('',(10.399573779064,-15.75,27.042475438935));
#18058=CARTESIAN_POINT('',(10.2824183611165,-15.6872743180879,27.1055365164927));
#18059=CARTESIAN_POINT('',(10.151951805843,-15.65,27.1654122217077));
#18060=CARTESIAN_POINT('',(10.0135544753941,-15.65,27.2163319859292));
#18061=CARTESIAN_POINT('',(0.,-15.6500000000001,0.));
#18062=CARTESIAN_POINT('',(0.,-15.6500000000001,0.));
#18063=CARTESIAN_POINT('',(0.,-15.75,0.));
#18064=CARTESIAN_POINT('',(0.,-15.6500000000001,0.));
#18065=CARTESIAN_POINT('',(0.,-15.6500000000001,0.));
#18066=CARTESIAN_POINT('',(0.,-15.75,0.));
#18067=CARTESIAN_POINT('',(0.,-15.75,21.5));
#18068=CARTESIAN_POINT('',(0.,-15.65,21.5));
#18069=CARTESIAN_POINT('',(0.,-15.65,17.));
#18070=CARTESIAN_POINT('',(0.,-15.75,-21.5));
#18071=CARTESIAN_POINT('',(0.,-15.6500000000001,-21.5));
#18072=CARTESIAN_POINT('',(0.,-15.6500000000001,-25.9000000000001));
#18073=CARTESIAN_POINT('',(0.,-6.75,21.5));
#18074=CARTESIAN_POINT('',(0.,-15.75,21.5));
#18075=CARTESIAN_POINT('',(0.,-15.75,26.));
#18076=CARTESIAN_POINT('',(0.,-14.7531345852976,21.5));
#18077=CARTESIAN_POINT('',(0.,-15.2531345781009,21.5));
#18078=CARTESIAN_POINT('',(0.,-15.2531345781009,25.2130906142702));
#18079=CARTESIAN_POINT('',(0.,-15.2531345781009,21.5));
#18080=CARTESIAN_POINT('',(0.,-13.8481524227066,21.5));
#18081=CARTESIAN_POINT('',(0.,-13.8481524227066,24.4019237886467));
#18082=CARTESIAN_POINT('',(0.,-12.3481524227066,21.5));
#18083=CARTESIAN_POINT('',(0.,-12.3481524227066,21.5));
#18084=CARTESIAN_POINT('',(0.,-12.3481524227066,24.));
#18085=CARTESIAN_POINT('',(0.,-6.75,21.5));
#18086=CARTESIAN_POINT('',(0.,-7.25,21.5));
#18087=CARTESIAN_POINT('',(0.,-7.25,24.));
#18088=CARTESIAN_POINT('',(0.,-7.25,21.5));
#18089=CARTESIAN_POINT('',(0.,-6.75,21.5));
#18090=CARTESIAN_POINT('',(0.,-6.75,18.5));
#18091=CARTESIAN_POINT('',(0.,-6.75,26.));
#18092=CARTESIAN_POINT('',(0.,-6.75,-21.5000000000001));
#18093=CARTESIAN_POINT('',(0.,-15.75,-21.5));
#18094=CARTESIAN_POINT('',(0.,-15.75,-17.1));
#18095=CARTESIAN_POINT('',(0.,-14.7677420778546,-21.5));
#18096=CARTESIAN_POINT('',(0.,-15.2677420446831,-21.5));
#18097=CARTESIAN_POINT('',(0.,-15.2677420446831,-17.7784904278482));
#18098=CARTESIAN_POINT('',(0.,-15.2677420446831,-21.5));
#18099=CARTESIAN_POINT('',(0.,-12.9821524227066,-21.5));
#18100=CARTESIAN_POINT('',(0.,-12.9821524227066,-19.0980762113533));
#18101=CARTESIAN_POINT('',(0.,-11.4821524227067,-21.5));
#18102=CARTESIAN_POINT('',(0.,-11.4821524227067,-21.5));
#18103=CARTESIAN_POINT('',(0.,-11.4821524227066,-19.5));
#18104=CARTESIAN_POINT('',(0.,-6.75,-21.5000000000001));
#18105=CARTESIAN_POINT('',(0.,-7.25000000000001,-21.5000000000001));
#18106=CARTESIAN_POINT('',(0.,-7.25,-19.5000000000001));
#18107=CARTESIAN_POINT('',(0.,-7.25000000000001,-21.5000000000001));
#18108=CARTESIAN_POINT('',(0.,-6.75000000000001,-21.5000000000001));
#18109=CARTESIAN_POINT('',(0.,-6.75000000000003,-24.0000000000001));
#18110=CARTESIAN_POINT('',(0.,-6.74999999999998,-17.1));
#18111=CARTESIAN_POINT('',(-17.6776695296637,0.,17.6776695296637));
#18112=CARTESIAN_POINT('',(-17.6776695296637,-0.5,17.6776695296637));
#18113=CARTESIAN_POINT('',(-17.6776695296637,-0.5,20.8776695296637));
#18114=CARTESIAN_POINT('',(-17.6776695296637,-0.5,17.6776695296637));
#18115=CARTESIAN_POINT('',(17.6776695296637,0.,17.6776695296637));
#18116=CARTESIAN_POINT('',(17.6776695296637,-0.5,17.6776695296637));
#18117=CARTESIAN_POINT('',(17.6776695296637,-0.5,20.8776695296637));
#18118=CARTESIAN_POINT('',(17.6776695296637,-0.5,17.6776695296637));
#18119=CARTESIAN_POINT('',(-17.6776695296637,0.,-17.6776695296637));
#18120=CARTESIAN_POINT('',(-17.6776695296637,-0.5,-17.6776695296637));
#18121=CARTESIAN_POINT('',(-17.6776695296637,-0.5,-14.4776695296637));
#18122=CARTESIAN_POINT('',(-17.6776695296637,-0.5,-17.6776695296637));
#18123=CARTESIAN_POINT('',(17.6776695296637,0.,-17.6776695296637));
#18124=CARTESIAN_POINT('',(17.6776695296637,-0.5,-17.6776695296637));
#18125=CARTESIAN_POINT('',(17.6776695296637,-0.5,-14.4776695296637));
#18126=CARTESIAN_POINT('',(17.6776695296637,-0.5,-17.6776695296637));
#18127=CARTESIAN_POINT('',(-15.,-13.75,8.47083374911824));
#18128=CARTESIAN_POINT('',(-15.,-13.75,-8.47083374911824));
#18129=CARTESIAN_POINT('',(-15.,-13.75,-8.47083374911824));
#18130=CARTESIAN_POINT('',(-15.,-13.75,8.47083374911824));
#18131=CARTESIAN_POINT('',(-15.,-13.75,8.47083374911824));
#18132=CARTESIAN_POINT('',(-15.,-13.75,8.47083374911824));
#18133=CARTESIAN_POINT('',(-11.75,-13.75,-8.47083374911825));
#18134=CARTESIAN_POINT('',(-13.5093480942758,-13.75,-11.2034504956028));
#18135=CARTESIAN_POINT('',(-13.5093480942758,-13.75,-11.2034504956028));
#18136=CARTESIAN_POINT('',(-11.75,-13.75,-8.47083374911825));
#18137=CARTESIAN_POINT('',(-17.67765,-13.75,-17.67765));
#18138=CARTESIAN_POINT('',(-10.6352021601537,-13.75,-14.5641425850347));
#18139=CARTESIAN_POINT('',(-10.6352021601537,-13.75,-14.5641425850347));
#18140=CARTESIAN_POINT('',(-17.67765,-13.75,-17.67765));
#18141=CARTESIAN_POINT('',(-7.66274034102153,-13.75,-13.25));
#18142=CARTESIAN_POINT('',(-7.66274034102153,-13.75,-16.5));
#18143=CARTESIAN_POINT('',(-7.66274034102153,-13.75,-16.5));
#18144=CARTESIAN_POINT('',(-7.66274034102153,-13.75,-13.25));
#18145=CARTESIAN_POINT('',(-7.66274034102153,-13.75,-16.5));
#18146=CARTESIAN_POINT('',(7.66274034102155,-13.75,-16.5));
#18147=CARTESIAN_POINT('',(7.66274034102155,-13.75,-16.5));
#18148=CARTESIAN_POINT('',(-7.66274034102153,-13.75,-16.5));
#18149=CARTESIAN_POINT('',(7.66274034102154,-13.75,-13.25));
#18150=CARTESIAN_POINT('',(10.6352019989064,-13.75,-14.5641429497602));
#18151=CARTESIAN_POINT('',(10.6352019989064,-13.75,-14.5641429497602));
#18152=CARTESIAN_POINT('',(7.66274034102154,-13.75,-13.25));
#18153=CARTESIAN_POINT('',(17.67765,-13.75,-17.67765));
#18154=CARTESIAN_POINT('',(13.5093484190327,-13.75,-11.2034502865137));
#18155=CARTESIAN_POINT('',(13.5093484190327,-13.75,-11.2034502865137));
#18156=CARTESIAN_POINT('',(17.67765,-13.75,-17.67765));
#18157=CARTESIAN_POINT('',(11.75,-13.75,-8.47083374911826));
#18158=CARTESIAN_POINT('',(15.,-13.75,-8.47083374911826));
#18159=CARTESIAN_POINT('',(15.,-13.75,-8.47083374911826));
#18160=CARTESIAN_POINT('',(11.75,-13.75,-8.47083374911826));
#18161=CARTESIAN_POINT('',(15.,-13.75,-8.47083374911826));
#18162=CARTESIAN_POINT('',(15.,-13.75,8.47083374911826));
#18163=CARTESIAN_POINT('',(15.,-13.75,8.47083374911826));
#18164=CARTESIAN_POINT('',(15.,-13.75,-8.47083374911826));
#18165=CARTESIAN_POINT('',(11.75,-13.75,8.47083374911826));
#18166=CARTESIAN_POINT('',(13.5093484290579,-13.75,11.2034502800592));
#18167=CARTESIAN_POINT('',(13.5093484290579,-13.75,11.2034502800592));
#18168=CARTESIAN_POINT('',(11.75,-13.75,8.47083374911826));
#18169=CARTESIAN_POINT('',(17.67765,-13.75,17.67765));
#18170=CARTESIAN_POINT('',(10.6352021119512,-13.75,14.5641426940639));
#18171=CARTESIAN_POINT('',(10.6352021119512,-13.75,14.5641426940639));
#18172=CARTESIAN_POINT('',(17.67765,-13.75,17.67765));
#18173=CARTESIAN_POINT('',(7.66274034102153,-13.75,13.25));
#18174=CARTESIAN_POINT('',(7.66274034102153,-13.75,16.5));
#18175=CARTESIAN_POINT('',(7.66274034102153,-13.75,16.5));
#18176=CARTESIAN_POINT('',(7.66274034102153,-13.75,13.25));
#18177=CARTESIAN_POINT('',(7.66274034102153,-13.75,16.5));
#18178=CARTESIAN_POINT('',(-7.66274034102153,-13.75,16.5));
#18179=CARTESIAN_POINT('',(-7.66274034102153,-13.75,16.5));
#18180=CARTESIAN_POINT('',(7.66274034102153,-13.75,16.5));
#18181=CARTESIAN_POINT('',(-7.66274034102153,-13.75,13.25));
#18182=CARTESIAN_POINT('',(-10.6352021500586,-13.75,14.5641426078687));
#18183=CARTESIAN_POINT('',(-10.6352021500586,-13.75,14.5641426078687));
#18184=CARTESIAN_POINT('',(-7.66274034102153,-13.75,13.25));
#18185=CARTESIAN_POINT('',(-17.67765,-13.75,17.67765));
#18186=CARTESIAN_POINT('',(-13.509348173516,-13.75,11.2034504445854));
#18187=CARTESIAN_POINT('',(-13.509348173516,-13.75,11.2034504445854));
#18188=CARTESIAN_POINT('',(-17.67765,-13.75,17.67765));
#18189=CARTESIAN_POINT('',(-11.75,-13.75,8.47083374911824));
#18190=CARTESIAN_POINT('',(-11.75,-13.75,8.47083374911824));
#18191=CARTESIAN_POINT('',(-11.75,-13.75,-8.47083374911825));
#18192=CARTESIAN_POINT('',(-14.85,-13.75,8.38612541162706));
#18193=CARTESIAN_POINT('',(-14.85,-13.75,8.38612541162706));
#18194=CARTESIAN_POINT('',(-14.85,-13.75,-8.38612541162706));
#18195=CARTESIAN_POINT('',(-11.6325,-13.75,8.38612541162705));
#18196=CARTESIAN_POINT('',(-13.3742546917808,-13.75,11.0914159401396));
#18197=CARTESIAN_POINT('',(-17.5008735,-13.75,17.5008735));
#18198=CARTESIAN_POINT('',(-10.5288500908317,-13.75,14.4185012671233));
#18199=CARTESIAN_POINT('',(-7.58611293761131,-13.75,13.1175));
#18200=CARTESIAN_POINT('',(-7.58611293761131,-13.75,16.335));
#18201=CARTESIAN_POINT('',(7.58611293761131,-13.75,16.335));
#18202=CARTESIAN_POINT('',(7.58611293761131,-13.75,16.335));
#18203=CARTESIAN_POINT('',(7.58611293761132,-13.75,13.1175));
#18204=CARTESIAN_POINT('',(10.5288500908317,-13.75,14.4185012671233));
#18205=CARTESIAN_POINT('',(17.5008735,-13.75,17.5008735));
#18206=CARTESIAN_POINT('',(13.3742549372975,-13.75,11.0914157820679));
#18207=CARTESIAN_POINT('',(11.6325,-13.75,8.38612541162708));
#18208=CARTESIAN_POINT('',(14.85,-13.75,8.38612541162708));
#18209=CARTESIAN_POINT('',(14.85,-13.75,-8.38612541162708));
#18210=CARTESIAN_POINT('',(14.85,-13.75,-8.38612541162708));
#18211=CARTESIAN_POINT('',(11.6325,-13.75,-8.38612541162707));
#18212=CARTESIAN_POINT('',(13.3742549268452,-13.75,-11.0914157887974));
#18213=CARTESIAN_POINT('',(17.5008735,-13.75,-17.5008734999999));
#18214=CARTESIAN_POINT('',(10.5288499830477,-13.75,-14.4185015109201));
#18215=CARTESIAN_POINT('',(7.58611293761133,-13.75,-13.1175));
#18216=CARTESIAN_POINT('',(7.58611293761133,-13.75,-16.335));
#18217=CARTESIAN_POINT('',(-7.58611293761132,-13.75,-16.335));
#18218=CARTESIAN_POINT('',(-7.58611293761132,-13.75,-16.335));
#18219=CARTESIAN_POINT('',(-7.58611293761131,-13.75,-13.1175));
#18220=CARTESIAN_POINT('',(-10.5288500908317,-13.75,-14.4185012671233));
#18221=CARTESIAN_POINT('',(-17.5008735,-13.75,-17.5008735));
#18222=CARTESIAN_POINT('',(-13.3742546917808,-13.75,-11.0914159401396));
#18223=CARTESIAN_POINT('',(-11.6325,-13.75,-8.38612541162705));
#18224=CARTESIAN_POINT('',(-14.85,-13.75,8.38612541162706));
#18225=CARTESIAN_POINT('',(-14.85,-15.75,8.38612541162706));
#18226=CARTESIAN_POINT('',(-14.85,-15.75,8.38612541162706));
#18227=CARTESIAN_POINT('',(-14.85,-15.75,-8.38612541162706));
#18228=CARTESIAN_POINT('',(-14.85,-13.75,8.38612541162706));
#18229=CARTESIAN_POINT('',(-14.85,-13.75,-8.38612541162706));
#18230=CARTESIAN_POINT('',(-11.6325,-13.75,-8.38612541162705));
#18231=CARTESIAN_POINT('',(-11.6325,-15.75,-8.38612541162705));
#18232=CARTESIAN_POINT('',(-13.3742546917808,-15.75,-11.0914159401396));
#18233=CARTESIAN_POINT('',(-13.3742546917808,-13.75,-11.0914159401396));
#18234=CARTESIAN_POINT('',(-17.5008735,-13.75,-17.5008735));
#18235=CARTESIAN_POINT('',(-17.5008735,-15.75,-17.5008735));
#18236=CARTESIAN_POINT('',(-10.5288500908317,-15.75,-14.4185012671233));
#18237=CARTESIAN_POINT('',(-10.5288500908317,-13.75,-14.4185012671233));
#18238=CARTESIAN_POINT('',(-7.58611293761131,-13.75,-13.1175));
#18239=CARTESIAN_POINT('',(-7.58611293761131,-15.75,-13.1175));
#18240=CARTESIAN_POINT('',(-7.58611293761132,-15.75,-16.335));
#18241=CARTESIAN_POINT('',(-7.58611293761132,-13.75,-16.335));
#18242=CARTESIAN_POINT('',(-7.58611293761132,-13.75,-16.335));
#18243=CARTESIAN_POINT('',(-7.58611293761132,-15.75,-16.335));
#18244=CARTESIAN_POINT('',(7.58611293761133,-15.75,-16.335));
#18245=CARTESIAN_POINT('',(7.58611293761133,-13.75,-16.335));
#18246=CARTESIAN_POINT('',(7.58611293761133,-13.75,-13.1175));
#18247=CARTESIAN_POINT('',(7.58611293761133,-15.75,-13.1175));
#18248=CARTESIAN_POINT('',(10.5288499830477,-15.75,-14.4185015109201));
#18249=CARTESIAN_POINT('',(10.5288499830477,-13.75,-14.4185015109201));
#18250=CARTESIAN_POINT('',(17.5008735,-13.75,-17.5008734999999));
#18251=CARTESIAN_POINT('',(17.5008735,-15.75,-17.5008734999999));
#18252=CARTESIAN_POINT('',(13.3742549268452,-15.75,-11.0914157887974));
#18253=CARTESIAN_POINT('',(13.3742549268452,-13.75,-11.0914157887974));
#18254=CARTESIAN_POINT('',(11.6325,-13.75,-8.38612541162707));
#18255=CARTESIAN_POINT('',(11.6325,-15.75,-8.38612541162707));
#18256=CARTESIAN_POINT('',(14.85,-15.75,-8.38612541162708));
#18257=CARTESIAN_POINT('',(14.85,-13.75,-8.38612541162708));
#18258=CARTESIAN_POINT('',(14.85,-13.75,-8.38612541162708));
#18259=CARTESIAN_POINT('',(14.85,-15.75,-8.38612541162708));
#18260=CARTESIAN_POINT('',(14.85,-15.75,8.38612541162708));
#18261=CARTESIAN_POINT('',(14.85,-13.75,8.38612541162708));
#18262=CARTESIAN_POINT('',(11.6325,-13.75,8.38612541162708));
#18263=CARTESIAN_POINT('',(11.6325,-15.75,8.38612541162708));
#18264=CARTESIAN_POINT('',(13.3742549372975,-15.75,11.0914157820679));
#18265=CARTESIAN_POINT('',(13.3742549372975,-13.75,11.0914157820679));
#18266=CARTESIAN_POINT('',(17.5008735,-13.75,17.5008735));
#18267=CARTESIAN_POINT('',(17.5008735,-15.75,17.5008735));
#18268=CARTESIAN_POINT('',(10.5288500908317,-15.75,14.4185012671233));
#18269=CARTESIAN_POINT('',(10.5288500908317,-13.75,14.4185012671233));
#18270=CARTESIAN_POINT('',(7.58611293761132,-13.75,13.1175));
#18271=CARTESIAN_POINT('',(7.58611293761132,-15.75,13.1175));
#18272=CARTESIAN_POINT('',(7.58611293761131,-15.75,16.335));
#18273=CARTESIAN_POINT('',(7.58611293761131,-13.75,16.335));
#18274=CARTESIAN_POINT('',(7.58611293761131,-13.75,16.335));
#18275=CARTESIAN_POINT('',(7.58611293761131,-15.75,16.335));
#18276=CARTESIAN_POINT('',(-7.58611293761131,-15.75,16.335));
#18277=CARTESIAN_POINT('',(-7.58611293761131,-13.75,16.335));
#18278=CARTESIAN_POINT('',(-7.58611293761131,-13.75,13.1175));
#18279=CARTESIAN_POINT('',(-7.58611293761131,-15.75,13.1175));
#18280=CARTESIAN_POINT('',(-10.5288500908317,-15.75,14.4185012671233));
#18281=CARTESIAN_POINT('',(-10.5288500908317,-13.75,14.4185012671233));
#18282=CARTESIAN_POINT('',(-17.5008735,-13.75,17.5008735));
#18283=CARTESIAN_POINT('',(-17.5008735,-15.75,17.5008735));
#18284=CARTESIAN_POINT('',(-13.3742546917808,-15.75,11.0914159401396));
#18285=CARTESIAN_POINT('',(-13.3742546917808,-13.75,11.0914159401396));
#18286=CARTESIAN_POINT('',(-7.1,-13.75,8.5));
#18287=CARTESIAN_POINT('',(-7.1,-15.75,8.5));
#18288=CARTESIAN_POINT('',(-7.1,-15.75,9.5));
#18289=CARTESIAN_POINT('',(-8.1,-15.75,8.5));
#18290=CARTESIAN_POINT('',(-8.1,-13.75,8.5));
#18291=CARTESIAN_POINT('',(-8.1,-13.75,8.5));
#18292=CARTESIAN_POINT('',(-7.1,-13.75,8.5));
#18293=CARTESIAN_POINT('',(-7.1,-13.75,9.5));
#18294=CARTESIAN_POINT('',(-7.1,-13.75,9.5));
#18295=CARTESIAN_POINT('',(-2.9,-13.75,9.5));
#18296=CARTESIAN_POINT('',(-2.9,-15.75,9.5));
#18297=CARTESIAN_POINT('',(-2.9,-15.75,9.5));
#18298=CARTESIAN_POINT('',(-2.9,-13.75,9.5));
#18299=CARTESIAN_POINT('',(-2.9,-13.75,9.5));
#18300=CARTESIAN_POINT('',(-2.9,-13.75,9.5));
#18301=CARTESIAN_POINT('',(-2.9,-13.75,8.5));
#18302=CARTESIAN_POINT('',(-2.9,-15.75,8.5));
#18303=CARTESIAN_POINT('',(-1.9,-15.75,8.5));
#18304=CARTESIAN_POINT('',(-2.9,-13.75,8.5));
#18305=CARTESIAN_POINT('',(-1.9,-13.75,8.5));
#18306=CARTESIAN_POINT('',(-1.9,-13.75,8.5));
#18307=CARTESIAN_POINT('',(-1.9,-13.75,-8.5));
#18308=CARTESIAN_POINT('',(-1.9,-15.75,-8.5));
#18309=CARTESIAN_POINT('',(-1.9,-15.75,-8.5));
#18310=CARTESIAN_POINT('',(-1.9,-13.75,-8.5));
#18311=CARTESIAN_POINT('',(-1.9,-13.75,-8.5));
#18312=CARTESIAN_POINT('',(-1.9,-13.75,-8.5));
#18313=CARTESIAN_POINT('',(-2.9,-13.75,-8.5));
#18314=CARTESIAN_POINT('',(-2.9,-15.75,-8.5));
#18315=CARTESIAN_POINT('',(-2.9,-15.75,-9.5));
#18316=CARTESIAN_POINT('',(-2.9,-13.75,-8.5));
#18317=CARTESIAN_POINT('',(-2.9,-13.75,-9.5));
#18318=CARTESIAN_POINT('',(-2.9,-13.75,-9.5));
#18319=CARTESIAN_POINT('',(-7.1,-13.75,-9.5));
#18320=CARTESIAN_POINT('',(-7.1,-15.75,-9.5));
#18321=CARTESIAN_POINT('',(-7.1,-15.75,-9.5));
#18322=CARTESIAN_POINT('',(-7.1,-13.75,-9.5));
#18323=CARTESIAN_POINT('',(-7.1,-13.75,-9.5));
#18324=CARTESIAN_POINT('',(-7.1,-13.75,-9.5));
#18325=CARTESIAN_POINT('',(-7.1,-13.75,-8.5));
#18326=CARTESIAN_POINT('',(-7.1,-15.75,-8.5));
#18327=CARTESIAN_POINT('',(-8.1,-15.75,-8.5));
#18328=CARTESIAN_POINT('',(-7.1,-13.75,-8.5));
#18329=CARTESIAN_POINT('',(-8.1,-13.75,-8.5));
#18330=CARTESIAN_POINT('',(-8.1,-13.75,-8.5));
#18331=CARTESIAN_POINT('',(-8.1,-13.75,8.5));
#18332=CARTESIAN_POINT('',(-8.1,-15.75,8.5));
#18333=CARTESIAN_POINT('',(-8.1,-13.75,8.5));
#18334=CARTESIAN_POINT('',(-11.6325,-13.75,8.38612541162705));
#18335=CARTESIAN_POINT('',(-11.6325,-15.75,8.38612541162705));
#18336=CARTESIAN_POINT('',(-11.6325,-15.75,-8.38612541162705));
#18337=CARTESIAN_POINT('',(-11.75,-13.75,-8.47083374911825));
#18338=CARTESIAN_POINT('',(-7.56,-13.75,-6.64867513459481));
#18339=CARTESIAN_POINT('',(-7.56,-13.75,-6.64867513459481));
#18340=CARTESIAN_POINT('',(-7.56,-13.75,-8.61132486540519));
#18341=CARTESIAN_POINT('',(-7.31,-13.75,-6.50433756729741));
#18342=CARTESIAN_POINT('',(-7.31,-13.75,-6.50433756729741));
#18343=CARTESIAN_POINT('',(-7.31,-13.75,-6.21566243270259));
#18344=CARTESIAN_POINT('',(-7.31,-13.75,-6.21566243270259));
#18345=CARTESIAN_POINT('',(-7.56,-13.75,-6.07132486540519));
#18346=CARTESIAN_POINT('',(-7.56,-13.75,-6.07132486540519));
#18347=CARTESIAN_POINT('',(-7.56,-13.75,-4.10867513459481));
#18348=CARTESIAN_POINT('',(-7.56,-13.75,-4.10867513459481));
#18349=CARTESIAN_POINT('',(-7.31,-13.75,-3.96433756729741));
#18350=CARTESIAN_POINT('',(-7.31,-13.75,-3.96433756729741));
#18351=CARTESIAN_POINT('',(-7.31,-13.75,-3.6756624327026));
#18352=CARTESIAN_POINT('',(-7.31,-13.75,-3.67566243270259));
#18353=CARTESIAN_POINT('',(-7.56,-13.75,-3.53132486540519));
#18354=CARTESIAN_POINT('',(-7.56,-13.75,-3.53132486540519));
#18355=CARTESIAN_POINT('',(-7.56,-13.75,-1.56867513459481));
#18356=CARTESIAN_POINT('',(-7.56,-13.75,-1.56867513459481));
#18357=CARTESIAN_POINT('',(-7.31,-13.75,-1.42433756729741));
#18358=CARTESIAN_POINT('',(-7.31,-13.75,-1.42433756729741));
#18359=CARTESIAN_POINT('',(-7.31,-13.75,-1.13566243270259));
#18360=CARTESIAN_POINT('',(-7.31,-13.75,-1.13566243270259));
#18361=CARTESIAN_POINT('',(-7.56,-13.75,-0.991324865405188));
#18362=CARTESIAN_POINT('',(-7.56,-13.75,-0.991324865405188));
#18363=CARTESIAN_POINT('',(-7.56,-13.75,0.971324865405186));
#18364=CARTESIAN_POINT('',(-7.56,-13.75,0.971324865405186));
#18365=CARTESIAN_POINT('',(-7.31,-13.75,1.11566243270259));
#18366=CARTESIAN_POINT('',(-7.31,-13.75,1.11566243270259));
#18367=CARTESIAN_POINT('',(-7.31,-13.75,1.40433756729741));
#18368=CARTESIAN_POINT('',(-7.31,-13.75,1.40433756729741));
#18369=CARTESIAN_POINT('',(-7.56,-13.75,1.54867513459481));
#18370=CARTESIAN_POINT('',(-7.56,-13.75,1.54867513459481));
#18371=CARTESIAN_POINT('',(-7.56,-13.75,3.51132486540519));
#18372=CARTESIAN_POINT('',(-7.56,-13.75,3.51132486540519));
#18373=CARTESIAN_POINT('',(-7.31,-13.75,3.65566243270259));
#18374=CARTESIAN_POINT('',(-7.31,-13.75,3.65566243270259));
#18375=CARTESIAN_POINT('',(-7.31,-13.75,3.94433756729741));
#18376=CARTESIAN_POINT('',(-7.31,-13.75,3.94433756729741));
#18377=CARTESIAN_POINT('',(-7.56,-13.75,4.08867513459481));
#18378=CARTESIAN_POINT('',(-7.56,-13.75,4.08867513459481));
#18379=CARTESIAN_POINT('',(-7.56,-13.75,6.05132486540519));
#18380=CARTESIAN_POINT('',(-7.56,-13.75,6.05132486540518));
#18381=CARTESIAN_POINT('',(-7.31,-13.75,6.19566243270259));
#18382=CARTESIAN_POINT('',(-7.31,-13.75,6.19566243270259));
#18383=CARTESIAN_POINT('',(-7.31,-13.75,6.48433756729741));
#18384=CARTESIAN_POINT('',(-7.31,-13.75,6.48433756729741));
#18385=CARTESIAN_POINT('',(-7.56,-13.75,6.62867513459481));
#18386=CARTESIAN_POINT('',(-7.56,-13.75,6.62867513459481));
#18387=CARTESIAN_POINT('',(-7.56,-13.75,8.59132486540519));
#18388=CARTESIAN_POINT('',(-7.56,-13.75,8.59132486540518));
#18389=CARTESIAN_POINT('',(-7.31,-13.75,8.73566243270259));
#18390=CARTESIAN_POINT('',(-7.31,-13.75,8.73566243270259));
#18391=CARTESIAN_POINT('',(-7.31,-13.75,8.9));
#18392=CARTESIAN_POINT('',(-7.31,-13.75,8.9));
#18393=CARTESIAN_POINT('',(-2.69,-13.75,8.9));
#18394=CARTESIAN_POINT('',(-2.69,-13.75,8.9));
#18395=CARTESIAN_POINT('',(-2.69,-13.75,8.73566243270259));
#18396=CARTESIAN_POINT('',(-2.69,-13.75,8.73566243270259));
#18397=CARTESIAN_POINT('',(-2.44,-13.75,8.59132486540519));
#18398=CARTESIAN_POINT('',(-2.44,-13.75,8.59132486540519));
#18399=CARTESIAN_POINT('',(-2.44,-13.75,6.62867513459481));
#18400=CARTESIAN_POINT('',(-2.44,-13.75,6.62867513459481));
#18401=CARTESIAN_POINT('',(-2.69,-13.75,6.48433756729741));
#18402=CARTESIAN_POINT('',(-2.69,-13.75,6.48433756729741));
#18403=CARTESIAN_POINT('',(-2.69,-13.75,6.19566243270259));
#18404=CARTESIAN_POINT('',(-2.69,-13.75,6.19566243270259));
#18405=CARTESIAN_POINT('',(-2.44,-13.75,6.05132486540519));
#18406=CARTESIAN_POINT('',(-2.44,-13.75,6.05132486540519));
#18407=CARTESIAN_POINT('',(-2.44,-13.75,4.08867513459481));
#18408=CARTESIAN_POINT('',(-2.44,-13.75,4.08867513459481));
#18409=CARTESIAN_POINT('',(-2.69,-13.75,3.94433756729741));
#18410=CARTESIAN_POINT('',(-2.69,-13.75,3.94433756729741));
#18411=CARTESIAN_POINT('',(-2.69,-13.75,3.65566243270259));
#18412=CARTESIAN_POINT('',(-2.69,-13.75,3.65566243270259));
#18413=CARTESIAN_POINT('',(-2.44,-13.75,3.51132486540519));
#18414=CARTESIAN_POINT('',(-2.44,-13.75,3.51132486540519));
#18415=CARTESIAN_POINT('',(-2.44,-13.75,1.54867513459481));
#18416=CARTESIAN_POINT('',(-2.44,-13.75,1.54867513459481));
#18417=CARTESIAN_POINT('',(-2.69,-13.75,1.40433756729741));
#18418=CARTESIAN_POINT('',(-2.69,-13.75,1.40433756729741));
#18419=CARTESIAN_POINT('',(-2.69,-13.75,1.11566243270259));
#18420=CARTESIAN_POINT('',(-2.69,-13.75,1.11566243270259));
#18421=CARTESIAN_POINT('',(-2.44,-13.75,0.971324865405186));
#18422=CARTESIAN_POINT('',(-2.44,-13.75,0.971324865405185));
#18423=CARTESIAN_POINT('',(-2.44,-13.75,-0.991324865405188));
#18424=CARTESIAN_POINT('',(-2.44,-13.75,-0.991324865405188));
#18425=CARTESIAN_POINT('',(-2.69,-13.75,-1.13566243270259));
#18426=CARTESIAN_POINT('',(-2.69,-13.75,-1.13566243270259));
#18427=CARTESIAN_POINT('',(-2.69,-13.75,-1.42433756729741));
#18428=CARTESIAN_POINT('',(-2.69,-13.75,-1.42433756729741));
#18429=CARTESIAN_POINT('',(-2.44,-13.75,-1.56867513459481));
#18430=CARTESIAN_POINT('',(-2.44,-13.75,-1.56867513459481));
#18431=CARTESIAN_POINT('',(-2.44,-13.75,-3.53132486540519));
#18432=CARTESIAN_POINT('',(-2.44,-13.75,-3.53132486540519));
#18433=CARTESIAN_POINT('',(-2.69,-13.75,-3.6756624327026));
#18434=CARTESIAN_POINT('',(-2.69,-13.75,-3.67566243270259));
#18435=CARTESIAN_POINT('',(-2.69,-13.75,-3.96433756729741));
#18436=CARTESIAN_POINT('',(-2.69,-13.75,-3.96433756729741));
#18437=CARTESIAN_POINT('',(-2.44,-13.75,-4.10867513459481));
#18438=CARTESIAN_POINT('',(-2.44,-13.75,-4.10867513459481));
#18439=CARTESIAN_POINT('',(-2.44,-13.75,-6.07132486540519));
#18440=CARTESIAN_POINT('',(-2.44,-13.75,-6.07132486540519));
#18441=CARTESIAN_POINT('',(-2.69,-13.75,-6.21566243270259));
#18442=CARTESIAN_POINT('',(-2.69,-13.75,-6.21566243270259));
#18443=CARTESIAN_POINT('',(-2.69,-13.75,-6.50433756729741));
#18444=CARTESIAN_POINT('',(-2.69,-13.75,-6.50433756729741));
#18445=CARTESIAN_POINT('',(-2.44,-13.75,-6.64867513459481));
#18446=CARTESIAN_POINT('',(-2.44,-13.75,-6.64867513459481));
#18447=CARTESIAN_POINT('',(-2.44,-13.75,-8.61132486540519));
#18448=CARTESIAN_POINT('',(-2.44,-13.75,-8.61132486540519));
#18449=CARTESIAN_POINT('',(-2.69,-13.75,-8.75566243270259));
#18450=CARTESIAN_POINT('',(-2.69,-13.75,-8.75566243270259));
#18451=CARTESIAN_POINT('',(-2.69,-13.75,-8.9));
#18452=CARTESIAN_POINT('',(-2.69,-13.75,-8.9));
#18453=CARTESIAN_POINT('',(-7.31,-13.75,-8.9));
#18454=CARTESIAN_POINT('',(-7.31,-13.75,-8.9));
#18455=CARTESIAN_POINT('',(-7.31,-13.75,-8.75566243270259));
#18456=CARTESIAN_POINT('',(-7.31,-13.75,-8.75566243270259));
#18457=CARTESIAN_POINT('',(-7.56,-13.75,-8.61132486540519));
#18458=CARTESIAN_POINT('',(-7.56,-13.75,-6.64867513459481));
#18459=CARTESIAN_POINT('',(-7.56,-15.75,-6.64867513459481));
#18460=CARTESIAN_POINT('',(-7.56,-15.75,-6.64867513459481));
#18461=CARTESIAN_POINT('',(-7.56,-15.75,-8.61132486540519));
#18462=CARTESIAN_POINT('',(-7.56,-13.75,-6.64867513459481));
#18463=CARTESIAN_POINT('',(-7.56,-13.75,-8.61132486540519));
#18464=CARTESIAN_POINT('',(-7.56,-13.75,-8.61132486540519));
#18465=CARTESIAN_POINT('',(-7.56,-15.75,-8.61132486540519));
#18466=CARTESIAN_POINT('',(-7.31,-15.75,-8.75566243270259));
#18467=CARTESIAN_POINT('',(-7.31,-13.75,-8.75566243270259));
#18468=CARTESIAN_POINT('',(-7.31,-13.75,-8.75566243270259));
#18469=CARTESIAN_POINT('',(-7.31,-15.75,-8.75566243270259));
#18470=CARTESIAN_POINT('',(-7.31,-15.75,-8.9));
#18471=CARTESIAN_POINT('',(-7.31,-13.75,-8.9));
#18472=CARTESIAN_POINT('',(-7.31,-13.75,-8.9));
#18473=CARTESIAN_POINT('',(-7.31,-15.75,-8.9));
#18474=CARTESIAN_POINT('',(-2.69,-15.75,-8.9));
#18475=CARTESIAN_POINT('',(-2.69,-13.75,-8.9));
#18476=CARTESIAN_POINT('',(-2.69,-13.75,-8.9));
#18477=CARTESIAN_POINT('',(-2.69,-15.75,-8.9));
#18478=CARTESIAN_POINT('',(-2.69,-15.75,-8.75566243270259));
#18479=CARTESIAN_POINT('',(-2.69,-13.75,-8.75566243270259));
#18480=CARTESIAN_POINT('',(-2.69,-13.75,-8.75566243270259));
#18481=CARTESIAN_POINT('',(-2.69,-15.75,-8.75566243270259));
#18482=CARTESIAN_POINT('',(-2.44,-15.75,-8.61132486540519));
#18483=CARTESIAN_POINT('',(-2.44,-13.75,-8.61132486540519));
#18484=CARTESIAN_POINT('',(-2.44,-13.75,-8.61132486540519));
#18485=CARTESIAN_POINT('',(-2.44,-15.75,-8.61132486540519));
#18486=CARTESIAN_POINT('',(-2.44,-15.75,-6.64867513459481));
#18487=CARTESIAN_POINT('',(-2.44,-13.75,-6.64867513459481));
#18488=CARTESIAN_POINT('',(-2.44,-13.75,-6.64867513459481));
#18489=CARTESIAN_POINT('',(-2.44,-15.75,-6.64867513459481));
#18490=CARTESIAN_POINT('',(-2.69,-15.75,-6.50433756729741));
#18491=CARTESIAN_POINT('',(-2.69,-13.75,-6.50433756729741));
#18492=CARTESIAN_POINT('',(-2.69,-13.75,-6.50433756729741));
#18493=CARTESIAN_POINT('',(-2.69,-15.75,-6.50433756729741));
#18494=CARTESIAN_POINT('',(-2.69,-15.75,-6.21566243270259));
#18495=CARTESIAN_POINT('',(-2.69,-13.75,-6.21566243270259));
#18496=CARTESIAN_POINT('',(-2.69,-13.75,-6.21566243270259));
#18497=CARTESIAN_POINT('',(-2.69,-15.75,-6.21566243270259));
#18498=CARTESIAN_POINT('',(-2.44,-15.75,-6.07132486540519));
#18499=CARTESIAN_POINT('',(-2.44,-13.75,-6.07132486540519));
#18500=CARTESIAN_POINT('',(-2.44,-13.75,-6.07132486540519));
#18501=CARTESIAN_POINT('',(-2.44,-15.75,-6.07132486540519));
#18502=CARTESIAN_POINT('',(-2.44,-15.75,-4.10867513459481));
#18503=CARTESIAN_POINT('',(-2.44,-13.75,-4.10867513459481));
#18504=CARTESIAN_POINT('',(-2.44,-13.75,-4.10867513459481));
#18505=CARTESIAN_POINT('',(-2.44,-15.75,-4.10867513459481));
#18506=CARTESIAN_POINT('',(-2.69,-15.75,-3.96433756729741));
#18507=CARTESIAN_POINT('',(-2.69,-13.75,-3.96433756729741));
#18508=CARTESIAN_POINT('',(-2.69,-13.75,-3.96433756729741));
#18509=CARTESIAN_POINT('',(-2.69,-15.75,-3.96433756729741));
#18510=CARTESIAN_POINT('',(-2.69,-15.75,-3.67566243270259));
#18511=CARTESIAN_POINT('',(-2.69,-13.75,-3.6756624327026));
#18512=CARTESIAN_POINT('',(-2.69,-13.75,-3.6756624327026));
#18513=CARTESIAN_POINT('',(-2.69,-15.75,-3.67566243270259));
#18514=CARTESIAN_POINT('',(-2.44,-15.75,-3.53132486540519));
#18515=CARTESIAN_POINT('',(-2.44,-13.75,-3.53132486540519));
#18516=CARTESIAN_POINT('',(-2.44,-13.75,-3.53132486540519));
#18517=CARTESIAN_POINT('',(-2.44,-15.75,-3.53132486540519));
#18518=CARTESIAN_POINT('',(-2.44,-15.75,-1.56867513459481));
#18519=CARTESIAN_POINT('',(-2.44,-13.75,-1.56867513459481));
#18520=CARTESIAN_POINT('',(-2.44,-13.75,-1.56867513459481));
#18521=CARTESIAN_POINT('',(-2.44,-15.75,-1.56867513459481));
#18522=CARTESIAN_POINT('',(-2.69,-15.75,-1.42433756729741));
#18523=CARTESIAN_POINT('',(-2.69,-13.75,-1.42433756729741));
#18524=CARTESIAN_POINT('',(-2.69,-13.75,-1.42433756729741));
#18525=CARTESIAN_POINT('',(-2.69,-15.75,-1.42433756729741));
#18526=CARTESIAN_POINT('',(-2.69,-15.75,-1.13566243270259));
#18527=CARTESIAN_POINT('',(-2.69,-13.75,-1.13566243270259));
#18528=CARTESIAN_POINT('',(-2.69,-13.75,-1.13566243270259));
#18529=CARTESIAN_POINT('',(-2.69,-15.75,-1.13566243270259));
#18530=CARTESIAN_POINT('',(-2.44,-15.75,-0.991324865405188));
#18531=CARTESIAN_POINT('',(-2.44,-13.75,-0.991324865405188));
#18532=CARTESIAN_POINT('',(-2.44,-13.75,-0.991324865405188));
#18533=CARTESIAN_POINT('',(-2.44,-15.75,-0.991324865405188));
#18534=CARTESIAN_POINT('',(-2.44,-15.75,0.971324865405186));
#18535=CARTESIAN_POINT('',(-2.44,-13.75,0.971324865405186));
#18536=CARTESIAN_POINT('',(-2.44,-13.75,0.971324865405186));
#18537=CARTESIAN_POINT('',(-2.44,-15.75,0.971324865405186));
#18538=CARTESIAN_POINT('',(-2.69,-15.75,1.11566243270259));
#18539=CARTESIAN_POINT('',(-2.69,-13.75,1.11566243270259));
#18540=CARTESIAN_POINT('',(-2.69,-13.75,1.11566243270259));
#18541=CARTESIAN_POINT('',(-2.69,-15.75,1.11566243270259));
#18542=CARTESIAN_POINT('',(-2.69,-15.75,1.40433756729741));
#18543=CARTESIAN_POINT('',(-2.69,-13.75,1.40433756729741));
#18544=CARTESIAN_POINT('',(-2.69,-13.75,1.40433756729741));
#18545=CARTESIAN_POINT('',(-2.69,-15.75,1.40433756729741));
#18546=CARTESIAN_POINT('',(-2.44,-15.75,1.54867513459481));
#18547=CARTESIAN_POINT('',(-2.44,-13.75,1.54867513459481));
#18548=CARTESIAN_POINT('',(-2.44,-13.75,1.54867513459481));
#18549=CARTESIAN_POINT('',(-2.44,-15.75,1.54867513459481));
#18550=CARTESIAN_POINT('',(-2.44,-15.75,3.51132486540519));
#18551=CARTESIAN_POINT('',(-2.44,-13.75,3.51132486540519));
#18552=CARTESIAN_POINT('',(-2.44,-13.75,3.51132486540519));
#18553=CARTESIAN_POINT('',(-2.44,-15.75,3.51132486540519));
#18554=CARTESIAN_POINT('',(-2.69,-15.75,3.65566243270259));
#18555=CARTESIAN_POINT('',(-2.69,-13.75,3.65566243270259));
#18556=CARTESIAN_POINT('',(-2.69,-13.75,3.65566243270259));
#18557=CARTESIAN_POINT('',(-2.69,-15.75,3.65566243270259));
#18558=CARTESIAN_POINT('',(-2.69,-15.75,3.94433756729741));
#18559=CARTESIAN_POINT('',(-2.69,-13.75,3.94433756729741));
#18560=CARTESIAN_POINT('',(-2.69,-13.75,3.94433756729741));
#18561=CARTESIAN_POINT('',(-2.69,-15.75,3.94433756729741));
#18562=CARTESIAN_POINT('',(-2.44,-15.75,4.08867513459481));
#18563=CARTESIAN_POINT('',(-2.44,-13.75,4.08867513459481));
#18564=CARTESIAN_POINT('',(-2.44,-13.75,4.08867513459481));
#18565=CARTESIAN_POINT('',(-2.44,-15.75,4.08867513459481));
#18566=CARTESIAN_POINT('',(-2.44,-15.75,6.05132486540519));
#18567=CARTESIAN_POINT('',(-2.44,-13.75,6.05132486540519));
#18568=CARTESIAN_POINT('',(-2.44,-13.75,6.05132486540519));
#18569=CARTESIAN_POINT('',(-2.44,-15.75,6.05132486540519));
#18570=CARTESIAN_POINT('',(-2.69,-15.75,6.19566243270259));
#18571=CARTESIAN_POINT('',(-2.69,-13.75,6.19566243270259));
#18572=CARTESIAN_POINT('',(-2.69,-13.75,6.19566243270259));
#18573=CARTESIAN_POINT('',(-2.69,-15.75,6.19566243270259));
#18574=CARTESIAN_POINT('',(-2.69,-15.75,6.48433756729741));
#18575=CARTESIAN_POINT('',(-2.69,-13.75,6.48433756729741));
#18576=CARTESIAN_POINT('',(-2.69,-13.75,6.48433756729741));
#18577=CARTESIAN_POINT('',(-2.69,-15.75,6.48433756729741));
#18578=CARTESIAN_POINT('',(-2.44,-15.75,6.62867513459481));
#18579=CARTESIAN_POINT('',(-2.44,-13.75,6.62867513459481));
#18580=CARTESIAN_POINT('',(-2.44,-13.75,6.62867513459481));
#18581=CARTESIAN_POINT('',(-2.44,-15.75,6.62867513459481));
#18582=CARTESIAN_POINT('',(-2.44,-15.75,8.59132486540519));
#18583=CARTESIAN_POINT('',(-2.44,-13.75,8.59132486540519));
#18584=CARTESIAN_POINT('',(-2.44,-13.75,8.59132486540519));
#18585=CARTESIAN_POINT('',(-2.44,-15.75,8.59132486540519));
#18586=CARTESIAN_POINT('',(-2.69,-15.75,8.73566243270259));
#18587=CARTESIAN_POINT('',(-2.69,-13.75,8.73566243270259));
#18588=CARTESIAN_POINT('',(-2.69,-13.75,8.73566243270259));
#18589=CARTESIAN_POINT('',(-2.69,-15.75,8.73566243270259));
#18590=CARTESIAN_POINT('',(-2.69,-15.75,8.9));
#18591=CARTESIAN_POINT('',(-2.69,-13.75,8.9));
#18592=CARTESIAN_POINT('',(-2.69,-13.75,8.9));
#18593=CARTESIAN_POINT('',(-2.69,-15.75,8.9));
#18594=CARTESIAN_POINT('',(-7.31,-15.75,8.9));
#18595=CARTESIAN_POINT('',(-7.31,-13.75,8.9));
#18596=CARTESIAN_POINT('',(-7.31,-13.75,8.9));
#18597=CARTESIAN_POINT('',(-7.31,-15.75,8.9));
#18598=CARTESIAN_POINT('',(-7.31,-15.75,8.73566243270259));
#18599=CARTESIAN_POINT('',(-7.31,-13.75,8.73566243270259));
#18600=CARTESIAN_POINT('',(-7.31,-13.75,8.73566243270259));
#18601=CARTESIAN_POINT('',(-7.31,-15.75,8.73566243270259));
#18602=CARTESIAN_POINT('',(-7.56,-15.75,8.59132486540519));
#18603=CARTESIAN_POINT('',(-7.56,-13.75,8.59132486540519));
#18604=CARTESIAN_POINT('',(-7.56,-13.75,8.59132486540519));
#18605=CARTESIAN_POINT('',(-7.56,-15.75,8.59132486540519));
#18606=CARTESIAN_POINT('',(-7.56,-15.75,6.62867513459481));
#18607=CARTESIAN_POINT('',(-7.56,-13.75,6.62867513459481));
#18608=CARTESIAN_POINT('',(-7.56,-13.75,6.62867513459481));
#18609=CARTESIAN_POINT('',(-7.56,-15.75,6.62867513459481));
#18610=CARTESIAN_POINT('',(-7.31,-15.75,6.48433756729741));
#18611=CARTESIAN_POINT('',(-7.31,-13.75,6.48433756729741));
#18612=CARTESIAN_POINT('',(-7.31,-13.75,6.48433756729741));
#18613=CARTESIAN_POINT('',(-7.31,-15.75,6.48433756729741));
#18614=CARTESIAN_POINT('',(-7.31,-15.75,6.19566243270259));
#18615=CARTESIAN_POINT('',(-7.31,-13.75,6.19566243270259));
#18616=CARTESIAN_POINT('',(-7.31,-13.75,6.19566243270259));
#18617=CARTESIAN_POINT('',(-7.31,-15.75,6.19566243270259));
#18618=CARTESIAN_POINT('',(-7.56,-15.75,6.05132486540519));
#18619=CARTESIAN_POINT('',(-7.56,-13.75,6.05132486540519));
#18620=CARTESIAN_POINT('',(-7.56,-13.75,6.05132486540519));
#18621=CARTESIAN_POINT('',(-7.56,-15.75,6.05132486540519));
#18622=CARTESIAN_POINT('',(-7.56,-15.75,4.08867513459481));
#18623=CARTESIAN_POINT('',(-7.56,-13.75,4.08867513459481));
#18624=CARTESIAN_POINT('',(-7.56,-13.75,4.08867513459481));
#18625=CARTESIAN_POINT('',(-7.56,-15.75,4.08867513459481));
#18626=CARTESIAN_POINT('',(-7.31,-15.75,3.94433756729741));
#18627=CARTESIAN_POINT('',(-7.31,-13.75,3.94433756729741));
#18628=CARTESIAN_POINT('',(-7.31,-13.75,3.94433756729741));
#18629=CARTESIAN_POINT('',(-7.31,-15.75,3.94433756729741));
#18630=CARTESIAN_POINT('',(-7.31,-15.75,3.65566243270259));
#18631=CARTESIAN_POINT('',(-7.31,-13.75,3.65566243270259));
#18632=CARTESIAN_POINT('',(-7.31,-13.75,3.65566243270259));
#18633=CARTESIAN_POINT('',(-7.31,-15.75,3.65566243270259));
#18634=CARTESIAN_POINT('',(-7.56,-15.75,3.51132486540519));
#18635=CARTESIAN_POINT('',(-7.56,-13.75,3.51132486540519));
#18636=CARTESIAN_POINT('',(-7.56,-13.75,3.51132486540519));
#18637=CARTESIAN_POINT('',(-7.56,-15.75,3.51132486540519));
#18638=CARTESIAN_POINT('',(-7.56,-15.75,1.54867513459481));
#18639=CARTESIAN_POINT('',(-7.56,-13.75,1.54867513459481));
#18640=CARTESIAN_POINT('',(-7.56,-13.75,1.54867513459481));
#18641=CARTESIAN_POINT('',(-7.56,-15.75,1.54867513459481));
#18642=CARTESIAN_POINT('',(-7.31,-15.75,1.40433756729741));
#18643=CARTESIAN_POINT('',(-7.31,-13.75,1.40433756729741));
#18644=CARTESIAN_POINT('',(-7.31,-13.75,1.40433756729741));
#18645=CARTESIAN_POINT('',(-7.31,-15.75,1.40433756729741));
#18646=CARTESIAN_POINT('',(-7.31,-15.75,1.11566243270259));
#18647=CARTESIAN_POINT('',(-7.31,-13.75,1.11566243270259));
#18648=CARTESIAN_POINT('',(-7.31,-13.75,1.11566243270259));
#18649=CARTESIAN_POINT('',(-7.31,-15.75,1.11566243270259));
#18650=CARTESIAN_POINT('',(-7.56,-15.75,0.971324865405186));
#18651=CARTESIAN_POINT('',(-7.56,-13.75,0.971324865405186));
#18652=CARTESIAN_POINT('',(-7.56,-13.75,0.971324865405186));
#18653=CARTESIAN_POINT('',(-7.56,-15.75,0.971324865405186));
#18654=CARTESIAN_POINT('',(-7.56,-15.75,-0.991324865405188));
#18655=CARTESIAN_POINT('',(-7.56,-13.75,-0.991324865405188));
#18656=CARTESIAN_POINT('',(-7.56,-13.75,-0.991324865405188));
#18657=CARTESIAN_POINT('',(-7.56,-15.75,-0.991324865405188));
#18658=CARTESIAN_POINT('',(-7.31,-15.75,-1.13566243270259));
#18659=CARTESIAN_POINT('',(-7.31,-13.75,-1.13566243270259));
#18660=CARTESIAN_POINT('',(-7.31,-13.75,-1.13566243270259));
#18661=CARTESIAN_POINT('',(-7.31,-15.75,-1.13566243270259));
#18662=CARTESIAN_POINT('',(-7.31,-15.75,-1.42433756729741));
#18663=CARTESIAN_POINT('',(-7.31,-13.75,-1.42433756729741));
#18664=CARTESIAN_POINT('',(-7.31,-13.75,-1.42433756729741));
#18665=CARTESIAN_POINT('',(-7.31,-15.75,-1.42433756729741));
#18666=CARTESIAN_POINT('',(-7.56,-15.75,-1.56867513459481));
#18667=CARTESIAN_POINT('',(-7.56,-13.75,-1.56867513459481));
#18668=CARTESIAN_POINT('',(-7.56,-13.75,-1.56867513459481));
#18669=CARTESIAN_POINT('',(-7.56,-15.75,-1.56867513459481));
#18670=CARTESIAN_POINT('',(-7.56,-15.75,-3.53132486540519));
#18671=CARTESIAN_POINT('',(-7.56,-13.75,-3.53132486540519));
#18672=CARTESIAN_POINT('',(-7.56,-13.75,-3.53132486540519));
#18673=CARTESIAN_POINT('',(-7.56,-15.75,-3.53132486540519));
#18674=CARTESIAN_POINT('',(-7.31,-15.75,-3.67566243270259));
#18675=CARTESIAN_POINT('',(-7.31,-13.75,-3.6756624327026));
#18676=CARTESIAN_POINT('',(-7.31,-13.75,-3.6756624327026));
#18677=CARTESIAN_POINT('',(-7.31,-15.75,-3.67566243270259));
#18678=CARTESIAN_POINT('',(-7.31,-15.75,-3.96433756729741));
#18679=CARTESIAN_POINT('',(-7.31,-13.75,-3.96433756729741));
#18680=CARTESIAN_POINT('',(-7.31,-13.75,-3.96433756729741));
#18681=CARTESIAN_POINT('',(-7.31,-15.75,-3.96433756729741));
#18682=CARTESIAN_POINT('',(-7.56,-15.75,-4.10867513459481));
#18683=CARTESIAN_POINT('',(-7.56,-13.75,-4.10867513459481));
#18684=CARTESIAN_POINT('',(-7.56,-13.75,-4.10867513459481));
#18685=CARTESIAN_POINT('',(-7.56,-15.75,-4.10867513459481));
#18686=CARTESIAN_POINT('',(-7.56,-15.75,-6.07132486540519));
#18687=CARTESIAN_POINT('',(-7.56,-13.75,-6.07132486540519));
#18688=CARTESIAN_POINT('',(-7.56,-13.75,-6.07132486540519));
#18689=CARTESIAN_POINT('',(-7.56,-15.75,-6.07132486540519));
#18690=CARTESIAN_POINT('',(-7.31,-15.75,-6.21566243270259));
#18691=CARTESIAN_POINT('',(-7.31,-13.75,-6.21566243270259));
#18692=CARTESIAN_POINT('',(-7.31,-13.75,-6.21566243270259));
#18693=CARTESIAN_POINT('',(-7.31,-15.75,-6.21566243270259));
#18694=CARTESIAN_POINT('',(-7.31,-15.75,-6.50433756729741));
#18695=CARTESIAN_POINT('',(-7.31,-13.75,-6.50433756729741));
#18696=CARTESIAN_POINT('',(-3.73,-13.75,-7.63000000000001));
#18697=CARTESIAN_POINT('',(-3.73,-13.75,-7.63000000000001));
#18698=CARTESIAN_POINT('',(-2.78,-13.75,-7.63000000000001));
#18699=CARTESIAN_POINT('',(-3.73,-15.75,-7.63000000000001));
#18700=CARTESIAN_POINT('',(-2.78,-15.75,-7.63000000000001));
#18701=CARTESIAN_POINT('',(-3.73,-13.75,-5.09));
#18702=CARTESIAN_POINT('',(-3.73,-13.75,-5.09));
#18703=CARTESIAN_POINT('',(-2.78,-13.75,-5.09));
#18704=CARTESIAN_POINT('',(-3.73,-15.75,-5.09));
#18705=CARTESIAN_POINT('',(-2.78,-15.75,-5.09));
#18706=CARTESIAN_POINT('',(-3.73,-13.75,-2.55000000000001));
#18707=CARTESIAN_POINT('',(-3.73,-13.75,-2.55000000000001));
#18708=CARTESIAN_POINT('',(-2.78,-13.75,-2.55000000000001));
#18709=CARTESIAN_POINT('',(-3.73,-15.75,-2.55));
#18710=CARTESIAN_POINT('',(-2.78,-15.75,-2.55));
#18711=CARTESIAN_POINT('',(-3.73,-13.75,-0.0100000000000045));
#18712=CARTESIAN_POINT('',(-3.73,-13.75,-0.0100000000000045));
#18713=CARTESIAN_POINT('',(-2.78,-13.75,-0.0100000000000045));
#18714=CARTESIAN_POINT('',(-3.73,-15.75,-0.0100000000000042));
#18715=CARTESIAN_POINT('',(-2.78,-15.75,-0.0100000000000042));
#18716=CARTESIAN_POINT('',(-3.73,-13.75,2.53));
#18717=CARTESIAN_POINT('',(-3.73,-13.75,2.53));
#18718=CARTESIAN_POINT('',(-2.78,-13.75,2.53));
#18719=CARTESIAN_POINT('',(-3.73,-15.75,2.53));
#18720=CARTESIAN_POINT('',(-2.78,-15.75,2.53));
#18721=CARTESIAN_POINT('',(-3.73,-13.75,5.07));
#18722=CARTESIAN_POINT('',(-3.73,-13.75,5.07));
#18723=CARTESIAN_POINT('',(-2.78,-13.75,5.07));
#18724=CARTESIAN_POINT('',(-3.73,-15.75,5.07));
#18725=CARTESIAN_POINT('',(-2.78,-15.75,5.07));
#18726=CARTESIAN_POINT('',(-3.73,-13.75,7.61));
#18727=CARTESIAN_POINT('',(-3.73,-13.75,7.61));
#18728=CARTESIAN_POINT('',(-2.78,-13.75,7.61));
#18729=CARTESIAN_POINT('',(-3.73,-15.75,7.61));
#18730=CARTESIAN_POINT('',(-2.78,-15.75,7.61));
#18731=CARTESIAN_POINT('',(-6.27,-13.75,-7.63));
#18732=CARTESIAN_POINT('',(-6.27,-13.75,-7.63));
#18733=CARTESIAN_POINT('',(-5.32,-13.75,-7.63));
#18734=CARTESIAN_POINT('',(-6.27,-15.75,-7.63));
#18735=CARTESIAN_POINT('',(-5.32,-15.75,-7.63));
#18736=CARTESIAN_POINT('',(-6.27,-13.75,-5.09));
#18737=CARTESIAN_POINT('',(-6.27,-13.75,-5.09));
#18738=CARTESIAN_POINT('',(-5.32,-13.75,-5.09));
#18739=CARTESIAN_POINT('',(-6.27,-15.75,-5.09));
#18740=CARTESIAN_POINT('',(-5.32,-15.75,-5.09));
#18741=CARTESIAN_POINT('',(-6.27,-13.75,-2.55));
#18742=CARTESIAN_POINT('',(-6.27,-13.75,-2.55));
#18743=CARTESIAN_POINT('',(-5.32,-13.75,-2.55));
#18744=CARTESIAN_POINT('',(-6.27,-15.75,-2.55));
#18745=CARTESIAN_POINT('',(-5.32,-15.75,-2.55));
#18746=CARTESIAN_POINT('',(-6.27,-13.75,-0.0100000000000009));
#18747=CARTESIAN_POINT('',(-6.27,-13.75,-0.0100000000000009));
#18748=CARTESIAN_POINT('',(-5.32,-13.75,-0.0100000000000009));
#18749=CARTESIAN_POINT('',(-6.27,-15.75,-0.0100000000000007));
#18750=CARTESIAN_POINT('',(-5.32,-15.75,-0.0100000000000007));
#18751=CARTESIAN_POINT('',(-6.27,-13.75,2.53));
#18752=CARTESIAN_POINT('',(-6.27,-13.75,2.53));
#18753=CARTESIAN_POINT('',(-5.32,-13.75,2.53));
#18754=CARTESIAN_POINT('',(-6.27,-15.75,2.53));
#18755=CARTESIAN_POINT('',(-5.32,-15.75,2.53));
#18756=CARTESIAN_POINT('',(-6.27,-13.75,5.07));
#18757=CARTESIAN_POINT('',(-6.27,-13.75,5.07));
#18758=CARTESIAN_POINT('',(-5.32,-13.75,5.07));
#18759=CARTESIAN_POINT('',(-6.27,-15.75,5.07));
#18760=CARTESIAN_POINT('',(-5.32,-15.75,5.07));
#18761=CARTESIAN_POINT('',(-6.27,-13.75,7.61));
#18762=CARTESIAN_POINT('',(-6.27,-13.75,7.61));
#18763=CARTESIAN_POINT('',(-5.32,-13.75,7.61));
#18764=CARTESIAN_POINT('',(-6.27,-15.75,7.61));
#18765=CARTESIAN_POINT('',(-5.32,-15.75,7.61));
#18766=CARTESIAN_POINT('',(-7.31,-13.75,-6.50433756729741));
#18767=CARTESIAN_POINT('',(-7.31,-15.75,-6.50433756729741));
#18768=CARTESIAN_POINT('',(0.,-15.75,0.));
#18769=CARTESIAN_POINT('',(-11.75,-13.75,-8.47083374911825));
#18770=CARTESIAN_POINT('',(-6.27,-13.75,7.61));
#18771=CARTESIAN_POINT('',(-6.27,-13.75,6.725));
#18772=CARTESIAN_POINT('',(-11.75,-13.75,-8.47083374911825));
#18773=CARTESIAN_POINT('',(-6.27,-13.75,5.07));
#18774=CARTESIAN_POINT('',(-6.27,-13.75,4.185));
#18775=CARTESIAN_POINT('',(-11.75,-13.75,-8.47083374911825));
#18776=CARTESIAN_POINT('',(-6.27,-13.75,2.53));
#18777=CARTESIAN_POINT('',(-6.27,-13.75,1.645));
#18778=CARTESIAN_POINT('',(-11.75,-13.75,-8.47083374911825));
#18779=CARTESIAN_POINT('',(-6.27,-13.75,-0.0100000000000005));
#18780=CARTESIAN_POINT('',(-6.27,-13.75,-0.895));
#18781=CARTESIAN_POINT('',(-11.75,-13.75,-8.47083374911825));
#18782=CARTESIAN_POINT('',(-6.27,-13.75,-2.55));
#18783=CARTESIAN_POINT('',(-6.27,-13.75,-3.435));
#18784=CARTESIAN_POINT('',(-11.75,-13.75,-8.47083374911825));
#18785=CARTESIAN_POINT('',(-6.27,-13.75,-5.09));
#18786=CARTESIAN_POINT('',(-6.27,-13.75,-5.975));
#18787=CARTESIAN_POINT('',(-11.75,-13.75,-8.47083374911825));
#18788=CARTESIAN_POINT('',(-6.27,-13.75,-7.63));
#18789=CARTESIAN_POINT('',(-6.27,-13.75,-8.515));
#18790=CARTESIAN_POINT('',(-11.75,-13.75,-8.47083374911825));
#18791=CARTESIAN_POINT('',(-3.73,-13.75,7.61));
#18792=CARTESIAN_POINT('',(-3.73,-13.75,6.725));
#18793=CARTESIAN_POINT('',(-11.75,-13.75,-8.47083374911825));
#18794=CARTESIAN_POINT('',(-3.73,-13.75,5.07));
#18795=CARTESIAN_POINT('',(-3.73,-13.75,4.185));
#18796=CARTESIAN_POINT('',(-11.75,-13.75,-8.47083374911825));
#18797=CARTESIAN_POINT('',(-3.73,-13.75,2.53));
#18798=CARTESIAN_POINT('',(-3.73,-13.75,1.645));
#18799=CARTESIAN_POINT('',(-11.75,-13.75,-8.47083374911825));
#18800=CARTESIAN_POINT('',(-3.73,-13.75,-0.0100000000000005));
#18801=CARTESIAN_POINT('',(-3.73,-13.75,-0.895));
#18802=CARTESIAN_POINT('',(-11.75,-13.75,-8.47083374911825));
#18803=CARTESIAN_POINT('',(-3.73,-13.75,-2.55));
#18804=CARTESIAN_POINT('',(-3.73,-13.75,-3.435));
#18805=CARTESIAN_POINT('',(-11.75,-13.75,-8.47083374911825));
#18806=CARTESIAN_POINT('',(-3.73,-13.75,-5.09));
#18807=CARTESIAN_POINT('',(-3.73,-13.75,-5.975));
#18808=CARTESIAN_POINT('',(-11.75,-13.75,-8.47083374911825));
#18809=CARTESIAN_POINT('',(-3.73,-13.75,-7.63));
#18810=CARTESIAN_POINT('',(-3.73,-13.75,-8.515));
#18811=CARTESIAN_POINT('',(-6.27,-13.75,-7.63));
#18812=CARTESIAN_POINT('',(-6.27,-15.75,-7.63));
#18813=CARTESIAN_POINT('',(-5.385,-15.75,-7.63));
#18814=CARTESIAN_POINT('',(-6.27,-15.75,-7.63));
#18815=CARTESIAN_POINT('',(-3.73,-13.75,-7.63));
#18816=CARTESIAN_POINT('',(-3.73,-15.75,-7.63));
#18817=CARTESIAN_POINT('',(-2.845,-15.75,-7.63));
#18818=CARTESIAN_POINT('',(-3.73,-15.75,-7.63));
#18819=CARTESIAN_POINT('',(-3.73,-13.75,-5.09));
#18820=CARTESIAN_POINT('',(-3.73,-15.75,-5.09));
#18821=CARTESIAN_POINT('',(-2.845,-15.75,-5.09));
#18822=CARTESIAN_POINT('',(-3.73,-15.75,-5.09));
#18823=CARTESIAN_POINT('',(-3.73,-13.75,-2.55));
#18824=CARTESIAN_POINT('',(-3.73,-15.75,-2.55));
#18825=CARTESIAN_POINT('',(-2.845,-15.75,-2.55));
#18826=CARTESIAN_POINT('',(-3.73,-15.75,-2.55));
#18827=CARTESIAN_POINT('',(-3.73,-13.75,-0.0100000000000005));
#18828=CARTESIAN_POINT('',(-3.73,-15.75,-0.0100000000000005));
#18829=CARTESIAN_POINT('',(-2.845,-15.75,-0.0100000000000005));
#18830=CARTESIAN_POINT('',(-3.73,-15.75,-0.0100000000000005));
#18831=CARTESIAN_POINT('',(-3.73,-13.75,2.53));
#18832=CARTESIAN_POINT('',(-3.73,-15.75,2.53));
#18833=CARTESIAN_POINT('',(-2.845,-15.75,2.53));
#18834=CARTESIAN_POINT('',(-3.73,-15.75,2.53));
#18835=CARTESIAN_POINT('',(-3.73,-13.75,5.07));
#18836=CARTESIAN_POINT('',(-3.73,-15.75,5.07));
#18837=CARTESIAN_POINT('',(-2.845,-15.75,5.07));
#18838=CARTESIAN_POINT('',(-3.73,-15.75,5.07));
#18839=CARTESIAN_POINT('',(-3.73,-13.75,7.61));
#18840=CARTESIAN_POINT('',(-3.73,-15.75,7.61));
#18841=CARTESIAN_POINT('',(-2.845,-15.75,7.61));
#18842=CARTESIAN_POINT('',(-3.73,-15.75,7.61));
#18843=CARTESIAN_POINT('',(-6.27,-13.75,-5.09));
#18844=CARTESIAN_POINT('',(-6.27,-15.75,-5.09));
#18845=CARTESIAN_POINT('',(-5.385,-15.75,-5.09));
#18846=CARTESIAN_POINT('',(-6.27,-15.75,-5.09));
#18847=CARTESIAN_POINT('',(-6.27,-13.75,-2.55));
#18848=CARTESIAN_POINT('',(-6.27,-15.75,-2.55));
#18849=CARTESIAN_POINT('',(-5.385,-15.75,-2.55));
#18850=CARTESIAN_POINT('',(-6.27,-15.75,-2.55));
#18851=CARTESIAN_POINT('',(-6.27,-13.75,-0.0100000000000005));
#18852=CARTESIAN_POINT('',(-6.27,-15.75,-0.0100000000000005));
#18853=CARTESIAN_POINT('',(-5.385,-15.75,-0.0100000000000005));
#18854=CARTESIAN_POINT('',(-6.27,-15.75,-0.0100000000000005));
#18855=CARTESIAN_POINT('',(-6.27,-13.75,2.53));
#18856=CARTESIAN_POINT('',(-6.27,-15.75,2.53));
#18857=CARTESIAN_POINT('',(-5.385,-15.75,2.53));
#18858=CARTESIAN_POINT('',(-6.27,-15.75,2.53));
#18859=CARTESIAN_POINT('',(-6.27,-13.75,5.07));
#18860=CARTESIAN_POINT('',(-6.27,-15.75,5.07));
#18861=CARTESIAN_POINT('',(-5.385,-15.75,5.07));
#18862=CARTESIAN_POINT('',(-6.27,-15.75,5.07));
#18863=CARTESIAN_POINT('',(-6.27,-13.75,7.61));
#18864=CARTESIAN_POINT('',(-6.27,-15.75,7.61));
#18865=CARTESIAN_POINT('',(-5.385,-15.75,7.61));
#18866=CARTESIAN_POINT('',(-6.27,-15.75,7.61));
#18867=CARTESIAN_POINT('',(-25.006647306483,-0.100000000000001,10.3580924638259));
#18868=CARTESIAN_POINT('',(-23.0969883127822,-0.1,9.56708580912725));
#18869=CARTESIAN_POINT('',(-23.0969883127822,-0.1,11.7340858091272));
#18870=CARTESIAN_POINT('',(-23.0969883127822,0.,9.56708580912725));
#18871=CARTESIAN_POINT('',(-25.006647306483,-0.100000000000001,-10.3580924638259));
#18872=CARTESIAN_POINT('',(-23.0969883127822,-0.1,-9.56708580912725));
#18873=CARTESIAN_POINT('',(-23.0969883127822,-0.1,-7.40008580912725));
#18874=CARTESIAN_POINT('',(-23.0969883127822,0.,-9.56708580912725));
#18875=CARTESIAN_POINT('',(23.0969883127822,-10.,-9.56708580912725));
#18876=CARTESIAN_POINT('',(24.,-10.,-7.1));
#18877=CARTESIAN_POINT('',(20.0264746864809,-0.1,-8.29523742166187));
#18878=CARTESIAN_POINT('',(23.0969883127822,-0.0999999999999997,-9.56708580912725));
#18879=CARTESIAN_POINT('',(23.0969883127822,-0.0999999999999997,-6.14358580912724));
#18880=CARTESIAN_POINT('',(23.0969883127822,0.,-9.56708580912725));
#18881=CARTESIAN_POINT('',(23.0969883127822,-10.,9.56708580912725));
#18882=CARTESIAN_POINT('',(24.,-10.,7.1));
#18883=CARTESIAN_POINT('',(20.0264746864809,-0.1,8.29523742166187));
#18884=CARTESIAN_POINT('',(23.0969883127822,-0.0999999999999997,9.56708580912725));
#18885=CARTESIAN_POINT('',(23.0969883127822,-0.0999999999999997,12.9905858091272));
#18886=CARTESIAN_POINT('',(23.0969883127822,0.,9.56708580912725));
#18887=CARTESIAN_POINT('',(24.,-15.75,7.1));
#18888=CARTESIAN_POINT('',(24.,-15.,7.1));
#18889=CARTESIAN_POINT('',(24.,-15.,12.1));
#18890=CARTESIAN_POINT('',(24.,-4.34655752388976,7.1));
#18891=CARTESIAN_POINT('',(24.,-14.75,7.1));
#18892=CARTESIAN_POINT('',(24.,-14.75,12.1));
#18893=CARTESIAN_POINT('',(24.,-14.75,12.1));
#18894=CARTESIAN_POINT('',(24.,-14.75,7.1));
#18895=CARTESIAN_POINT('',(24.,-14.75,12.225));
#18896=CARTESIAN_POINT('',(24.,-14.375,7.1));
#18897=CARTESIAN_POINT('',(24.,-14.375,7.1));
#18898=CARTESIAN_POINT('',(24.,-14.375,12.6));
#18899=CARTESIAN_POINT('',(24.,-4.34655752388976,7.1));
#18900=CARTESIAN_POINT('',(24.,-13.9,7.1));
#18901=CARTESIAN_POINT('',(24.,-13.9,12.6));
#18902=CARTESIAN_POINT('',(24.,-12.725,7.1));
#18903=CARTESIAN_POINT('',(24.,-12.35,7.1));
#18904=CARTESIAN_POINT('',(24.,-12.35,12.225));
#18905=CARTESIAN_POINT('',(24.,-12.35,12.225));
#18906=CARTESIAN_POINT('',(24.,-12.35,7.1));
#18907=CARTESIAN_POINT('',(24.,-12.35,11.4));
#18908=CARTESIAN_POINT('',(24.,-12.05,7.1));
#18909=CARTESIAN_POINT('',(24.,-12.05,7.1));
#18910=CARTESIAN_POINT('',(24.,-12.05,11.1));
#18911=CARTESIAN_POINT('',(24.,-4.34655752388976,7.1));
#18912=CARTESIAN_POINT('',(24.,-6.75,7.1));
#18913=CARTESIAN_POINT('',(24.,-6.75,7.1));
#18914=CARTESIAN_POINT('',(24.,-15.75,-7.1));
#18915=CARTESIAN_POINT('',(24.,-15.,-7.1));
#18916=CARTESIAN_POINT('',(24.,-15.,-2.1));
#18917=CARTESIAN_POINT('',(24.,-4.34655752388976,-7.1));
#18918=CARTESIAN_POINT('',(24.,-14.75,-7.1));
#18919=CARTESIAN_POINT('',(24.,-14.75,-2.1));
#18920=CARTESIAN_POINT('',(24.,-14.75,-2.1));
#18921=CARTESIAN_POINT('',(24.,-14.75,-7.1));
#18922=CARTESIAN_POINT('',(24.,-14.75,-1.975));
#18923=CARTESIAN_POINT('',(24.,-14.375,-7.1));
#18924=CARTESIAN_POINT('',(24.,-14.375,-7.1));
#18925=CARTESIAN_POINT('',(24.,-14.375,-1.6));
#18926=CARTESIAN_POINT('',(24.,-4.34655752388976,-7.1));
#18927=CARTESIAN_POINT('',(24.,-13.9,-7.1));
#18928=CARTESIAN_POINT('',(24.,-13.9,-1.6));
#18929=CARTESIAN_POINT('',(24.,-12.725,-7.1));
#18930=CARTESIAN_POINT('',(24.,-12.35,-7.1));
#18931=CARTESIAN_POINT('',(24.,-12.35,-1.975));
#18932=CARTESIAN_POINT('',(24.,-12.35,-1.975));
#18933=CARTESIAN_POINT('',(24.,-12.35,-7.1));
#18934=CARTESIAN_POINT('',(24.,-12.35,-2.8));
#18935=CARTESIAN_POINT('',(24.,-12.05,-7.1));
#18936=CARTESIAN_POINT('',(24.,-12.05,-7.1));
#18937=CARTESIAN_POINT('',(24.,-12.05,-3.1));
#18938=CARTESIAN_POINT('',(24.,-4.34655752388976,-7.1));
#18939=CARTESIAN_POINT('',(24.,-6.75,-7.1));
#18940=CARTESIAN_POINT('',(24.,-6.75,-7.1));
#18941=CARTESIAN_POINT('',(-24.,-15.75,-7.1));
#18942=CARTESIAN_POINT('',(-24.,-15.,-7.1));
#18943=CARTESIAN_POINT('',(-24.,-15.,-3.09999999999999));
#18944=CARTESIAN_POINT('',(-24.,-6.44741814291732,-7.1));
#18945=CARTESIAN_POINT('',(-24.,-14.5071067811865,-7.1));
#18946=CARTESIAN_POINT('',(-24.,-14.5071067811865,-3.09999999999999));
#18947=CARTESIAN_POINT('',(-24.,-12.35,-3.35));
#18948=CARTESIAN_POINT('',(-24.,-12.35,-7.1));
#18949=CARTESIAN_POINT('',(-24.,-12.35,-3.8));
#18950=CARTESIAN_POINT('',(-24.,-12.35,-7.1));
#18951=CARTESIAN_POINT('',(-24.,-12.35,-3.35));
#18952=CARTESIAN_POINT('',(-24.,-12.05,-7.1));
#18953=CARTESIAN_POINT('',(-24.,-15.75,7.1));
#18954=CARTESIAN_POINT('',(-24.,-15.,7.1));
#18955=CARTESIAN_POINT('',(-24.,-15.,11.1));
#18956=CARTESIAN_POINT('',(-24.,-6.44741814291732,7.1));
#18957=CARTESIAN_POINT('',(-24.,-14.5071067811865,7.1));
#18958=CARTESIAN_POINT('',(-24.,-14.5071067811865,11.1));
#18959=CARTESIAN_POINT('',(-24.,-12.35,10.85));
#18960=CARTESIAN_POINT('',(-24.,-12.35,7.1));
#18961=CARTESIAN_POINT('',(-24.,-12.35,10.4));
#18962=CARTESIAN_POINT('',(-24.,-12.35,7.1));
#18963=CARTESIAN_POINT('',(-24.,-12.35,10.85));
#18964=CARTESIAN_POINT('',(-24.,-12.05,7.1));
#18965=CARTESIAN_POINT('',(24.,-13.9,-7.1));
#18966=CARTESIAN_POINT('',(24.,-13.9,-7.1));
#18967=CARTESIAN_POINT('',(24.,-13.9,-3.09999999999999));
#18968=CARTESIAN_POINT('',(24.,300.,-7.1));
#18969=CARTESIAN_POINT('',(24.,-13.2,-7.1));
#18970=CARTESIAN_POINT('',(24.,-13.2,-3.09999999999999));
#18971=CARTESIAN_POINT('',(24.,-13.2,-7.1));
#18972=CARTESIAN_POINT('',(24.,-13.9,7.1));
#18973=CARTESIAN_POINT('',(24.,-13.9,7.1));
#18974=CARTESIAN_POINT('',(24.,-13.9,11.1));
#18975=CARTESIAN_POINT('',(24.,300.,7.1));
#18976=CARTESIAN_POINT('',(24.,-13.2,7.1));
#18977=CARTESIAN_POINT('',(24.,-13.2,11.1));
#18978=CARTESIAN_POINT('',(24.,-13.2,7.1));
#18979=CARTESIAN_POINT('',(-24.,-13.1,-7.1));
#18980=CARTESIAN_POINT('',(-24.,-13.1,-7.1));
#18981=CARTESIAN_POINT('',(-24.,-13.1,-4.1));
#18982=CARTESIAN_POINT('',(-24.,-13.8,-7.1));
#18983=CARTESIAN_POINT('',(-24.,-13.8,-7.1));
#18984=CARTESIAN_POINT('',(-24.,-13.8,-4.1));
#18985=CARTESIAN_POINT('',(-24.,-6.44741814291732,-7.1));
#18986=CARTESIAN_POINT('',(-24.,-13.1,7.1));
#18987=CARTESIAN_POINT('',(-24.,-13.1,7.1));
#18988=CARTESIAN_POINT('',(-24.,-13.1,10.1));
#18989=CARTESIAN_POINT('',(-24.,-13.8,7.1));
#18990=CARTESIAN_POINT('',(-24.,-13.8,7.1));
#18991=CARTESIAN_POINT('',(-24.,-13.8,10.1));
#18992=CARTESIAN_POINT('',(-24.,-6.44741814291732,7.1));
#18993=CARTESIAN_POINT('',(25.,0.,0.));
#18994=CARTESIAN_POINT('',(25.,-0.5,0.));
#18995=CARTESIAN_POINT('',(25.,-0.5,-3.));
#18996=CARTESIAN_POINT('',(25.,-5.,0.));
#18997=CARTESIAN_POINT('',(25.,-5.,0.));
#18998=CARTESIAN_POINT('',(25.,-5.,-3.));
#18999=CARTESIAN_POINT('',(28.,-5.,0.));
#19000=CARTESIAN_POINT('',(-39.5,-8.75,0.));
#19001=CARTESIAN_POINT('',(-35.9585,-8.75,0.));
#19002=CARTESIAN_POINT('',(-35.9585,-8.75,-5.4585));
#19003=CARTESIAN_POINT('',(-9.,-8.75,0.));
#19004=CARTESIAN_POINT('',(-29.,-8.75,0.));
#19005=CARTESIAN_POINT('',(-29.,-8.75,-5.4585));
#19006=CARTESIAN_POINT('',(-29.,-3.2915,0.));
#19007=CARTESIAN_POINT('',(-29.,-8.75,0.));
#19008=CARTESIAN_POINT('',(-29.,-8.75,-3.1));
#19009=CARTESIAN_POINT('',(-9.,-8.75,0.));
#19010=CARTESIAN_POINT('',(-9.,-8.75,0.));
#19011=CARTESIAN_POINT('',(-9.,-8.75,-3.1));
#19012=CARTESIAN_POINT('',(-9.,-5.65,0.));
#19013=CARTESIAN_POINT('',(-21.9165971929571,-8.25,9.07815179839094));
#19014=CARTESIAN_POINT('',(-33.9063788431642,-8.25,14.0444819677988));
#19015=CARTESIAN_POINT('',(-36.298150295446,-8.25,8.27023488960325));
#19016=CARTESIAN_POINT('',(-23.5589280790378,-8.25,9.75842752530979));
#19017=CARTESIAN_POINT('',(-23.5589280790378,-8.25,9.75842752530979));
#19018=CARTESIAN_POINT('',(-33.9063788431642,-2.,14.0444819677988));
#19019=CARTESIAN_POINT('',(-33.9063788431642,-8.25,14.0444819677988));
#19020=CARTESIAN_POINT('',(-35.245770856442,-8.25,10.8109036040093));
#19021=CARTESIAN_POINT('',(-33.9063788431642,-8.25,14.0444819677988));
#19022=CARTESIAN_POINT('',(-33.4060980763093,-8.25,13.8372588891731));
#19023=CARTESIAN_POINT('',(-34.5382670109614,-8.25,11.1039612922384));
#19024=CARTESIAN_POINT('',(-21.9165971929571,-8.25,9.07815179839094));
#19025=CARTESIAN_POINT('',(-23.5589280790378,-8.25,9.75842752530979));
#19026=CARTESIAN_POINT('',(-23.5589280790378,-8.25,9.75842752530979));
#19027=CARTESIAN_POINT('',(-21.9165971929571,-8.25,-9.07815179839094));
#19028=CARTESIAN_POINT('',(-33.9063788431642,-8.25,-14.0444819677988));
#19029=CARTESIAN_POINT('',(-31.5146073908824,-8.25,-19.8187290459943));
#19030=CARTESIAN_POINT('',(-23.5589280790378,-8.25,-9.75842752530979));
#19031=CARTESIAN_POINT('',(-23.5589280790378,-8.25,-9.75842752530979));
#19032=CARTESIAN_POINT('',(-33.9063788431642,-2.,-14.0444819677988));
#19033=CARTESIAN_POINT('',(-33.9063788431642,-8.25,-14.0444819677988));
#19034=CARTESIAN_POINT('',(-32.5669868298863,-8.25,-17.2780603315883));
#19035=CARTESIAN_POINT('',(-33.9063788431642,-8.25,-14.0444819677988));
#19036=CARTESIAN_POINT('',(-33.4060980763093,-8.25,-13.8372588891731));
#19037=CARTESIAN_POINT('',(-32.2739291416572,-8.25,-16.5705564861077));
#19038=CARTESIAN_POINT('',(-21.9165971929571,-8.25,-9.07815179839094));
#19039=CARTESIAN_POINT('',(-23.5589280790378,-8.25,-9.75842752530979));
#19040=CARTESIAN_POINT('',(-23.5589280790378,-8.25,-9.75842752530979));
#19041=CARTESIAN_POINT('',(-23.6826947230893,-8.25,18.8380659862249));
#19042=CARTESIAN_POINT('',(-28.9565018035393,-8.25,23.0330415555919));
#19043=CARTESIAN_POINT('',(-30.9796743726116,-8.25,20.4895650458216));
#19044=CARTESIAN_POINT('',(-28.9565018035393,-5.,23.0330415555919));
#19045=CARTESIAN_POINT('',(-28.9565018035393,-8.25,23.0330415555919));
#19046=CARTESIAN_POINT('',(-29.7218835492853,-8.25,22.0708248267419));
#19047=CARTESIAN_POINT('',(-23.6826947230893,-8.25,18.8380659862249));
#19048=CARTESIAN_POINT('',(-24.2608528624248,-8.25,19.2979537357662));
#19049=CARTESIAN_POINT('',(-25.0262346081708,-8.25,18.3357370069162));
#19050=CARTESIAN_POINT('',(-24.2608528624248,-8.25,19.2979537357662));
#19051=CARTESIAN_POINT('',(-23.6826947230893,-8.25,18.8380659862249));
#19052=CARTESIAN_POINT('',(36.5,-8.80000000000001,0.));
#19053=CARTESIAN_POINT('',(36.5,-8.80000000000001,0.));
#19054=CARTESIAN_POINT('',(36.5,-8.80000000000001,-3.50000000000001));
#19055=CARTESIAN_POINT('',(36.5,-8.80000000000001,0.));
#19056=CARTESIAN_POINT('',(37.,-8.80000000000001,0.));
#19057=CARTESIAN_POINT('',(37.,-8.80000000000001,-3.00000000000001));
#19058=CARTESIAN_POINT('',(37.,-5.8,0.));
#19059=CARTESIAN_POINT('',(37.,-8.80000000000001,0.));
#19060=CARTESIAN_POINT('',(37.,-8.80000000000001,-2.72763633939716));
#19061=CARTESIAN_POINT('',(36.,-8.80000000000001,0.));
#19062=CARTESIAN_POINT('',(36.9578947368421,-8.80000000000001,0.));
#19063=CARTESIAN_POINT('',(36.9578947368421,-8.80000000000001,-2.44051672472378));
#19064=CARTESIAN_POINT('',(45.1000000000003,-8.80000000000005,0.));
#19065=CARTESIAN_POINT('',(39.4,-16.1,-1.98038475772934));
#19066=CARTESIAN_POINT('',(39.4,-16.1,1.98038475772934));
#19067=CARTESIAN_POINT('',(37.1,-16.1,1.98038475772934));
#19068=CARTESIAN_POINT('',(37.1,-16.1,-1.98038475772934));
#19069=CARTESIAN_POINT('',(37.1,-16.1,-1.98038475772934));
#19070=CARTESIAN_POINT('',(39.4,-16.1,-1.98038475772934));
#19071=CARTESIAN_POINT('',(39.4,-16.4,1.98038475772934));
#19072=CARTESIAN_POINT('',(39.4,-16.55,2.24019237886467));
#19073=CARTESIAN_POINT('',(37.1,-16.55,2.24019237886467));
#19074=CARTESIAN_POINT('',(37.1,-16.4,1.98038475772934));
#19075=CARTESIAN_POINT('',(39.4,-16.55,2.24019237886467));
#19076=CARTESIAN_POINT('',(39.4,-19.9801270189222,0.25980762113533));
#19077=CARTESIAN_POINT('',(37.1,-19.9801270189222,0.25980762113533));
#19078=CARTESIAN_POINT('',(37.1,-16.55,2.24019237886467));
#19079=CARTESIAN_POINT('',(39.4,-19.8301270189222,-4.33680868994202E-16));
#19080=CARTESIAN_POINT('',(39.4,-19.9801270189222,-0.259807621135331));
#19081=CARTESIAN_POINT('',(37.1,-19.9801270189222,-0.259807621135331));
#19082=CARTESIAN_POINT('',(37.1,-19.8301270189222,-4.33680868994202E-16));
#19083=CARTESIAN_POINT('',(39.4,-19.9801270189222,-0.259807621135331));
#19084=CARTESIAN_POINT('',(39.4,-16.55,-2.24019237886467));
#19085=CARTESIAN_POINT('',(37.1,-16.55,-2.24019237886467));
#19086=CARTESIAN_POINT('',(37.1,-19.9801270189222,-0.259807621135331));
#19087=CARTESIAN_POINT('',(39.4,-16.9,-1.1143593539449));
#19088=CARTESIAN_POINT('',(39.4,-16.9,-1.1143593539449));
#19089=CARTESIAN_POINT('',(37.4834390528708,-16.9,-1.1143593539449));
#19090=CARTESIAN_POINT('',(37.1,-16.9,-1.1143593539449));
#19091=CARTESIAN_POINT('',(37.1,-16.9,-1.1143593539449));
#19092=CARTESIAN_POINT('',(37.1,-16.9,1.1143593539449));
#19093=CARTESIAN_POINT('',(39.4,-16.9,1.1143593539449));
#19094=CARTESIAN_POINT('',(37.4834390528708,-16.9,1.1143593539449));
#19095=CARTESIAN_POINT('',(0.,-16.9,0.));
#19096=CARTESIAN_POINT('',(39.4,-18.8301270189222,-2.22044604925031E-16));
#19097=CARTESIAN_POINT('',(39.4,-18.8301270189222,-2.16840434497101E-16));
#19098=CARTESIAN_POINT('',(37.5,-18.8301270189222,-2.16840434497101E-16));
#19099=CARTESIAN_POINT('',(37.1,-18.8301270189222,-2.16840434497101E-16));
#19100=CARTESIAN_POINT('',(37.1,-18.8301270189222,-2.22044604925031E-16));
#19101=CARTESIAN_POINT('',(0.,-18.8301270189222,0.));
#19102=CARTESIAN_POINT('',(39.4,-16.9,1.1143593539449));
#19103=CARTESIAN_POINT('',(37.1,-16.9,1.1143593539449));
#19104=CARTESIAN_POINT('',(0.,-18.8301270189222,0.));
#19105=CARTESIAN_POINT('',(39.4,-16.4,-1.98038475772934));
#19106=CARTESIAN_POINT('',(37.1,-16.4,-1.98038475772934));
#19107=CARTESIAN_POINT('',(37.1,-16.4,1.98038475772934));
#19108=CARTESIAN_POINT('',(0.,-21.,0.));
#19109=CARTESIAN_POINT('',(30.909684302989,-17.6,61.2665603432211));
#19110=CARTESIAN_POINT('',(34.3298857362457,-17.6,51.869634135362));
#19111=CARTESIAN_POINT('',(34.3298857362457,-17.6,51.869634135362));
#19112=CARTESIAN_POINT('',(-12.6547453030497,-12.55,34.7686269690786));
#19113=CARTESIAN_POINT('',(-14.2719563034223,-12.55,34.1800103024151));
#19114=CARTESIAN_POINT('',(34.3298857362457,-7.5,51.869634135362));
#19115=CARTESIAN_POINT('',(34.3298857362457,-7.5,51.869634135362));
#19116=CARTESIAN_POINT('',(-10.6115186552239,-12.55,29.1549078913491));
#19117=CARTESIAN_POINT('',(-12.6205432887172,-12.55,34.674657707));
#19118=CARTESIAN_POINT('',(-14.2377542890897,-12.55,34.0860410403366));
#19119=CARTESIAN_POINT('',(-12.6205432887172,-10.829,34.674657707));
#19120=CARTESIAN_POINT('',(-12.6205432887172,-12.55,34.674657707));
#19121=CARTESIAN_POINT('',(-14.1437850270111,-12.55,34.1202430546691));
#19122=CARTESIAN_POINT('',(-10.6115186552239,-12.55,29.1549078913491));
#19123=CARTESIAN_POINT('',(-10.9446445864214,-12.55,30.0701638651491));
#19124=CARTESIAN_POINT('',(-12.4678863247154,-12.55,29.5157492128182));
#19125=CARTESIAN_POINT('',(-10.9446445864214,-12.55,30.0701638651491));
#19126=CARTESIAN_POINT('',(-10.6115186552239,-12.55,29.1549078913491));
#19127=CARTESIAN_POINT('',(63.0595777756019,-7.5,-27.0645460106543));
#19128=CARTESIAN_POINT('',(59.6393763423452,-7.5,-17.6676198027952));
#19129=CARTESIAN_POINT('',(59.6393763423452,-7.5,-17.6676198027952));
#19130=CARTESIAN_POINT('',(12.6547453030497,-12.55,-34.7686269690786));
#19131=CARTESIAN_POINT('',(11.0375343026772,-12.55,-35.3572436357421));
#19132=CARTESIAN_POINT('',(59.6393763423452,-17.6,-17.6676198027952));
#19133=CARTESIAN_POINT('',(59.6393763423452,-17.6,-17.6676198027952));
#19134=CARTESIAN_POINT('',(10.6115186552239,-12.55,-29.1549078913491));
#19135=CARTESIAN_POINT('',(10.9446445864214,-12.55,-30.0701638651491));
#19136=CARTESIAN_POINT('',(9.42140284812744,-12.55,-30.62457851748));
#19137=CARTESIAN_POINT('',(10.6115186552239,-12.55,-29.1549078913491));
#19138=CARTESIAN_POINT('',(12.6547453030497,-12.55,-34.7686269690786));
#19139=CARTESIAN_POINT('',(12.6205432887172,-12.55,-34.674657707));
#19140=CARTESIAN_POINT('',(11.0973015504232,-12.55,-35.2290723593309));
#19141=CARTESIAN_POINT('',(12.6205432887172,-10.929,-34.674657707));
#19142=CARTESIAN_POINT('',(12.6205432887172,-12.55,-34.674657707));
#19143=CARTESIAN_POINT('',(11.0033322883446,-12.55,-35.2632743736635));
#19144=CARTESIAN_POINT('',(12.6547453030497,-12.55,-34.7686269690786));
#19145=CARTESIAN_POINT('',(0.,0.,0.));
#19146=CARTESIAN_POINT('',(0.5,0.,0.));
#19147=CARTESIAN_POINT('',(0.,0.,0.));
#19148=CARTESIAN_POINT('',(0.,0.,-4.5));
#19149=CARTESIAN_POINT('',(0.5,0.,0.));
#19150=CARTESIAN_POINT('',(0.5,0.,-5.));
#19151=CARTESIAN_POINT('',(0.,4.5,0.));
#19152=CARTESIAN_POINT('',(0.,0.,0.));
#19153=CARTESIAN_POINT('',(0.,0.,-2.55000000000001));
#19154=CARTESIAN_POINT('',(300.,0.,0.));
#19155=CARTESIAN_POINT('',(6.50000000000001,0.,0.));
#19156=CARTESIAN_POINT('',(6.50000000000001,0.,-2.54999999999999));
#19157=CARTESIAN_POINT('',(6.5,0.,0.));
#19158=CARTESIAN_POINT('',(7.00000000000001,0.,0.));
#19159=CARTESIAN_POINT('',(7.00000000000001,0.,-3.04999999999999));
#19160=CARTESIAN_POINT('',(7.,3.04999999999999,0.));
#19161=CARTESIAN_POINT('',(7.,0.,-4.125));
#19162=CARTESIAN_POINT('',(7.,0.8,-4.125));
#19163=CARTESIAN_POINT('',(7.,4.125,0.));
#19164=CARTESIAN_POINT('',(7.,4.925,0.));
#19165=CARTESIAN_POINT('',(7.,-4.125,0.));
#19166=CARTESIAN_POINT('',(7.,-3.325,0.));
#19167=CARTESIAN_POINT('',(7.,0.,4.125));
#19168=CARTESIAN_POINT('',(7.,0.8,4.125));
#19169=CARTESIAN_POINT('',(7.00000000000001,0.,0.));
#19170=CARTESIAN_POINT('',(7.00000000000001,0.,-5.35));
#19171=CARTESIAN_POINT('',(7.00000000000001,0.,0.));
#19172=CARTESIAN_POINT('',(6.35000000000002,0.,0.));
#19173=CARTESIAN_POINT('',(6.35000000000002,0.,-6.));
#19174=CARTESIAN_POINT('',(300.,0.,0.));
#19175=CARTESIAN_POINT('',(2.64999999999999,0.,0.));
#19176=CARTESIAN_POINT('',(2.64999999999999,0.,-6.));
#19177=CARTESIAN_POINT('',(2.64999999999999,0.,0.));
#19178=CARTESIAN_POINT('',(2.,0.,0.));
#19179=CARTESIAN_POINT('',(2.,0.,-5.35));
#19180=CARTESIAN_POINT('',(2.,5.35,0.));
#19181=CARTESIAN_POINT('',(2.,0.,0.));
#19182=CARTESIAN_POINT('',(2.,0.,-5.));
#19183=CARTESIAN_POINT('',(300.,0.,0.));
#19184=CARTESIAN_POINT('',(5.,0.,4.125));
#19185=CARTESIAN_POINT('',(5.,0.,4.125));
#19186=CARTESIAN_POINT('',(5.,0.8,4.125));
#19187=CARTESIAN_POINT('',(5.,0.,4.125));
#19188=CARTESIAN_POINT('',(5.,-4.125,0.));
#19189=CARTESIAN_POINT('',(5.,-4.125,0.));
#19190=CARTESIAN_POINT('',(5.,-3.325,0.));
#19191=CARTESIAN_POINT('',(5.,-4.125,0.));
#19192=CARTESIAN_POINT('',(5.,4.125,0.));
#19193=CARTESIAN_POINT('',(5.,4.125,0.));
#19194=CARTESIAN_POINT('',(5.,4.925,0.));
#19195=CARTESIAN_POINT('',(5.,4.125,0.));
#19196=CARTESIAN_POINT('',(5.,0.,-4.125));
#19197=CARTESIAN_POINT('',(5.,0.,-4.125));
#19198=CARTESIAN_POINT('',(5.,0.8,-4.125));
#19199=CARTESIAN_POINT('',(5.,0.,-4.125));
#19200=CARTESIAN_POINT('',(29.,-8.75,0.));
#19201=CARTESIAN_POINT('',(98.987,0.886,0.));
#19202=CARTESIAN_POINT('',(101.937,0.886,0.));
#19203=CARTESIAN_POINT('',(101.937,0.886,2.94999999999998));
#19204=CARTESIAN_POINT('',(104.535076211353,0.886000000000001,-4.5));
#19205=CARTESIAN_POINT('',(104.998949662605,0.886000000000001,-3.69654761414894));
#19206=CARTESIAN_POINT('',(106.669278971454,0.886000000000001,-0.803452385851056));
#19207=CARTESIAN_POINT('',(101.937,0.886,0.));
#19208=CARTESIAN_POINT('',(106.669278971454,0.886000000000001,0.803452385851056));
#19209=CARTESIAN_POINT('',(107.133152422707,0.886000000000001,0.));
#19210=CARTESIAN_POINT('',(104.998949662605,0.886000000000001,3.69654761414894));
#19211=CARTESIAN_POINT('',(101.937,0.886,0.));
#19212=CARTESIAN_POINT('',(103.607329308849,0.886000000000001,4.5));
#19213=CARTESIAN_POINT('',(104.535076211353,0.886000000000001,4.5));
#19214=CARTESIAN_POINT('',(100.266670691151,0.886000000000001,4.5));
#19215=CARTESIAN_POINT('',(101.937,0.886,0.));
#19216=CARTESIAN_POINT('',(98.8750503373945,0.886000000000001,3.69654761414894));
#19217=CARTESIAN_POINT('',(99.3389237886467,0.886000000000001,4.5));
#19218=CARTESIAN_POINT('',(97.2047210285455,0.886000000000001,0.803452385851056));
#19219=CARTESIAN_POINT('',(101.937,0.886,0.));
#19220=CARTESIAN_POINT('',(97.2047210285455,0.886000000000001,-0.803452385851056));
#19221=CARTESIAN_POINT('',(96.7408475772934,0.886000000000001,0.));
#19222=CARTESIAN_POINT('',(98.8750503373945,0.886000000000001,-3.69654761414894));
#19223=CARTESIAN_POINT('',(101.937,0.886,0.));
#19224=CARTESIAN_POINT('',(100.266670691151,0.886000000000001,-4.5));
#19225=CARTESIAN_POINT('',(99.3389237886467,0.886000000000001,-4.5));
#19226=CARTESIAN_POINT('',(103.607329308849,0.886000000000001,-4.5));
#19227=CARTESIAN_POINT('',(101.937,0.886,0.));
#19228=CARTESIAN_POINT('',(101.937,9.48599999999981,0.));
#19229=CARTESIAN_POINT('',(101.937,5.399,0.));
#19230=CARTESIAN_POINT('',(101.937,5.399,4.8));
#19231=CARTESIAN_POINT('',(104.998949662605,9.48599999999981,-3.69654761414893));
#19232=CARTESIAN_POINT('',(104.998949662605,3.186,-3.69654761414894));
#19233=CARTESIAN_POINT('',(103.607329308849,9.48599999999981,-4.5));
#19234=CARTESIAN_POINT('',(103.607329308849,3.186,-4.5));
#19235=CARTESIAN_POINT('',(101.937,3.186,0.));
#19236=CARTESIAN_POINT('',(100.266670691151,3.186,-4.5));
#19237=CARTESIAN_POINT('',(100.266670691151,9.48599999999981,-4.5));
#19238=CARTESIAN_POINT('',(98.8750503373945,9.48599999999981,-3.69654761414893));
#19239=CARTESIAN_POINT('',(98.8750503373945,3.186,-3.69654761414894));
#19240=CARTESIAN_POINT('',(101.937,3.186,0.));
#19241=CARTESIAN_POINT('',(97.2047210285455,3.186,-0.803452385851056));
#19242=CARTESIAN_POINT('',(97.2047210285455,9.48599999999981,-0.803452385851065));
#19243=CARTESIAN_POINT('',(97.2047210285455,9.48599999999981,0.803452385851065));
#19244=CARTESIAN_POINT('',(97.2047210285455,3.186,0.803452385851056));
#19245=CARTESIAN_POINT('',(101.937,3.186,0.));
#19246=CARTESIAN_POINT('',(98.8750503373945,3.186,3.69654761414894));
#19247=CARTESIAN_POINT('',(98.8750503373945,9.48599999999981,3.69654761414893));
#19248=CARTESIAN_POINT('',(100.266670691151,9.48599999999981,4.5));
#19249=CARTESIAN_POINT('',(100.266670691151,3.186,4.5));
#19250=CARTESIAN_POINT('',(101.937,3.186,0.));
#19251=CARTESIAN_POINT('',(103.607329308849,3.186,4.5));
#19252=CARTESIAN_POINT('',(103.607329308849,9.48599999999981,4.5));
#19253=CARTESIAN_POINT('',(104.998949662605,9.48599999999981,3.69654761414893));
#19254=CARTESIAN_POINT('',(104.998949662605,3.186,3.69654761414894));
#19255=CARTESIAN_POINT('',(101.937,3.186,0.));
#19256=CARTESIAN_POINT('',(106.669278971454,3.186,0.803452385851056));
#19257=CARTESIAN_POINT('',(106.669278971454,9.48599999999981,0.803452385851065));
#19258=CARTESIAN_POINT('',(106.669278971454,9.48599999999981,-0.803452385851065));
#19259=CARTESIAN_POINT('',(106.669278971454,3.186,-0.803452385851056));
#19260=CARTESIAN_POINT('',(101.937,3.186,0.));
#19261=CARTESIAN_POINT('',(96.438,-4.114,0.));
#19262=CARTESIAN_POINT('',(84.438,-4.114,0.));
#19263=CARTESIAN_POINT('',(84.438,-4.114,3.25));
#19264=CARTESIAN_POINT('',(96.437,-4.114,0.));
#19265=CARTESIAN_POINT('',(96.437,-4.114,-4.09992916666666));
#19266=CARTESIAN_POINT('',(78.4380250830385,-4.11366990285946,0.));
#19267=CARTESIAN_POINT('',(33.4380250830385,-4.11366990285946,0.));
#19268=CARTESIAN_POINT('',(33.4380250830385,-4.11366990285946,2.25));
#19269=CARTESIAN_POINT('',(33.4380250830385,-4.11366990285946,-2.25));
#19270=CARTESIAN_POINT('',(33.4380250830386,-4.11366990285948,0.));
#19271=CARTESIAN_POINT('',(78.438,-4.11366990285946,0.));
#19272=CARTESIAN_POINT('',(78.438,-4.11366990285946,-2.25));
#19273=CARTESIAN_POINT('',(78.464,4.11399999999998,0.));
#19274=CARTESIAN_POINT('',(78.464,1.99267965644005,4.24999999999989));
#19275=CARTESIAN_POINT('',(68.84361,1.99267965644005,4.25));
#19276=CARTESIAN_POINT('',(73.9636099999999,1.99267965644005,4.24999999999995));
#19277=CARTESIAN_POINT('',(68.84361,6.23532034355968,4.25));
#19278=CARTESIAN_POINT('',(68.5948145938873,6.23532034355967,4.25000000000001));
#19279=CARTESIAN_POINT('',(68.1118426239126,6.08185422087375,4.3306236183325));
#19280=CARTESIAN_POINT('',(67.4772702282863,5.3459904959553,4.62452410460554));
#19281=CARTESIAN_POINT('',(67.2540566887916,4.11272749297716,4.83393737625278));
#19282=CARTESIAN_POINT('',(67.478610871515,2.8793814823116,4.62366289200422));
#19283=CARTESIAN_POINT('',(68.1124806235864,2.14613448926079,4.33055942141981));
#19284=CARTESIAN_POINT('',(68.5946074611478,1.99267965644004,4.25000000000001));
#19285=CARTESIAN_POINT('',(68.84361,1.99267965644003,4.25));
#19286=CARTESIAN_POINT('',(68.84361,6.2353203435599,4.25));
#19287=CARTESIAN_POINT('',(78.464,6.2353203435599,4.24999999999989));
#19288=CARTESIAN_POINT('',(73.9636099999999,6.2353203435599,4.24999999999989));
#19289=CARTESIAN_POINT('',(73.9636099999999,1.99267965644018,4.24999999999996));
#19290=CARTESIAN_POINT('',(74.2124054061126,1.99267965644018,4.24999999999995));
#19291=CARTESIAN_POINT('',(74.6953773760873,2.14614577912608,4.33062361833244));
#19292=CARTESIAN_POINT('',(75.3299497717137,2.88200950404456,4.62452410460552));
#19293=CARTESIAN_POINT('',(75.5531633112084,4.11527250702279,4.83393737625279));
#19294=CARTESIAN_POINT('',(75.3286091284851,5.34861851768843,4.6236628920042));
#19295=CARTESIAN_POINT('',(74.6947393764135,6.08186551073929,4.33055942141976));
#19296=CARTESIAN_POINT('',(74.212612538852,6.23532034356002,4.24999999999995));
#19297=CARTESIAN_POINT('',(73.9636099999999,6.23532034356002,4.24999999999995));
#19298=CARTESIAN_POINT('',(66.8823569133066,4.11399999999998,0.));
#19299=CARTESIAN_POINT('',(66.8823569133066,4.11399999999998,-4.75000000000003));
#19300=CARTESIAN_POINT('',(78.464,4.11399999999998,0.));
#19301=CARTESIAN_POINT('',(78.464,4.114,-4.75));
#19302=CARTESIAN_POINT('',(78.464,4.11399999999999,4.75));
#19303=CARTESIAN_POINT('',(78.464,4.11399999999998,0.));
#19304=CARTESIAN_POINT('',(69.88,1.99267965644026,-4.25));
#19305=CARTESIAN_POINT('',(69.6312045938873,1.99267965644027,-4.25));
#19306=CARTESIAN_POINT('',(69.1482326239126,2.1461457791262,-4.3306236183325));
#19307=CARTESIAN_POINT('',(68.5136602282864,2.88200950404464,-4.62452410460554));
#19308=CARTESIAN_POINT('',(68.2904466887916,4.1152725070228,-4.83393737625278));
#19309=CARTESIAN_POINT('',(68.5150008715149,5.34861851768835,-4.62366289200422));
#19310=CARTESIAN_POINT('',(69.1488706235864,6.08186551073917,-4.33055942141981));
#19311=CARTESIAN_POINT('',(69.6309974611478,6.23532034355992,-4.25));
#19312=CARTESIAN_POINT('',(69.88,6.23532034355994,-4.24999999999999));
#19313=CARTESIAN_POINT('',(69.88,1.99267965644008,-4.24999999999999));
#19314=CARTESIAN_POINT('',(69.88,6.23532034355987,-4.24999999999999));
#19315=CARTESIAN_POINT('',(78.464,1.99267965644008,-4.2499999999999));
#19316=CARTESIAN_POINT('',(74.9999999999999,1.99267965644016,-4.24999999999994));
#19317=CARTESIAN_POINT('',(74.9999999999999,6.2353203435598,-4.24999999999994));
#19318=CARTESIAN_POINT('',(75.2487954061126,6.23532034355981,-4.24999999999994));
#19319=CARTESIAN_POINT('',(75.7317673760873,6.08185422087392,-4.33062361833242));
#19320=CARTESIAN_POINT('',(76.3663397717137,5.34599049595543,-4.62452410460551));
#19321=CARTESIAN_POINT('',(76.5895533112085,4.11272749297717,-4.83393737625279));
#19322=CARTESIAN_POINT('',(76.3649991284851,2.87938148231151,-4.6236628920042));
#19323=CARTESIAN_POINT('',(75.7311293764135,2.14613448926064,-4.33055942141975));
#19324=CARTESIAN_POINT('',(75.2490025388521,1.99267965643991,-4.24999999999994));
#19325=CARTESIAN_POINT('',(74.9999999999999,1.99267965643991,-4.24999999999994));
#19326=CARTESIAN_POINT('',(74.9999999999999,6.2353203435598,-4.24999999999994));
#19327=CARTESIAN_POINT('',(78.464,6.23532034355987,-4.2499999999999));
#19328=CARTESIAN_POINT('',(78.464,20.464,0.));
#19329=CARTESIAN_POINT('',(78.464,17.664,0.));
#19330=CARTESIAN_POINT('',(77.2150004003203,17.664,-3.8));
#19331=CARTESIAN_POINT('',(77.2150004003203,17.664,3.8));
#19332=CARTESIAN_POINT('',(77.2150004003203,47.664,3.8));
#19333=CARTESIAN_POINT('',(77.2150004003203,22.364,3.8));
#19334=CARTESIAN_POINT('',(78.464,22.364,0.));
#19335=CARTESIAN_POINT('',(77.2150004003203,22.364,-3.8));
#19336=CARTESIAN_POINT('',(77.2150004003203,47.664,-3.8));
#19337=CARTESIAN_POINT('',(75.564,11.664,0.));
#19338=CARTESIAN_POINT('',(78.464,11.664,0.));
#19339=CARTESIAN_POINT('',(78.464,11.664,2.90000000000001));
#19340=CARTESIAN_POINT('',(82.964,11.664,-2.59807621135332));
#19341=CARTESIAN_POINT('',(82.964,11.664,-1.35646599662507));
#19342=CARTESIAN_POINT('',(82.964,11.664,1.35646599662507));
#19343=CARTESIAN_POINT('',(78.464,11.664,0.));
#19344=CARTESIAN_POINT('',(81.8887340124471,11.664,3.21888131871744));
#19345=CARTESIAN_POINT('',(82.964,11.664,2.59807621135332));
#19346=CARTESIAN_POINT('',(79.5392659875529,11.664,4.57534731534252));
#19347=CARTESIAN_POINT('',(78.464,11.664,0.));
#19348=CARTESIAN_POINT('',(77.3887340124471,11.664,4.57534731534252));
#19349=CARTESIAN_POINT('',(78.464,11.664,5.19615242270663));
#19350=CARTESIAN_POINT('',(75.0392659875529,11.664,3.21888131871744));
#19351=CARTESIAN_POINT('',(78.464,11.664,0.));
#19352=CARTESIAN_POINT('',(73.964,11.664,1.35646599662507));
#19353=CARTESIAN_POINT('',(73.964,11.664,2.59807621135332));
#19354=CARTESIAN_POINT('',(73.964,11.664,-1.35646599662507));
#19355=CARTESIAN_POINT('',(78.464,11.664,0.));
#19356=CARTESIAN_POINT('',(75.0392659875529,11.664,-3.21888131871744));
#19357=CARTESIAN_POINT('',(73.964,11.664,-2.59807621135332));
#19358=CARTESIAN_POINT('',(77.3887340124471,11.664,-4.57534731534252));
#19359=CARTESIAN_POINT('',(78.464,11.664,0.));
#19360=CARTESIAN_POINT('',(79.5392659875529,11.664,-4.57534731534252));
#19361=CARTESIAN_POINT('',(78.464,11.664,-5.19615242270663));
#19362=CARTESIAN_POINT('',(81.8887340124471,11.664,-3.21888131871744));
#19363=CARTESIAN_POINT('',(78.464,11.664,0.));
#19364=CARTESIAN_POINT('',(78.464,11.664,0.));
#19365=CARTESIAN_POINT('',(82.964,11.864,1.93907194296656));
#19366=CARTESIAN_POINT('',(82.964,11.7879526972891,1.74690177381156));
#19367=CARTESIAN_POINT('',(82.964,11.720673296838,1.55283250769242));
#19368=CARTESIAN_POINT('',(82.964,11.664,1.35646599662507));
#19369=CARTESIAN_POINT('',(82.964,11.864,1.93907194296656));
#19370=CARTESIAN_POINT('',(78.464,11.864,0.));
#19371=CARTESIAN_POINT('',(82.3932855623747,11.864,2.9275783455467));
#19372=CARTESIAN_POINT('',(81.8887340124471,11.664,3.21888131871744));
#19373=CARTESIAN_POINT('',(82.0587056260435,11.7206443789056,3.12074816185298));
#19374=CARTESIAN_POINT('',(82.2274957789248,11.7882426150376,3.02329712165041));
#19375=CARTESIAN_POINT('',(82.3932855623747,11.864,2.92757834554669));
#19376=CARTESIAN_POINT('',(78.464,11.664,0.));
#19377=CARTESIAN_POINT('',(82.964,11.664,-1.35646599662507));
#19378=CARTESIAN_POINT('',(82.964,11.7206443789056,-1.55273231035399));
#19379=CARTESIAN_POINT('',(82.964,11.7882426150376,-1.74763439075913));
#19380=CARTESIAN_POINT('',(82.964,11.864,-1.93907194296658));
#19381=CARTESIAN_POINT('',(82.964,11.864,-1.93907194296656));
#19382=CARTESIAN_POINT('',(82.3932855623747,11.864,-2.92757834554669));
#19383=CARTESIAN_POINT('',(82.2268613140369,11.7879526972891,-3.02366343012419));
#19384=CARTESIAN_POINT('',(82.0587923994839,11.720673296838,-3.12069806318376));
#19385=CARTESIAN_POINT('',(81.8887340124471,11.664,-3.21888131871743));
#19386=CARTESIAN_POINT('',(82.3932855623747,11.864,-2.9275783455467));
#19387=CARTESIAN_POINT('',(78.464,11.864,0.));
#19388=CARTESIAN_POINT('',(78.464,11.664,0.));
#19389=CARTESIAN_POINT('',(79.5392659875529,11.664,-4.57534731534252));
#19390=CARTESIAN_POINT('',(79.3692943739565,11.7206443789056,-4.67348047220697));
#19391=CARTESIAN_POINT('',(79.2005042210753,11.7882426150376,-4.77093151240954));
#19392=CARTESIAN_POINT('',(79.0347144376253,11.864,-4.86665028851326));
#19393=CARTESIAN_POINT('',(79.0347144376253,11.864,-4.86665028851326));
#19394=CARTESIAN_POINT('',(77.8932855623747,11.864,-4.86665028851325));
#19395=CARTESIAN_POINT('',(77.7268613140369,11.7879526972891,-4.77056520393576));
#19396=CARTESIAN_POINT('',(77.5587923994839,11.720673296838,-4.67353057087619));
#19397=CARTESIAN_POINT('',(77.3887340124471,11.664,-4.57534731534252));
#19398=CARTESIAN_POINT('',(77.8932855623747,11.864,-4.86665028851326));
#19399=CARTESIAN_POINT('',(78.464,11.864,0.));
#19400=CARTESIAN_POINT('',(78.464,11.664,0.));
#19401=CARTESIAN_POINT('',(75.0392659875529,11.664,-3.21888131871744));
#19402=CARTESIAN_POINT('',(74.8692943739565,11.7206443789056,-3.12074816185298));
#19403=CARTESIAN_POINT('',(74.7005042210752,11.7882426150376,-3.02329712165041));
#19404=CARTESIAN_POINT('',(74.5347144376253,11.864,-2.92757834554669));
#19405=CARTESIAN_POINT('',(74.5347144376253,11.864,-2.9275783455467));
#19406=CARTESIAN_POINT('',(73.964,11.864,-1.93907194296656));
#19407=CARTESIAN_POINT('',(73.964,11.7879526972891,-1.74690177381156));
#19408=CARTESIAN_POINT('',(73.964,11.720673296838,-1.55283250769242));
#19409=CARTESIAN_POINT('',(73.964,11.664,-1.35646599662507));
#19410=CARTESIAN_POINT('',(73.964,11.864,-1.93907194296656));
#19411=CARTESIAN_POINT('',(78.464,11.864,0.));
#19412=CARTESIAN_POINT('',(78.464,11.664,0.));
#19413=CARTESIAN_POINT('',(73.964,11.664,1.35646599662507));
#19414=CARTESIAN_POINT('',(73.964,11.7206443789056,1.55273231035399));
#19415=CARTESIAN_POINT('',(73.964,11.7882426150376,1.74763439075913));
#19416=CARTESIAN_POINT('',(73.964,11.864,1.93907194296658));
#19417=CARTESIAN_POINT('',(73.964,11.864,1.93907194296656));
#19418=CARTESIAN_POINT('',(74.5347144376253,11.864,2.92757834554669));
#19419=CARTESIAN_POINT('',(74.7011386859631,11.7879526972891,3.02366343012419));
#19420=CARTESIAN_POINT('',(74.8692076005161,11.720673296838,3.12069806318376));
#19421=CARTESIAN_POINT('',(75.0392659875529,11.664,3.21888131871743));
#19422=CARTESIAN_POINT('',(74.5347144376253,11.864,2.9275783455467));
#19423=CARTESIAN_POINT('',(78.464,11.864,0.));
#19424=CARTESIAN_POINT('',(78.464,11.664,0.));
#19425=CARTESIAN_POINT('',(77.3887340124471,11.664,4.57534731534252));
#19426=CARTESIAN_POINT('',(77.5587056260435,11.7206443789056,4.67348047220697));
#19427=CARTESIAN_POINT('',(77.7274957789247,11.7882426150376,4.77093151240954));
#19428=CARTESIAN_POINT('',(77.8932855623747,11.864,4.86665028851326));
#19429=CARTESIAN_POINT('',(77.8932855623747,11.864,4.86665028851326));
#19430=CARTESIAN_POINT('',(79.0347144376253,11.864,4.86665028851325));
#19431=CARTESIAN_POINT('',(79.2011386859631,11.7879526972891,4.77056520393576));
#19432=CARTESIAN_POINT('',(79.3692076005161,11.720673296838,4.67353057087619));
#19433=CARTESIAN_POINT('',(79.5392659875529,11.664,4.57534731534252));
#19434=CARTESIAN_POINT('',(79.0347144376253,11.864,4.86665028851326));
#19435=CARTESIAN_POINT('',(78.464,11.864,0.));
#19436=CARTESIAN_POINT('',(78.464,20.464,0.));
#19437=CARTESIAN_POINT('',(82.964,20.464,-1.93907194296656));
#19438=CARTESIAN_POINT('',(82.964,14.164,-1.93907194296656));
#19439=CARTESIAN_POINT('',(82.3932855623747,20.464,-2.9275783455467));
#19440=CARTESIAN_POINT('',(82.3932855623747,14.164,-2.9275783455467));
#19441=CARTESIAN_POINT('',(78.464,14.164,0.));
#19442=CARTESIAN_POINT('',(78.464,20.464,0.));
#19443=CARTESIAN_POINT('',(82.964,20.464,1.93907194296656));
#19444=CARTESIAN_POINT('',(82.964,14.164,1.93907194296656));
#19445=CARTESIAN_POINT('',(78.464,14.164,0.));
#19446=CARTESIAN_POINT('',(82.3932855623747,14.164,2.9275783455467));
#19447=CARTESIAN_POINT('',(82.3932855623747,20.464,2.9275783455467));
#19448=CARTESIAN_POINT('',(78.464,20.464,0.));
#19449=CARTESIAN_POINT('',(79.0347144376253,20.464,-4.86665028851326));
#19450=CARTESIAN_POINT('',(79.0347144376253,14.164,-4.86665028851326));
#19451=CARTESIAN_POINT('',(77.8932855623747,20.464,-4.86665028851326));
#19452=CARTESIAN_POINT('',(77.8932855623747,14.164,-4.86665028851325));
#19453=CARTESIAN_POINT('',(78.464,14.164,0.));
#19454=CARTESIAN_POINT('',(78.464,20.464,0.));
#19455=CARTESIAN_POINT('',(74.5347144376253,20.464,-2.9275783455467));
#19456=CARTESIAN_POINT('',(74.5347144376253,14.164,-2.9275783455467));
#19457=CARTESIAN_POINT('',(73.964,20.464,-1.93907194296656));
#19458=CARTESIAN_POINT('',(73.964,14.164,-1.93907194296656));
#19459=CARTESIAN_POINT('',(78.464,14.164,0.));
#19460=CARTESIAN_POINT('',(78.464,20.464,0.));
#19461=CARTESIAN_POINT('',(73.964,20.464,1.93907194296656));
#19462=CARTESIAN_POINT('',(73.964,14.164,1.93907194296656));
#19463=CARTESIAN_POINT('',(74.5347144376253,20.464,2.9275783455467));
#19464=CARTESIAN_POINT('',(74.5347144376253,14.164,2.92757834554669));
#19465=CARTESIAN_POINT('',(78.464,14.164,0.));
#19466=CARTESIAN_POINT('',(78.464,20.464,0.));
#19467=CARTESIAN_POINT('',(77.8932855623747,20.464,4.86665028851326));
#19468=CARTESIAN_POINT('',(77.8932855623747,14.164,4.86665028851326));
#19469=CARTESIAN_POINT('',(79.0347144376253,20.464,4.86665028851326));
#19470=CARTESIAN_POINT('',(79.0347144376253,14.164,4.86665028851325));
#19471=CARTESIAN_POINT('',(78.464,14.164,0.));
#19472=CARTESIAN_POINT('',(58.9640250830385,4.11366990285946,0.));
#19473=CARTESIAN_POINT('',(33.4380250830385,4.11366990285946,0.));
#19474=CARTESIAN_POINT('',(33.4380250830385,4.11366990285946,-2.25));
#19475=CARTESIAN_POINT('',(33.4380250830385,4.11366990285946,2.25));
#19476=CARTESIAN_POINT('',(33.4380250830385,4.11366990285946,0.));
#19477=CARTESIAN_POINT('',(58.964,4.11366990285946,0.));
#19478=CARTESIAN_POINT('',(58.964,4.11366990285946,-2.25));
#19479=CARTESIAN_POINT('',(33.4380250830385,-4.11366990285947,0.));
#19480=CARTESIAN_POINT('',(18.0856,0.,0.));
#19481=CARTESIAN_POINT('',(18.0856,0.,-2.25));
#19482=CARTESIAN_POINT('',(18.0856,0.,2.25));
#19483=CARTESIAN_POINT('',(18.0856,0.,0.));
#19484=CARTESIAN_POINT('',(33.4380250830385,-4.11366990285947,0.));
#19485=CARTESIAN_POINT('',(33.4380250830385,4.11366990285947,0.));
#19486=CARTESIAN_POINT('',(18.0856,0.,0.));
#19487=CARTESIAN_POINT('',(33.4380250830385,4.11366990285946,0.));
#19488=CARTESIAN_POINT('',(18.0856,0.,0.));
#19489=CARTESIAN_POINT('',(0.,0.,0.));
#19490=CARTESIAN_POINT('',(0.,0.,-2.25));
#19491=CARTESIAN_POINT('',(0.,0.,0.));
#19492=CARTESIAN_POINT('',(33.4380250830385,4.11366990285946,0.));
#19493=CARTESIAN_POINT('',(33.4380250830385,-4.11366990285946,0.));
#19494=CARTESIAN_POINT('',(58.964,4.11399999999998,0.));
#19495=CARTESIAN_POINT('',(58.964,4.11399999999998,0.));
#19496=CARTESIAN_POINT('',(58.964,4.11399999999998,-3.35000000000002));
#19497=CARTESIAN_POINT('',(58.964,4.11399999999998,0.));
#19498=CARTESIAN_POINT('',(60.464,4.11399999999998,0.));
#19499=CARTESIAN_POINT('',(60.464,4.11399999999998,-3.85000000000002));
#19500=CARTESIAN_POINT('',(60.464,7.964,0.));
#19501=CARTESIAN_POINT('',(60.464,4.11399999999998,0.));
#19502=CARTESIAN_POINT('',(60.464,4.11399999999998,-3.35000000000002));
#19503=CARTESIAN_POINT('',(78.464,4.11399999999998,0.));
#19504=CARTESIAN_POINT('',(63.2221643086693,4.11399999999998,0.));
#19505=CARTESIAN_POINT('',(63.2221643086693,4.11399999999998,-3.35000000000002));
#19506=CARTESIAN_POINT('',(63.2221643086693,4.11399999999998,0.));
#19507=CARTESIAN_POINT('',(63.3023280754733,4.11399999999998,0.));
#19508=CARTESIAN_POINT('',(63.3023280754733,4.11399999999998,-3.36676853301958));
#19509=CARTESIAN_POINT('',(63.3023280754733,4.11399999999998,0.));
#19510=CARTESIAN_POINT('',(66.0807192452672,4.11399999999998,0.));
#19511=CARTESIAN_POINT('',(66.0807192452672,4.11399999999998,-4.58231466980441));
#19512=CARTESIAN_POINT('',(66.8823569133066,4.11399999999998,0.));
#19513=CARTESIAN_POINT('',(78.464,20.464,0.));
#19514=CARTESIAN_POINT('',(78.464,10.364,0.));
#19515=CARTESIAN_POINT('',(78.464,10.364,4.75));
#19516=CARTESIAN_POINT('',(78.464,4.114,0.));
#19517=CARTESIAN_POINT('',(73.714,10.364,0.));
#19518=CARTESIAN_POINT('',(78.464,10.364,0.));
#19519=CARTESIAN_POINT('',(78.464,10.364,2.90000000000001));
#19520=CARTESIAN_POINT('',(78.464,20.464,0.));
#19521=CARTESIAN_POINT('',(73.564,14.164,0.));
#19522=CARTESIAN_POINT('',(82.964,14.164,-2.59807621135332));
#19523=CARTESIAN_POINT('',(78.464,14.164,-5.19615242270663));
#19524=CARTESIAN_POINT('',(73.964,14.164,-2.59807621135332));
#19525=CARTESIAN_POINT('',(73.964,14.164,2.59807621135332));
#19526=CARTESIAN_POINT('',(78.464,14.164,5.19615242270663));
#19527=CARTESIAN_POINT('',(82.964,14.164,2.59807621135332));
#19528=CARTESIAN_POINT('',(78.464,14.164,0.));
#19529=CARTESIAN_POINT('',(78.464,14.164,4.95000000000001));
#19530=CARTESIAN_POINT('',(78.464,14.214,0.));
#19531=CARTESIAN_POINT('',(78.464,14.214,0.));
#19532=CARTESIAN_POINT('',(78.464,14.214,5.));
#19533=CARTESIAN_POINT('',(78.464,20.464,0.));
#19534=CARTESIAN_POINT('',(78.464,17.364,0.));
#19535=CARTESIAN_POINT('',(78.464,17.364,5.));
#19536=CARTESIAN_POINT('',(78.464,17.364,0.));
#19537=CARTESIAN_POINT('',(78.464,17.664,0.));
#19538=CARTESIAN_POINT('',(78.464,17.664,4.70000000000001));
#19539=CARTESIAN_POINT('',(73.764,17.664,0.));
#19540=CARTESIAN_POINT('',(78.464,17.664,0.));
#19541=CARTESIAN_POINT('',(79.7129995996797,17.664,3.8));
#19542=CARTESIAN_POINT('',(79.7129995996797,17.664,-3.8));
#19543=CARTESIAN_POINT('',(77.2150004003203,17.664,3.8));
#19544=CARTESIAN_POINT('',(79.7129995996797,17.664,-3.8));
#19545=CARTESIAN_POINT('',(78.464,20.464,0.));
#19546=CARTESIAN_POINT('',(78.464,22.364,0.));
#19547=CARTESIAN_POINT('',(79.7129995996797,22.364,3.8));
#19548=CARTESIAN_POINT('',(79.7129995996797,22.364,-3.8));
#19549=CARTESIAN_POINT('',(79.7129995996797,47.664,3.8));
#19550=CARTESIAN_POINT('',(79.7129995996797,47.664,-3.8));
#19551=CARTESIAN_POINT('',(78.464,22.364,0.));
#19552=CARTESIAN_POINT('',(78.464,22.964,0.));
#19553=CARTESIAN_POINT('',(78.464,22.964,3.40000000000001));
#19554=CARTESIAN_POINT('',(77.2150004003203,22.364,3.8));
#19555=CARTESIAN_POINT('',(77.6182565024602,22.4899166775353,3.8));
#19556=CARTESIAN_POINT('',(78.4597557564527,22.6380763130933,3.8));
#19557=CARTESIAN_POINT('',(79.3097062591272,22.4899283052259,3.8));
#19558=CARTESIAN_POINT('',(79.7129995996797,22.364,3.8));
#19559=CARTESIAN_POINT('',(79.7129995996797,22.364,-3.8));
#19560=CARTESIAN_POINT('',(79.3097434975398,22.4899166775353,-3.8));
#19561=CARTESIAN_POINT('',(78.4682442435473,22.6380763130933,-3.8));
#19562=CARTESIAN_POINT('',(77.6182937408729,22.4899283052259,-3.8));
#19563=CARTESIAN_POINT('',(77.2150004003203,22.364,-3.8));
#19564=CARTESIAN_POINT('',(78.464,20.464,0.));
#19565=CARTESIAN_POINT('',(78.464,25.464,0.));
#19566=CARTESIAN_POINT('',(78.464,25.464,3.40000000000001));
#19567=CARTESIAN_POINT('',(75.064,25.464,0.));
#19568=CARTESIAN_POINT('',(78.464,25.464,0.));
#19569=CARTESIAN_POINT('',(78.464,25.464,2.90000000000001));
#19570=CARTESIAN_POINT('',(78.464,20.464,0.));
#19571=CARTESIAN_POINT('',(78.464,20.464,0.));
#19572=CARTESIAN_POINT('',(78.464,20.464,2.90000000000001));
#19573=CARTESIAN_POINT('',(75.564,20.464,0.));
#19574=CARTESIAN_POINT('',(80.214,20.464,2.16840434497101E-16));
#19575=CARTESIAN_POINT('',(80.214,20.464,-0.5));
#19576=CARTESIAN_POINT('',(78.464,20.464,1.75));
#19577=CARTESIAN_POINT('',(78.464,20.464,1.25));
#19578=CARTESIAN_POINT('',(78.464,20.464,-1.75));
#19579=CARTESIAN_POINT('',(78.464,20.464,-2.25));
#19580=CARTESIAN_POINT('',(78.464,4.11399999999999,0.));
#19581=CARTESIAN_POINT('',(73.964,14.164,-2.59807621135332));
#19582=CARTESIAN_POINT('',(73.964,14.164,2.59807621135332));
#19583=CARTESIAN_POINT('',(78.464,14.164,5.19615242270663));
#19584=CARTESIAN_POINT('',(82.964,14.164,2.59807621135332));
#19585=CARTESIAN_POINT('',(82.964,14.164,-2.59807621135332));
#19586=CARTESIAN_POINT('',(78.464,14.164,-5.19615242270663));
#19587=CARTESIAN_POINT('',(79.7129995996797,47.664,-3.8));
#19588=CARTESIAN_POINT('',(77.2150004003203,47.664,3.8));
#19589=CARTESIAN_POINT('',(68.84361,14.25,6.75000000000006));
#19590=CARTESIAN_POINT('',(68.84361,14.25,4.25));
#19591=CARTESIAN_POINT('',(73.9636099999999,14.25,6.75000000000004));
#19592=CARTESIAN_POINT('',(73.9636099999999,14.25,4.24999999999995));
#19593=CARTESIAN_POINT('',(73.9636099999999,14.25,4.24999999999994));
#19594=CARTESIAN_POINT('',(69.88,14.25,-6.75000000000006));
#19595=CARTESIAN_POINT('',(69.88,14.25,-4.24999999999999));
#19596=CARTESIAN_POINT('',(69.88,14.25,-4.25));
#19597=CARTESIAN_POINT('',(74.9999999999999,14.25,-4.24999999999994));
#19598=CARTESIAN_POINT('',(74.9999999999999,14.25,-6.74999999999996));
#19599=CARTESIAN_POINT('',(78.438,-4.114,0.));
#19600=CARTESIAN_POINT('',(81.938,-4.114,0.));
#19601=CARTESIAN_POINT('',(81.938,-4.114,3.24999999999999));
#19602=CARTESIAN_POINT('',(81.688,-4.114,0.));
#19603=CARTESIAN_POINT('',(81.438,-4.114,0.));
#19604=CARTESIAN_POINT('',(81.438,-4.114,3.24999999999999));
#19605=CARTESIAN_POINT('',(78.438,-4.114,0.));
#19606=CARTESIAN_POINT('',(80.938,-4.114,0.));
#19607=CARTESIAN_POINT('',(80.938,-4.114,3.24999999999999));
#19608=CARTESIAN_POINT('',(80.688,-4.114,0.));
#19609=CARTESIAN_POINT('',(80.438,-4.114,0.));
#19610=CARTESIAN_POINT('',(80.438,-4.114,3.24999999999998));
#19611=CARTESIAN_POINT('',(78.438,-4.114,0.));
#19612=CARTESIAN_POINT('',(79.938,-4.114,0.));
#19613=CARTESIAN_POINT('',(79.938,-4.114,3.24999999999998));
#19614=CARTESIAN_POINT('',(79.688,-4.114,0.));
#19615=CARTESIAN_POINT('',(79.438,-4.114,0.));
#19616=CARTESIAN_POINT('',(79.438,-4.114,3.24999999999998));
#19617=CARTESIAN_POINT('',(78.438,-4.114,0.));
#19618=CARTESIAN_POINT('',(78.7844101615138,-4.114,0.));
#19619=CARTESIAN_POINT('',(78.7844101615138,-4.114,3.24999999999998));
#19620=CARTESIAN_POINT('',(78.7844101615138,-4.114,0.));
#19621=CARTESIAN_POINT('',(78.438,-4.114,0.));
#19622=CARTESIAN_POINT('',(78.438,-4.114,3.04999999999998));
#19623=CARTESIAN_POINT('',(78.438,-7.16399999999998,0.));
#19624=CARTESIAN_POINT('',(101.613276819945,0.386000000000001,-4.48834080988368));
#19625=CARTESIAN_POINT('',(101.613276819945,-8.614,-4.48834080988368));
#19626=CARTESIAN_POINT('',(101.613276819945,-8.614,-4.4883408098837));
#19627=CARTESIAN_POINT('',(96.437,-8.614,-4.1149999999999));
#19628=CARTESIAN_POINT('',(96.437,0.386000000000001,-4.1149999999999));
#19629=CARTESIAN_POINT('',(96.437,0.386000000000001,-4.1149999999999));
#19630=CARTESIAN_POINT('',(101.613276819945,0.386000000000001,-4.48834080988368));
#19631=CARTESIAN_POINT('',(101.613276819945,0.386000000000001,-4.4883408098837));
#19632=CARTESIAN_POINT('',(101.613276819945,0.386000000000001,-4.4883408098837));
#19633=CARTESIAN_POINT('',(96.437,0.386000000000001,-4.1149999999999));
#19634=CARTESIAN_POINT('',(96.437,-8.614,-4.1149999999999));
#19635=CARTESIAN_POINT('',(96.437,-8.614,4.11499999999995));
#19636=CARTESIAN_POINT('',(96.437,0.386000000000001,4.11499999999995));
#19637=CARTESIAN_POINT('',(96.437,0.386000000000001,4.11499999999995));
#19638=CARTESIAN_POINT('',(96.437,0.386000000000001,-4.1149999999999));
#19639=CARTESIAN_POINT('',(96.437,0.386000000000001,4.11499999999995));
#19640=CARTESIAN_POINT('',(96.437,-8.614,4.11499999999995));
#19641=CARTESIAN_POINT('',(101.613277324855,-8.614,4.48834030592161));
#19642=CARTESIAN_POINT('',(101.613277324855,0.386000000000001,4.48834030592161));
#19643=CARTESIAN_POINT('',(101.613277324855,0.386000000000001,4.48834030592161));
#19644=CARTESIAN_POINT('',(96.437,0.386000000000001,4.11499999999995));
#19645=CARTESIAN_POINT('',(101.937003865061,0.386000000000001,-2.70189657973485E-7));
#19646=CARTESIAN_POINT('',(101.937003865061,-8.614,-2.70189657973485E-7));
#19647=CARTESIAN_POINT('',(101.937003865061,0.386000000000001,-2.70189657973485E-7));
#19648=CARTESIAN_POINT('',(101.937003865061,0.386000000000001,-2.70189657973485E-7));
#19649=CARTESIAN_POINT('',(101.937,0.385999999999999,0.));
#19650=CARTESIAN_POINT('',(101.937,0.385999999999999,2.94999999999998));
#19651=CARTESIAN_POINT('',(101.937003865061,-8.614,-2.70189657973485E-7));
#19652=CARTESIAN_POINT('',(101.937,9.48599999999981,0.));
#19653=CARTESIAN_POINT('',(101.937,5.399,0.));
#19654=CARTESIAN_POINT('',(101.937,5.486,0.));
#19655=CARTESIAN_POINT('',(101.937,5.486,4.64931157974151));
#19656=CARTESIAN_POINT('',(97.2876884202585,5.486,0.));
#19657=CARTESIAN_POINT('',(101.937,5.486,0.));
#19658=CARTESIAN_POINT('',(101.937,5.486,4.4));
#19659=CARTESIAN_POINT('',(101.937,9.48599999999981,0.));
#19660=CARTESIAN_POINT('',(101.937,7.55505989232415,0.));
#19661=CARTESIAN_POINT('',(101.937,7.55505989232415,4.4));
#19662=CARTESIAN_POINT('',(101.937,7.55505989232415,0.));
#19663=CARTESIAN_POINT('',(101.937,7.786,0.));
#19664=CARTESIAN_POINT('',(101.937,7.786,4.));
#19665=CARTESIAN_POINT('',(101.937,9.48599999999981,0.));
#19666=CARTESIAN_POINT('',(101.937,11.386,0.));
#19667=CARTESIAN_POINT('',(101.937,11.386,4.));
#19668=CARTESIAN_POINT('',(101.937,11.386,0.));
#19669=CARTESIAN_POINT('',(101.937,11.686,0.));
#19670=CARTESIAN_POINT('',(101.937,11.686,3.70000000000001));
#19671=CARTESIAN_POINT('',(98.237,11.686,0.));
#19672=CARTESIAN_POINT('',(101.937,11.686,0.));
#19673=CARTESIAN_POINT('',(101.937,11.686,3.25));
#19674=CARTESIAN_POINT('',(101.937,9.48599999999981,0.));
#19675=CARTESIAN_POINT('',(101.937,12.836,0.));
#19676=CARTESIAN_POINT('',(101.937,12.836,3.25));
#19677=CARTESIAN_POINT('',(98.687,12.836,0.));
#19678=CARTESIAN_POINT('',(101.937,12.836,0.));
#19679=CARTESIAN_POINT('',(101.937,12.836,3.35000000000001));
#19680=CARTESIAN_POINT('',(101.937,12.836,0.));
#19681=CARTESIAN_POINT('',(101.937,12.936,0.));
#19682=CARTESIAN_POINT('',(101.937,12.936,3.45000000000001));
#19683=CARTESIAN_POINT('',(101.937,9.48599999999981,0.));
#19684=CARTESIAN_POINT('',(101.937,13.336,0.));
#19685=CARTESIAN_POINT('',(101.937,13.336,3.45000000000001));
#19686=CARTESIAN_POINT('',(101.937,13.336,0.));
#19687=CARTESIAN_POINT('',(101.937,14.417286893008,0.));
#19688=CARTESIAN_POINT('',(101.937,14.417286893008,3.27874098062067));
#19689=CARTESIAN_POINT('',(101.937,14.386,0.));
#19690=CARTESIAN_POINT('',(101.937,14.586,0.));
#19691=CARTESIAN_POINT('',(101.937,14.586,3.08120331250164));
#19692=CARTESIAN_POINT('',(98.8557966874984,14.586,0.));
#19693=CARTESIAN_POINT('',(101.937,14.586,0.));
#19694=CARTESIAN_POINT('',(101.937,14.586,2.9));
#19695=CARTESIAN_POINT('',(101.937,9.48599999999981,0.));
#19696=CARTESIAN_POINT('',(101.937,9.586,0.));
#19697=CARTESIAN_POINT('',(101.937,9.586,2.9));
#19698=CARTESIAN_POINT('',(99.037,9.586,0.));
#19699=CARTESIAN_POINT('',(103.387,9.586,-1.075));
#19700=CARTESIAN_POINT('',(103.387,9.586,-1.575));
#19701=CARTESIAN_POINT('',(103.387,9.586,1.075));
#19702=CARTESIAN_POINT('',(103.387,9.586,0.575));
#19703=CARTESIAN_POINT('',(101.437,9.586,1.7));
#19704=CARTESIAN_POINT('',(101.437,9.586,1.2));
#19705=CARTESIAN_POINT('',(101.437,9.586,-1.7));
#19706=CARTESIAN_POINT('',(101.437,9.586,-2.2));
#19707=CARTESIAN_POINT('',(101.937,3.186,0.));
#19708=CARTESIAN_POINT('',(99.3389237886467,3.186,-4.5));
#19709=CARTESIAN_POINT('',(99.3389237886467,3.186,-4.5));
#19710=CARTESIAN_POINT('',(101.937,3.186,0.));
#19711=CARTESIAN_POINT('',(96.7408475772934,3.186,0.));
#19712=CARTESIAN_POINT('',(96.7408475772934,3.186,0.));
#19713=CARTESIAN_POINT('',(101.937,3.186,0.));
#19714=CARTESIAN_POINT('',(99.3389237886467,3.186,4.5));
#19715=CARTESIAN_POINT('',(99.3389237886467,3.186,4.5));
#19716=CARTESIAN_POINT('',(101.937,3.186,0.));
#19717=CARTESIAN_POINT('',(104.535076211353,3.186,4.5));
#19718=CARTESIAN_POINT('',(104.535076211353,3.186,4.5));
#19719=CARTESIAN_POINT('',(101.937,3.186,0.));
#19720=CARTESIAN_POINT('',(107.133152422707,3.186,0.));
#19721=CARTESIAN_POINT('',(107.133152422707,3.186,0.));
#19722=CARTESIAN_POINT('',(104.535076211353,3.186,-4.5));
#19723=CARTESIAN_POINT('',(104.535076211353,3.186,-4.5));
#19724=CARTESIAN_POINT('',(101.937,3.186,0.));
#19725=CARTESIAN_POINT('',(78.464,25.164,-1.75));
#19726=CARTESIAN_POINT('',(78.464,24.714,-1.75));
#19727=CARTESIAN_POINT('',(78.464,24.714,-1.25));
#19728=CARTESIAN_POINT('',(78.464,25.164,-1.75));
#19729=CARTESIAN_POINT('',(78.464,25.164,-1.75));
#19730=CARTESIAN_POINT('',(78.464,25.164,-1.7));
#19731=CARTESIAN_POINT('',(78.464,25.164,1.75));
#19732=CARTESIAN_POINT('',(78.464,24.714,1.75));
#19733=CARTESIAN_POINT('',(78.464,24.714,2.25));
#19734=CARTESIAN_POINT('',(78.464,25.164,1.75));
#19735=CARTESIAN_POINT('',(78.464,25.164,1.75));
#19736=CARTESIAN_POINT('',(78.464,25.164,1.8));
#19737=CARTESIAN_POINT('',(80.214,25.164,2.16840434497101E-16));
#19738=CARTESIAN_POINT('',(80.214,24.714,2.16840434497101E-16));
#19739=CARTESIAN_POINT('',(80.214,24.714,0.5));
#19740=CARTESIAN_POINT('',(80.214,25.164,2.16840434497101E-16));
#19741=CARTESIAN_POINT('',(80.214,25.164,2.16840434497101E-16));
#19742=CARTESIAN_POINT('',(80.214,25.164,0.0500000000000002));
#19743=CARTESIAN_POINT('',(101.437,14.186,-1.7));
#19744=CARTESIAN_POINT('',(101.437,13.736,-1.7));
#19745=CARTESIAN_POINT('',(101.437,13.736,-1.2));
#19746=CARTESIAN_POINT('',(101.437,14.186,-1.7));
#19747=CARTESIAN_POINT('',(101.437,14.186,-1.7));
#19748=CARTESIAN_POINT('',(101.437,14.186,-1.65));
#19749=CARTESIAN_POINT('',(101.437,14.186,1.7));
#19750=CARTESIAN_POINT('',(101.437,13.736,1.7));
#19751=CARTESIAN_POINT('',(101.437,13.736,2.2));
#19752=CARTESIAN_POINT('',(101.437,14.186,1.7));
#19753=CARTESIAN_POINT('',(101.437,14.186,1.7));
#19754=CARTESIAN_POINT('',(101.437,14.186,1.75));
#19755=CARTESIAN_POINT('',(103.387,14.186,1.075));
#19756=CARTESIAN_POINT('',(103.387,13.736,1.075));
#19757=CARTESIAN_POINT('',(103.387,13.736,1.575));
#19758=CARTESIAN_POINT('',(103.387,14.186,1.075));
#19759=CARTESIAN_POINT('',(103.387,14.186,1.075));
#19760=CARTESIAN_POINT('',(103.387,14.186,1.125));
#19761=CARTESIAN_POINT('',(103.387,14.186,-1.075));
#19762=CARTESIAN_POINT('',(103.387,13.736,-1.075));
#19763=CARTESIAN_POINT('',(103.387,13.736,-0.575));
#19764=CARTESIAN_POINT('',(103.387,14.186,-1.075));
#19765=CARTESIAN_POINT('',(103.387,14.186,-1.075));
#19766=CARTESIAN_POINT('',(103.387,14.186,-1.025));
#19767=CARTESIAN_POINT('',(78.464,24.714,-1.75));
#19768=CARTESIAN_POINT('',(80.214,24.714,2.16840434497101E-16));
#19769=CARTESIAN_POINT('',(78.464,24.714,1.75));
#19770=CARTESIAN_POINT('',(103.387,13.736,1.075));
#19771=CARTESIAN_POINT('',(101.437,13.736,-1.7));
#19772=CARTESIAN_POINT('',(103.387,13.736,-1.075));
#19773=CARTESIAN_POINT('',(101.437,13.736,1.7));
#19774=CARTESIAN_POINT('',(29.,-8.75,0.));
#19775=CARTESIAN_POINT('',(-6.,2.70065810987374E-32,0.));
#19776=CARTESIAN_POINT('',(-6.,4.81482486096809E-32,0.));
#19777=CARTESIAN_POINT('',(-6.,2.79999999999999,0.));
#19778=CARTESIAN_POINT('',(-6.,4.81482486096809E-32,0.));
#19779=CARTESIAN_POINT('',(-5.3,9.72229570860614E-17,0.));
#19780=CARTESIAN_POINT('',(-5.3,3.49999999999999,0.));
#19781=CARTESIAN_POINT('',(-4.40129092854134,2.22044604925031E-16,0.));
#19782=CARTESIAN_POINT('',(-0.7,7.36116675080178E-16,0.));
#19783=CARTESIAN_POINT('',(-0.7,3.5,0.));
#19784=CARTESIAN_POINT('',(-0.7,7.36116675080178E-16,0.));
#19785=CARTESIAN_POINT('',(0.,8.33339632166239E-16,0.));
#19786=CARTESIAN_POINT('',(-3.88891828344245E-16,2.8,0.));
#19787=CARTESIAN_POINT('',(-1.09766084102024E-16,2.8,0.));
#19788=CARTESIAN_POINT('',(0.,8.33339632166239E-16,0.));
#19789=CARTESIAN_POINT('',(-2.77779877388746E-16,2.,0.));
#19790=CARTESIAN_POINT('',(0.,8.33339632166239E-16,0.));
#19791=CARTESIAN_POINT('',(-0.267949192431123,1.5,0.866025403784439));
#19792=CARTESIAN_POINT('',(-0.402147983289918,1.5,0.597627822066848));
#19793=CARTESIAN_POINT('',(-0.597708498880246,1.5,0.00142231224205909));
#19794=CARTESIAN_POINT('',(-0.402434046101256,1.5,-0.59705569644425));
#19795=CARTESIAN_POINT('',(-0.26794919243115,1.5,-0.866025403784456));
#19796=CARTESIAN_POINT('',(-0.267949192431123,1.5,0.866025403784438));
#19797=CARTESIAN_POINT('',(-0.267949192431123,1.5,-0.866025403784439));
#19798=CARTESIAN_POINT('',(-0.267949192431123,1.5,-0.866025403784439));
#19799=CARTESIAN_POINT('',(-0.403277073717385,1.26560523393154,-1.0013532850707));
#19800=CARTESIAN_POINT('',(-0.596317069634519,0.754834462109739,-1.29624692767621));
#19801=CARTESIAN_POINT('',(-0.404075216773022,0.235777190391494,-1.59592478322757));
#19802=CARTESIAN_POINT('',(-0.267949192431601,-1.65475088507721E-13,-1.73205080756897));
#19803=CARTESIAN_POINT('',(-0.267949192431122,0.,-1.73205080756888));
#19804=CARTESIAN_POINT('',(-0.267949192431122,-1.26373304573167E-17,-1.73205080756888));
#19805=CARTESIAN_POINT('',(-0.403277073717384,-0.234394766068456,-1.59672292628261));
#19806=CARTESIAN_POINT('',(-0.596317069634518,-0.745165537890261,-1.3018292836771));
#19807=CARTESIAN_POINT('',(-0.404075216773021,-1.26422280960851,-1.00215142812574));
#19808=CARTESIAN_POINT('',(-0.2679491924316,-1.50000000000017,-0.866025403784343));
#19809=CARTESIAN_POINT('',(-0.267949192431121,-1.5,-0.866025403784439));
#19810=CARTESIAN_POINT('',(-0.267949192431121,-1.5,-0.866025403784439));
#19811=CARTESIAN_POINT('',(-0.402147983289916,-1.5,-0.597627822066848));
#19812=CARTESIAN_POINT('',(-0.597708498880244,-1.5,-0.00142231224205947));
#19813=CARTESIAN_POINT('',(-0.402434046101254,-1.5,0.597055696444249));
#19814=CARTESIAN_POINT('',(-0.267949192431149,-1.5,0.866025403784456));
#19815=CARTESIAN_POINT('',(-0.267949192431121,-1.5,0.866025403784439));
#19816=CARTESIAN_POINT('',(-0.267949192431121,-1.5,0.866025403784439));
#19817=CARTESIAN_POINT('',(-0.403277073717383,-1.26560523393154,1.0013532850707));
#19818=CARTESIAN_POINT('',(-0.596317069634518,-0.754834462109739,1.29624692767621));
#19819=CARTESIAN_POINT('',(-0.404075216773022,-0.235777190391494,1.59592478322757));
#19820=CARTESIAN_POINT('',(-0.267949192431601,1.65475078995144E-13,1.73205080756897));
#19821=CARTESIAN_POINT('',(-0.267949192431122,4.04723939851904E-17,1.73205080756888));
#19822=CARTESIAN_POINT('',(-0.267949192431122,4.79393322896379E-17,1.73205080756888));
#19823=CARTESIAN_POINT('',(-0.403277073717385,0.234394766068456,1.59672292628261));
#19824=CARTESIAN_POINT('',(-0.596317069634519,0.745165537890261,1.3018292836771));
#19825=CARTESIAN_POINT('',(-0.404075216773023,1.26422280960851,1.00215142812574));
#19826=CARTESIAN_POINT('',(-0.267949192431602,1.50000000000017,0.866025403784343));
#19827=CARTESIAN_POINT('',(-3.5,-1.5,0.866025403784439));
#19828=CARTESIAN_POINT('',(-3.5,-1.5,-0.866025403784439));
#19829=CARTESIAN_POINT('',(-3.5,-1.5,-0.866025403784439));
#19830=CARTESIAN_POINT('',(-3.5,-1.5,0.866025403784439));
#19831=CARTESIAN_POINT('',(-3.5,-1.5,-3.46727512910949E-16));
#19832=CARTESIAN_POINT('',(-3.5,-1.5,0.866025403784439));
#19833=CARTESIAN_POINT('',(-3.5,-1.5,0.866025403784439));
#19834=CARTESIAN_POINT('',(-3.5,-1.5,0.866025403784439));
#19835=CARTESIAN_POINT('',(-3.5,-1.5,-0.866025403784439));
#19836=CARTESIAN_POINT('',(-3.5,0.,-1.73205080756888));
#19837=CARTESIAN_POINT('',(-3.5,0.,-1.73205080756888));
#19838=CARTESIAN_POINT('',(-3.5,-1.5,-0.866025403784439));
#19839=CARTESIAN_POINT('',(-3.5,-0.75,-1.29903810567666));
#19840=CARTESIAN_POINT('',(-3.5,-1.5,-0.866025403784439));
#19841=CARTESIAN_POINT('',(-3.5,0.,-1.73205080756888));
#19842=CARTESIAN_POINT('',(-3.5,1.5,-0.866025403784439));
#19843=CARTESIAN_POINT('',(-3.5,1.5,-0.866025403784439));
#19844=CARTESIAN_POINT('',(-3.5,0.,-1.73205080756888));
#19845=CARTESIAN_POINT('',(-3.5,0.75,-1.29903810567666));
#19846=CARTESIAN_POINT('',(-3.5,0.,-1.73205080756888));
#19847=CARTESIAN_POINT('',(-3.5,1.5,-0.866025403784439));
#19848=CARTESIAN_POINT('',(-3.5,1.5,0.866025403784438));
#19849=CARTESIAN_POINT('',(-3.5,1.5,0.866025403784438));
#19850=CARTESIAN_POINT('',(-3.5,1.5,-0.866025403784439));
#19851=CARTESIAN_POINT('',(-3.5,1.5,-3.46727512910949E-16));
#19852=CARTESIAN_POINT('',(-3.5,1.5,-0.866025403784439));
#19853=CARTESIAN_POINT('',(-3.5,1.5,0.866025403784439));
#19854=CARTESIAN_POINT('',(-3.5,0.,1.73205080756888));
#19855=CARTESIAN_POINT('',(-3.5,0.,1.73205080756888));
#19856=CARTESIAN_POINT('',(-3.5,1.5,0.866025403784439));
#19857=CARTESIAN_POINT('',(-3.5,0.75,1.29903810567666));
#19858=CARTESIAN_POINT('',(-3.5,1.5,0.866025403784439));
#19859=CARTESIAN_POINT('',(-3.5,0.,1.73205080756888));
#19860=CARTESIAN_POINT('',(-3.5,0.,1.73205080756888));
#19861=CARTESIAN_POINT('',(-3.5,-0.75,1.29903810567666));
#19862=CARTESIAN_POINT('',(-3.5,0.,1.73205080756888));
#19863=CARTESIAN_POINT('',(-3.5,0.,0.));
#19864=CARTESIAN_POINT('',(-3.5,3.47224846735933E-16,0.));
#19865=CARTESIAN_POINT('',(-3.5,0.,0.));
#19866=CARTESIAN_POINT('',(-3.5,3.47224846735933E-16,0.));
#19867=CARTESIAN_POINT('',(-3.5,0.,0.));
#19868=CARTESIAN_POINT('',(-3.5,3.47224846735933E-16,0.));
#19869=CARTESIAN_POINT('',(-3.5,0.,0.));
#19870=CARTESIAN_POINT('',(-3.5,3.47224846735933E-16,0.));
#19871=CARTESIAN_POINT('',(-3.5,0.,0.));
#19872=CARTESIAN_POINT('',(-3.5,3.47224846735933E-16,0.));
#19873=CARTESIAN_POINT('',(-3.5,0.,0.));
#19874=CARTESIAN_POINT('',(-3.5,3.47224846735933E-16,0.));
#19875=CARTESIAN_POINT('',(-3.5,3.47224846735933E-16,0.));
#19876=CARTESIAN_POINT('',(-4.40129092854134,2.16840434497101E-16,0.));
#19877=CARTESIAN_POINT('',(33.9063788431641,-8.25,14.0444819677987));
#19878=CARTESIAN_POINT('',(33.9063788431641,-8.25,-14.0444819677987));
#19879=CARTESIAN_POINT('',(0.,0.,0.));
#19880=CARTESIAN_POINT('',(4.63382516454628E-12,-5.76963619837605E-13,0.866025403784772));
#19881=CARTESIAN_POINT('',(0.0816398401134296,0.244919520325528,0.724621052794701));
#19882=CARTESIAN_POINT('',(0.0817413635631055,0.504775909318282,0.574592896659091));
#19883=CARTESIAN_POINT('',(2.3645159164201E-12,0.750000000000339,0.433012701892024));
#19884=CARTESIAN_POINT('',(0.,0.,0.866025403784439));
#19885=CARTESIAN_POINT('',(-4.59242549680257E-17,0.75,0.433012701892219));
#19886=CARTESIAN_POINT('',(0.,0.,0.));
#19887=CARTESIAN_POINT('',(0.,0.,0.));
#19888=CARTESIAN_POINT('',(4.63382994172111E-12,-0.750000000000577,0.433012701891886));
#19889=CARTESIAN_POINT('',(0.0816398401134297,-0.505080479674472,0.574417052881957));
#19890=CARTESIAN_POINT('',(0.0817413635631056,-0.245224090681718,0.724445209017568));
#19891=CARTESIAN_POINT('',(2.36454300948029E-12,3.39222801222598E-13,0.866025403784634));
#19892=CARTESIAN_POINT('',(0.,-0.75,0.433012701892219));
#19893=CARTESIAN_POINT('',(0.,0.,0.));
#19894=CARTESIAN_POINT('',(0.,0.,0.));
#19895=CARTESIAN_POINT('',(9.97664894264952E-14,-0.75,-0.433012701892241));
#19896=CARTESIAN_POINT('',(0.0813129711011008,-0.75,-0.151336307369624));
#19897=CARTESIAN_POINT('',(0.0814445663492953,-0.75,0.150880448057447));
#19898=CARTESIAN_POINT('',(4.22972747131004E-15,-0.75,0.43301270189222));
#19899=CARTESIAN_POINT('',(0.,-0.75,-0.433012701892219));
#19900=CARTESIAN_POINT('',(0.,0.,0.));
#19901=CARTESIAN_POINT('',(0.,0.,0.));
#19902=CARTESIAN_POINT('',(4.6338251633055E-12,5.76963623146327E-13,-0.866025403784772));
#19903=CARTESIAN_POINT('',(0.0816398401134297,-0.244919520325528,-0.724621052794701));
#19904=CARTESIAN_POINT('',(0.0817413635631055,-0.504775909318282,-0.57459289665909));
#19905=CARTESIAN_POINT('',(2.36455385857441E-12,-0.750000000000339,-0.433012701892024));
#19906=CARTESIAN_POINT('',(0.,0.,-0.866025403784439));
#19907=CARTESIAN_POINT('',(0.,0.,0.));
#19908=CARTESIAN_POINT('',(0.,0.,0.));
#19909=CARTESIAN_POINT('',(4.63373809406743E-12,0.750000000000577,-0.433012701891886));
#19910=CARTESIAN_POINT('',(0.0816398401134296,0.505080479674472,-0.574417052881957));
#19911=CARTESIAN_POINT('',(0.0817413635631056,0.245224090681717,-0.724445209017568));
#19912=CARTESIAN_POINT('',(2.36448865564903E-12,-3.39385863336751E-13,-0.866025403784635));
#19913=CARTESIAN_POINT('',(0.,0.75,-0.433012701892219));
#19914=CARTESIAN_POINT('',(0.,0.,0.));
#19915=CARTESIAN_POINT('',(0.,0.,0.));
#19916=CARTESIAN_POINT('',(9.96144962297096E-14,0.75,0.433012701892241));
#19917=CARTESIAN_POINT('',(0.0813129711011008,0.75,0.151336307369624));
#19918=CARTESIAN_POINT('',(0.0814445663492953,0.75,-0.150880448057447));
#19919=CARTESIAN_POINT('',(4.1377504672657E-15,0.75,-0.43301270189222));
#19920=CARTESIAN_POINT('',(0.,0.,0.));
#19921=CARTESIAN_POINT('',(3.,1.83697019872103E-16,0.));
#19922=CARTESIAN_POINT('',(3.,1.83697019872103E-16,0.));
#19923=CARTESIAN_POINT('',(3.,-1.,0.));
#19924=CARTESIAN_POINT('',(3.,1.83697019872103E-16,0.));
#19925=CARTESIAN_POINT('',(2.5,1.53080849893419E-16,0.));
#19926=CARTESIAN_POINT('',(2.5,-1.5,0.));
#19927=CARTESIAN_POINT('',(0.5,3.06161699786838E-17,0.));
#19928=CARTESIAN_POINT('',(0.17695785750662,1.08355436889728E-17,0.));
#19929=CARTESIAN_POINT('',(0.17695785750662,-1.5,0.));
#19930=CARTESIAN_POINT('',(0.17695785750662,1.08355436889728E-17,0.));
#19931=CARTESIAN_POINT('',(0.,0.,0.));
#19932=CARTESIAN_POINT('',(7.30807977391183E-17,-1.1935,0.));
#19933=CARTESIAN_POINT('',(7.71979803377656E-17,-1.1935,0.));
#19934=CARTESIAN_POINT('',(1.2,0.75,0.433012701892219));
#19935=CARTESIAN_POINT('',(1.2,0.75,0.433012701892219));
#19936=CARTESIAN_POINT('',(1.2,0.75,0.433012701892219));
#19937=CARTESIAN_POINT('',(1.2,0.75,0.433012701892219));
#19938=CARTESIAN_POINT('',(1.2,0.,0.866025403784439));
#19939=CARTESIAN_POINT('',(1.2,0.,0.866025403784439));
#19940=CARTESIAN_POINT('',(1.2,0.,0.866025403784439));
#19941=CARTESIAN_POINT('',(1.2,0.,0.866025403784439));
#19942=CARTESIAN_POINT('',(1.2,-0.75,0.433012701892219));
#19943=CARTESIAN_POINT('',(1.2,-0.75,0.433012701892219));
#19944=CARTESIAN_POINT('',(1.2,-0.75,0.433012701892219));
#19945=CARTESIAN_POINT('',(1.2,-0.75,0.433012701892219));
#19946=CARTESIAN_POINT('',(1.2,-0.75,-0.433012701892219));
#19947=CARTESIAN_POINT('',(1.2,-0.75,-0.433012701892219));
#19948=CARTESIAN_POINT('',(1.2,-0.75,-0.433012701892219));
#19949=CARTESIAN_POINT('',(1.2,-0.75,-0.433012701892219));
#19950=CARTESIAN_POINT('',(1.2,0.,-0.866025403784439));
#19951=CARTESIAN_POINT('',(1.2,0.,-0.866025403784439));
#19952=CARTESIAN_POINT('',(1.2,0.,-0.866025403784439));
#19953=CARTESIAN_POINT('',(1.2,0.,-0.866025403784439));
#19954=CARTESIAN_POINT('',(1.2,0.75,-0.433012701892219));
#19955=CARTESIAN_POINT('',(1.2,0.75,-0.433012701892219));
#19956=CARTESIAN_POINT('',(1.2,0.75,-0.433012701892219));
#19957=CARTESIAN_POINT('',(1.2,0.75,-0.433012701892219));
#19958=CARTESIAN_POINT('',(1.2,0.,0.));
#19959=CARTESIAN_POINT('',(28.9565018035393,-8.25,-23.0330415555919));
#19960=CARTESIAN_POINT('',(-6.,2.2,0.));
#19961=CARTESIAN_POINT('',(-6.,2.7150635094611,0.297372055837117));
#19962=CARTESIAN_POINT('',(-6.,2.88675134594813,0.));
#19963=CARTESIAN_POINT('',(-6.,1.44337567297406,2.5));
#19964=CARTESIAN_POINT('',(-6.,2.2,2.5));
#19965=CARTESIAN_POINT('',(-6.,-1.44337567297406,2.5));
#19966=CARTESIAN_POINT('',(-6.,-1.6150635094611,2.20262794416288));
#19967=CARTESIAN_POINT('',(-6.,-2.88675134594813,0.));
#19968=CARTESIAN_POINT('',(-6.,-1.6150635094611,-2.20262794416288));
#19969=CARTESIAN_POINT('',(-6.,-1.44337567297406,-2.5));
#19970=CARTESIAN_POINT('',(-6.,2.2,-2.5));
#19971=CARTESIAN_POINT('',(-6.,1.44337567297406,-2.5));
#19972=CARTESIAN_POINT('',(-6.,2.7150635094611,-0.297372055837117));
#19973=CARTESIAN_POINT('',(-6.,0.,0.));
#19974=CARTESIAN_POINT('',(-6.,0.,-4.40000000000001));
#19975=CARTESIAN_POINT('',(-5.4,0.,0.));
#19976=CARTESIAN_POINT('',(-5.4,0.,0.));
#19977=CARTESIAN_POINT('',(-5.4,0.,-5.));
#19978=CARTESIAN_POINT('',(23.,0.,0.));
#19979=CARTESIAN_POINT('',(0.,0.,0.));
#19980=CARTESIAN_POINT('',(0.,0.,-5.));
#19981=CARTESIAN_POINT('',(-4.33680868994202E-16,5.,0.));
#19982=CARTESIAN_POINT('',(0.,0.,0.));
#19983=CARTESIAN_POINT('',(0.,0.,-3.4));
#19984=CARTESIAN_POINT('',(0.25,0.,0.));
#19985=CARTESIAN_POINT('',(0.167656960920425,0.,0.));
#19986=CARTESIAN_POINT('',(0.167656960920425,0.,-3.16394995463856));
#19987=CARTESIAN_POINT('',(0.167656960920425,0.,0.));
#19988=CARTESIAN_POINT('',(0.597656960920425,0.,0.));
#19989=CARTESIAN_POINT('',(0.597656960920425,0.,-3.01394995463856));
#19990=CARTESIAN_POINT('',(0.680000000000004,0.,0.));
#19991=CARTESIAN_POINT('',(0.68,0.,0.));
#19992=CARTESIAN_POINT('',(0.68,0.,-3.));
#19993=CARTESIAN_POINT('',(23.,0.,0.));
#19994=CARTESIAN_POINT('',(19.3865,0.,0.));
#19995=CARTESIAN_POINT('',(19.3865,0.,-3.));
#19996=CARTESIAN_POINT('',(19.3865,0.,0.));
#19997=CARTESIAN_POINT('',(20.,0.,0.));
#19998=CARTESIAN_POINT('',(20.,0.,-2.3865));
#19999=CARTESIAN_POINT('',(20.,2.3865,0.));
#20000=CARTESIAN_POINT('',(-2.3,0.,0.));
#20001=CARTESIAN_POINT('',(-2.3,1.44337567297406,2.5));
#20002=CARTESIAN_POINT('',(-2.3,1.44337567297406,2.5));
#20003=CARTESIAN_POINT('',(-2.3,-1.44337567297406,2.5));
#20004=CARTESIAN_POINT('',(-2.3,2.88675134594813,0.));
#20005=CARTESIAN_POINT('',(-2.3,2.88675134594813,0.));
#20006=CARTESIAN_POINT('',(-2.3,1.44337567297406,-2.5));
#20007=CARTESIAN_POINT('',(-2.3,1.44337567297406,-2.5));
#20008=CARTESIAN_POINT('',(-2.3,-1.44337567297406,-2.5));
#20009=CARTESIAN_POINT('',(-2.3,-1.44337567297406,-2.5));
#20010=CARTESIAN_POINT('',(-2.3,-2.88675134594813,0.));
#20011=CARTESIAN_POINT('',(-2.3,-2.88675134594813,0.));
#20012=CARTESIAN_POINT('',(-2.3,-1.44337567297406,2.5));
#20013=CARTESIAN_POINT('',(-2.3,0.,0.));
#20014=CARTESIAN_POINT('',(-2.3,0.,-2.2));
#20015=CARTESIAN_POINT('',(-8.3,1.44337567297406,2.5));
#20016=CARTESIAN_POINT('',(-8.3,1.44337567297406,2.5));
#20017=CARTESIAN_POINT('',(-8.3,-1.44337567297406,2.5));
#20018=CARTESIAN_POINT('',(-8.3,-1.44337567297406,2.5));
#20019=CARTESIAN_POINT('',(-8.3,-2.88675134594813,0.));
#20020=CARTESIAN_POINT('',(-8.3,-2.88675134594813,0.));
#20021=CARTESIAN_POINT('',(-8.3,-1.44337567297406,-2.5));
#20022=CARTESIAN_POINT('',(-8.3,-1.44337567297406,-2.5));
#20023=CARTESIAN_POINT('',(-8.3,1.44337567297406,-2.5));
#20024=CARTESIAN_POINT('',(-8.3,1.44337567297406,-2.5));
#20025=CARTESIAN_POINT('',(-8.3,2.88675134594813,0.));
#20026=CARTESIAN_POINT('',(-8.3,2.88675134594813,0.));
#20027=CARTESIAN_POINT('',(-1.02982940778283,0.,0.));
#20028=CARTESIAN_POINT('',(-1.02982940778283,0.,0.));
#20029=CARTESIAN_POINT('',(-17.6776695296637,-5.5,-17.6776695296637));
#20030=CARTESIAN_POINT('',(6.00000000000005,0.,1.02999206386123E-14));
#20031=CARTESIAN_POINT('',(0.591673086804016,0.,0.));
#20032=CARTESIAN_POINT('',(0.591673086804016,0.,-2.59807621135332));
#20033=CARTESIAN_POINT('',(0.1,0.,1.02999206386123E-14));
#20034=CARTESIAN_POINT('',(0.1,0.,1.09087121146359));
#20035=CARTESIAN_POINT('',(0.591673086804016,0.,0.));
#20036=CARTESIAN_POINT('',(2.09167308680401,0.,0.));
#20037=CARTESIAN_POINT('',(2.09167308680401,0.,-3.));
#20038=CARTESIAN_POINT('',(18.,0.,0.));
#20039=CARTESIAN_POINT('',(17.1961524227066,0.,0.));
#20040=CARTESIAN_POINT('',(17.1961524227066,0.,-3.));
#20041=CARTESIAN_POINT('',(12.,0.,8.23993651088983E-15));
#20042=CARTESIAN_POINT('',(0.1,0.,-25.));
#20043=CARTESIAN_POINT('',(0.1,0.,-2.8421709430404E-14));
#20044=CARTESIAN_POINT('',(0.1,0.,0.0999999999999261));
#20045=CARTESIAN_POINT('',(0.2,0.,-5.6843418860808E-14));
#20046=CARTESIAN_POINT('',(0.200000000000028,0.,-5.68434188608161E-14));
#20047=CARTESIAN_POINT('',(0.2,0.,-0.0999999999999659));
#20048=CARTESIAN_POINT('',(0.199999999999986,0.,-0.0999999999999659));
#20049=CARTESIAN_POINT('',(-25.,9.,-1.10218211923262E-15));
#20050=CARTESIAN_POINT('',(-17.6776695296637,-5.5,17.6776695296637));
#20051=CARTESIAN_POINT('',(17.6776695296637,-5.5,17.6776695296637));
#20052=CARTESIAN_POINT('',(17.6776695296637,-5.5,-17.6776695296637));
#20053=CARTESIAN_POINT('',(0.,0.,0.));
#20054=CARTESIAN_POINT('',(3.47547804718849E-12,-4.32577731830314E-13,1.1547005383795));
#20055=CARTESIAN_POINT('',(0.108853361567063,0.326560084690117,0.966160985576825));
#20056=CARTESIAN_POINT('',(0.108988815719707,0.673033552846571,0.766124435469634));
#20057=CARTESIAN_POINT('',(1.77123266074967E-12,1.00000000000025,0.577350269189479));
#20058=CARTESIAN_POINT('',(0.,0.,1.15470053837925));
#20059=CARTESIAN_POINT('',(-6.12323399573677E-17,1.,0.577350269189626));
#20060=CARTESIAN_POINT('',(0.,0.,0.));
#20061=CARTESIAN_POINT('',(0.,0.,0.));
#20062=CARTESIAN_POINT('',(3.47552753140748E-12,-1.00000000000043,0.577350269189376));
#20063=CARTESIAN_POINT('',(0.108853361567063,-0.673439915309883,0.765889821992052));
#20064=CARTESIAN_POINT('',(0.108988815719708,-0.326966447153429,0.965926372099244));
#20065=CARTESIAN_POINT('',(1.7715326597191E-12,2.54023052132258E-13,1.1547005383794));
#20066=CARTESIAN_POINT('',(0.,-1.,0.577350269189626));
#20067=CARTESIAN_POINT('',(0.,0.,0.));
#20068=CARTESIAN_POINT('',(0.,0.,0.));
#20069=CARTESIAN_POINT('',(1.33016398021229E-13,-1.,-0.577350269189655));
#20070=CARTESIAN_POINT('',(0.10841731554195,-1.,-0.201781671312361));
#20071=CARTESIAN_POINT('',(0.108592711494631,-1.,0.201174081908906));
#20072=CARTESIAN_POINT('',(6.17794460902556E-15,-1.,0.577350269189626));
#20073=CARTESIAN_POINT('',(0.,-1.,-0.577350269189626));
#20074=CARTESIAN_POINT('',(0.,0.,0.));
#20075=CARTESIAN_POINT('',(0.,0.,0.));
#20076=CARTESIAN_POINT('',(3.47547804553413E-12,4.32577789732957E-13,-1.1547005383795));
#20077=CARTESIAN_POINT('',(0.108853361567063,-0.326560084690117,-0.966160985576826));
#20078=CARTESIAN_POINT('',(0.108988815719707,-0.673033552846571,-0.766124435469634));
#20079=CARTESIAN_POINT('',(1.77146504990494E-12,-1.00000000000025,-0.577350269189479));
#20080=CARTESIAN_POINT('',(0.,0.,-1.15470053837925));
#20081=CARTESIAN_POINT('',(0.,0.,0.));
#20082=CARTESIAN_POINT('',(0.,0.,0.));
#20083=CARTESIAN_POINT('',(3.47540506731779E-12,1.00000000000043,-0.577350269189376));
#20084=CARTESIAN_POINT('',(0.108853361567063,0.673439915309883,-0.765889821992052));
#20085=CARTESIAN_POINT('',(0.108988815719708,0.326966447153429,-0.965926372099244));
#20086=CARTESIAN_POINT('',(1.77153266106327E-12,-2.54023048823536E-13,-1.1547005383794));
#20087=CARTESIAN_POINT('',(0.,1.,-0.577350269189626));
#20088=CARTESIAN_POINT('',(0.,0.,0.));
#20089=CARTESIAN_POINT('',(0.,0.,0.));
#20090=CARTESIAN_POINT('',(1.32897073909146E-13,1.,0.577350269189654));
#20091=CARTESIAN_POINT('',(0.10841731554195,1.,0.201781671312361));
#20092=CARTESIAN_POINT('',(0.108592711494631,1.,-0.201174081908908));
#20093=CARTESIAN_POINT('',(5.56690008667804E-15,1.,-0.577350269189628));
#20094=CARTESIAN_POINT('',(0.,0.,0.));
#20095=CARTESIAN_POINT('',(4.,2.44929359829471E-16,0.));
#20096=CARTESIAN_POINT('',(4.,2.44929359829471E-16,0.));
#20097=CARTESIAN_POINT('',(4.,-1.25,0.));
#20098=CARTESIAN_POINT('',(4.,2.44929359829471E-16,0.));
#20099=CARTESIAN_POINT('',(3.25,1.99005104861445E-16,0.));
#20100=CARTESIAN_POINT('',(3.25,-2.,0.));
#20101=CARTESIAN_POINT('',(0.666666666666667,4.08215599715784E-17,0.));
#20102=CARTESIAN_POINT('',(0.247971940616944,1.51839021677449E-17,0.));
#20103=CARTESIAN_POINT('',(0.247971940616945,-2.,0.));
#20104=CARTESIAN_POINT('',(0.247971940616944,1.51839021677449E-17,0.));
#20105=CARTESIAN_POINT('',(0.,0.,0.));
#20106=CARTESIAN_POINT('',(9.61653899030459E-17,-1.5705,0.));
#20107=CARTESIAN_POINT('',(1.02292803575798E-16,-1.5705,0.));
#20108=CARTESIAN_POINT('',(1.5,1.,0.577350269189626));
#20109=CARTESIAN_POINT('',(1.5,1.,0.577350269189626));
#20110=CARTESIAN_POINT('',(1.5,1.,0.577350269189626));
#20111=CARTESIAN_POINT('',(1.5,1.,0.577350269189626));
#20112=CARTESIAN_POINT('',(1.5,0.,1.15470053837925));
#20113=CARTESIAN_POINT('',(1.5,0.,1.15470053837925));
#20114=CARTESIAN_POINT('',(1.5,0.,1.15470053837925));
#20115=CARTESIAN_POINT('',(1.5,0.,1.15470053837925));
#20116=CARTESIAN_POINT('',(1.5,-1.,0.577350269189626));
#20117=CARTESIAN_POINT('',(1.5,-1.,0.577350269189626));
#20118=CARTESIAN_POINT('',(1.5,-1.,0.577350269189626));
#20119=CARTESIAN_POINT('',(1.5,-1.,0.577350269189626));
#20120=CARTESIAN_POINT('',(1.5,-1.,-0.577350269189626));
#20121=CARTESIAN_POINT('',(1.5,-1.,-0.577350269189626));
#20122=CARTESIAN_POINT('',(1.5,-1.,-0.577350269189626));
#20123=CARTESIAN_POINT('',(1.5,-1.,-0.577350269189626));
#20124=CARTESIAN_POINT('',(1.5,0.,-1.15470053837925));
#20125=CARTESIAN_POINT('',(1.5,0.,-1.15470053837925));
#20126=CARTESIAN_POINT('',(1.5,0.,-1.15470053837925));
#20127=CARTESIAN_POINT('',(1.5,0.,-1.15470053837925));
#20128=CARTESIAN_POINT('',(1.5,1.,-0.577350269189626));
#20129=CARTESIAN_POINT('',(1.5,1.,-0.577350269189626));
#20130=CARTESIAN_POINT('',(1.5,1.,-0.577350269189626));
#20131=CARTESIAN_POINT('',(1.5,1.,-0.577350269189626));
#20132=CARTESIAN_POINT('',(1.5,0.,0.));
#20133=CARTESIAN_POINT('',(-12.6547453030497,-12.55,34.7686269690786));
#20134=CARTESIAN_POINT('',(4.33680868994202E-16,4.33680868994202E-16,6.));
#20135=CARTESIAN_POINT('',(-5.,-14.,6.));
#20136=CARTESIAN_POINT('',(-5.,-14.,6.));
#20137=CARTESIAN_POINT('',(-3.,-14.,6.));
#20138=CARTESIAN_POINT('',(-3.,4.33680868994202E-16,6.));
#20139=CARTESIAN_POINT('',(-3.,-12.,6.));
#20140=CARTESIAN_POINT('',(4.33680868994202E-16,-12.,6.));
#20141=CARTESIAN_POINT('',(3.,-12.,6.));
#20142=CARTESIAN_POINT('',(3.,4.33680868994202E-16,6.));
#20143=CARTESIAN_POINT('',(3.,-14.,6.));
#20144=CARTESIAN_POINT('',(-5.,-14.,6.));
#20145=CARTESIAN_POINT('',(5.,-14.,6.));
#20146=CARTESIAN_POINT('',(5.,-14.,6.));
#20147=CARTESIAN_POINT('',(5.,-5.,6.));
#20148=CARTESIAN_POINT('',(-5.,-5.,6.));
#20149=CARTESIAN_POINT('',(3.,-5.,6.));
#20150=CARTESIAN_POINT('',(3.,4.33680868994202E-16,6.));
#20151=CARTESIAN_POINT('',(3.,-7.,6.));
#20152=CARTESIAN_POINT('',(4.33680868994202E-16,-7.,6.));
#20153=CARTESIAN_POINT('',(-3.,-7.,6.));
#20154=CARTESIAN_POINT('',(-3.,4.33680868994202E-16,6.));
#20155=CARTESIAN_POINT('',(-3.,-5.,6.));
#20156=CARTESIAN_POINT('',(-5.,-5.,6.));
#20157=CARTESIAN_POINT('',(-5.,-5.,6.));
#20158=CARTESIAN_POINT('',(-5.,0.,6.));
#20159=CARTESIAN_POINT('',(10.,-7.,5.));
#20160=CARTESIAN_POINT('',(10.,-12.,5.));
#20161=CARTESIAN_POINT('',(5.,-12.,5.));
#20162=CARTESIAN_POINT('',(3.,-12.,5.));
#20163=CARTESIAN_POINT('',(10.,-12.,5.));
#20164=CARTESIAN_POINT('',(-3.,-12.,5.));
#20165=CARTESIAN_POINT('',(10.,-12.,5.));
#20166=CARTESIAN_POINT('',(-5.,-12.,5.));
#20167=CARTESIAN_POINT('',(-5.,0.,5.));
#20168=CARTESIAN_POINT('',(-5.,-7.,5.));
#20169=CARTESIAN_POINT('',(10.,-7.,5.));
#20170=CARTESIAN_POINT('',(-3.,-7.,5.));
#20171=CARTESIAN_POINT('',(10.,-7.,5.));
#20172=CARTESIAN_POINT('',(3.,-7.,5.));
#20173=CARTESIAN_POINT('',(10.,-7.,5.));
#20174=CARTESIAN_POINT('',(5.,-7.,5.));
#20175=CARTESIAN_POINT('',(5.,-14.,5.));
#20176=CARTESIAN_POINT('',(-5.,-14.,6.));
#20177=CARTESIAN_POINT('',(-3.00000000000008,-14.,6.00000000000005));
#20178=CARTESIAN_POINT('',(-3.,-14.,2.8));
#20179=CARTESIAN_POINT('',(-5.,-14.,6.));
#20180=CARTESIAN_POINT('',(-5.,-14.,0.));
#20181=CARTESIAN_POINT('',(-5.,-14.,0.));
#20182=CARTESIAN_POINT('',(5.,-14.,0.));
#20183=CARTESIAN_POINT('',(5.,-14.,6.));
#20184=CARTESIAN_POINT('',(3.,-14.,6.));
#20185=CARTESIAN_POINT('',(3.,-14.,2.8));
#20186=CARTESIAN_POINT('',(-5.,-14.,2.8));
#20187=CARTESIAN_POINT('',(-5.,-5.,2.8));
#20188=CARTESIAN_POINT('',(-3.,-5.,2.80000000000005));
#20189=CARTESIAN_POINT('',(-3.,-5.,2.8));
#20190=CARTESIAN_POINT('',(-5.,-5.,2.8));
#20191=CARTESIAN_POINT('',(-5.,-5.,2.8));
#20192=CARTESIAN_POINT('',(-5.,-5.,2.8));
#20193=CARTESIAN_POINT('',(-5.,-5.,2.8));
#20194=CARTESIAN_POINT('',(3.,-5.,2.8));
#20195=CARTESIAN_POINT('',(3.,-5.,2.8));
#20196=CARTESIAN_POINT('',(5.,-5.,2.8));
#20197=CARTESIAN_POINT('',(5.,-5.,2.8));
#20198=CARTESIAN_POINT('',(-5.,-5.,2.8));
#20199=CARTESIAN_POINT('',(-5.,0.,6.));
#20200=CARTESIAN_POINT('',(-5.,-7.,6.));
#20201=CARTESIAN_POINT('',(-5.,-7.,0.));
#20202=CARTESIAN_POINT('',(-5.,-12.,6.));
#20203=CARTESIAN_POINT('',(-5.,-12.,0.));
#20204=CARTESIAN_POINT('',(-5.,0.,0.));
#20205=CARTESIAN_POINT('',(-5.,6.,2.8));
#20206=CARTESIAN_POINT('',(-5.,0.,2.8));
#20207=CARTESIAN_POINT('',(-5.,0.,6.));
#20208=CARTESIAN_POINT('',(-5.,0.,0.));
#20209=CARTESIAN_POINT('',(-5.,0.,0.));
#20210=CARTESIAN_POINT('',(5.,-14.,6.));
#20211=CARTESIAN_POINT('',(5.,-7.,6.));
#20212=CARTESIAN_POINT('',(5.,-7.,0.));
#20213=CARTESIAN_POINT('',(5.,-14.,0.));
#20214=CARTESIAN_POINT('',(5.,0.,0.));
#20215=CARTESIAN_POINT('',(5.,0.,6.));
#20216=CARTESIAN_POINT('',(5.,0.,2.8));
#20217=CARTESIAN_POINT('',(5.,-5.,2.8));
#20218=CARTESIAN_POINT('',(5.,-14.,0.));
#20219=CARTESIAN_POINT('',(5.,-12.,0.));
#20220=CARTESIAN_POINT('',(5.,-12.,6.));
#20221=CARTESIAN_POINT('',(4.33680868994202E-16,4.33680868994202E-16,0.));
#20222=CARTESIAN_POINT('',(4.33680868994202E-16,-7.,0.));
#20223=CARTESIAN_POINT('',(4.33680868994202E-16,4.33680868994202E-16,0.));
#20224=CARTESIAN_POINT('',(1.63717217160057E-16,0.,0.));
#20225=CARTESIAN_POINT('',(2.,0.,-1.00132854532145E-16));
#20226=CARTESIAN_POINT('',(4.33680868994202E-16,4.33680868994202E-16,0.));
#20227=CARTESIAN_POINT('',(4.33680868994202E-16,-12.,0.));
#20228=CARTESIAN_POINT('',(4.33680868994202E-16,4.33680868994202E-16,6.));
#20229=CARTESIAN_POINT('',(4.33680868994202E-16,4.33680868994202E-16,2.8));
#20230=CARTESIAN_POINT('',(0.,0.,2.8));
#20231=CARTESIAN_POINT('',(3.,-50.,2.8));
#20232=CARTESIAN_POINT('',(3.,-7.,2.8));
#20233=CARTESIAN_POINT('',(-3.,-50.,2.8));
#20234=CARTESIAN_POINT('',(-3.,-7.,2.8));
#20235=CARTESIAN_POINT('',(10.,-7.,2.8));
#20236=CARTESIAN_POINT('',(0.,0.,2.8));
#20237=CARTESIAN_POINT('',(4.15,0.,2.8));
#20238=CARTESIAN_POINT('',(0.,0.,2.015));
#20239=CARTESIAN_POINT('',(0.,0.,2.015));
#20240=CARTESIAN_POINT('',(4.15,0.,2.015));
#20241=CARTESIAN_POINT('',(0.,0.,2.015));
#20242=CARTESIAN_POINT('',(2.64601068101193E-16,0.,2.015));
#20243=CARTESIAN_POINT('',(3.76500000000004,0.,2.015));
#20244=CARTESIAN_POINT('',(10.,-7.,0.));
#20245=CARTESIAN_POINT('',(-2.99999999999993,-7.,-3.35708418135055E-13));
#20246=CARTESIAN_POINT('',(3.,-7.,0.));
#20247=CARTESIAN_POINT('',(10.,-12.,5.));
#20248=CARTESIAN_POINT('',(-3.00000000000006,-12.,4.99999999999966));
#20249=CARTESIAN_POINT('',(-3.,-12.,2.8));
#20250=CARTESIAN_POINT('',(10.,-12.,2.8));
#20251=CARTESIAN_POINT('',(3.,-12.,2.8));
#20252=CARTESIAN_POINT('',(3.,-12.,5.));
#20253=CARTESIAN_POINT('',(3.,-50.,2.8));
#20254=CARTESIAN_POINT('',(3.,-50.,2.8));
#20255=CARTESIAN_POINT('',(-3.,-50.,2.8));
#20256=CARTESIAN_POINT('',(3.,-50.,5.));
#20257=CARTESIAN_POINT('',(3.,-12.,52.8));
#20258=CARTESIAN_POINT('',(-3.,-50.,2.8));
#20259=CARTESIAN_POINT('',(-3.,-12.,52.8));
#20260=CARTESIAN_POINT('',(-3.,-50.,2.8));
#20261=CARTESIAN_POINT('',(-3.,-7.,52.8));
#20262=CARTESIAN_POINT('',(3.,-50.,5.));
#20263=CARTESIAN_POINT('',(3.,-7.,52.8));
#20264=CARTESIAN_POINT('',(-3.,-7.,52.8));
#20265=CARTESIAN_POINT('',(3.,-12.,52.8));
#20266=CARTESIAN_POINT('',(2.98896570778453E-16,0.,2.7));
#20267=CARTESIAN_POINT('',(2.05954679237714E-16,-1.44337567297406,2.60837567297406));
#20268=CARTESIAN_POINT('',(-0.195328387030024,-1.3306027761419,2.4956027761419));
#20269=CARTESIAN_POINT('',(-0.62097076371517,-1.08485803538422,2.33473556935793));
#20270=CARTESIAN_POINT('',(-1.05351914305261,-0.835126112136214,2.49493739732417));
#20271=CARTESIAN_POINT('',(-1.2500000000002,-0.721687836486917,2.60837567297349));
#20272=CARTESIAN_POINT('',(2.16840434497101E-16,-1.44337567297406,2.60837567297406));
#20273=CARTESIAN_POINT('',(-1.25,-0.721687836487032,2.60837567297407));
#20274=CARTESIAN_POINT('',(-1.25,-0.721687836487214,2.60837567297365));
#20275=CARTESIAN_POINT('',(-1.25,-0.497026551442154,2.4960450304511));
#20276=CARTESIAN_POINT('',(-1.25,-0.00160041996150783,2.33359949426424));
#20277=CARTESIAN_POINT('',(-1.25,0.498449085054306,2.4967562972577));
#20278=CARTESIAN_POINT('',(-1.25,0.721687836487033,2.60837567297406));
#20279=CARTESIAN_POINT('',(-1.25,0.721687836487032,2.60837567297407));
#20280=CARTESIAN_POINT('',(-1.25,0.721687836487032,2.60837567297407));
#20281=CARTESIAN_POINT('',(-1.05467161296998,0.834460733319192,2.49560277614191));
#20282=CARTESIAN_POINT('',(-0.629029236284829,1.08020547407687,2.33473556935793));
#20283=CARTESIAN_POINT('',(-0.196480856947385,1.32993739732488,2.49493739732417));
#20284=CARTESIAN_POINT('',(1.9911878884077E-13,1.44337567297418,2.60837567297349));
#20285=CARTESIAN_POINT('',(1.68072820489842E-16,1.44337567297406,2.60837567297406));
#20286=CARTESIAN_POINT('',(2.04825041595257E-16,1.44337567297406,2.60837567297406));
#20287=CARTESIAN_POINT('',(0.195328387030024,1.3306027761419,2.4956027761419));
#20288=CARTESIAN_POINT('',(0.620970763715171,1.08485803538422,2.33473556935793));
#20289=CARTESIAN_POINT('',(1.05351914305261,0.835126112136214,2.49493739732417));
#20290=CARTESIAN_POINT('',(1.2500000000002,0.721687836486917,2.60837567297349));
#20291=CARTESIAN_POINT('',(1.25,0.721687836487032,2.60837567297407));
#20292=CARTESIAN_POINT('',(1.25,0.721687836487214,2.60837567297365));
#20293=CARTESIAN_POINT('',(1.25,0.497026551442154,2.4960450304511));
#20294=CARTESIAN_POINT('',(1.25,0.00160041996150788,2.33359949426424));
#20295=CARTESIAN_POINT('',(1.25,-0.498449085054307,2.4967562972577));
#20296=CARTESIAN_POINT('',(1.25,-0.721687836487033,2.60837567297406));
#20297=CARTESIAN_POINT('',(1.25,-0.721687836487032,2.60837567297407));
#20298=CARTESIAN_POINT('',(1.25,-0.721687836487032,2.60837567297407));
#20299=CARTESIAN_POINT('',(1.05467161296998,-0.834460733319192,2.4956027761419));
#20300=CARTESIAN_POINT('',(0.62902923628483,-1.08020547407687,2.33473556935793));
#20301=CARTESIAN_POINT('',(0.196480856947386,-1.32993739732488,2.49493739732417));
#20302=CARTESIAN_POINT('',(-1.98815767146588E-13,-1.44337567297418,2.60837567297349));
#20303=CARTESIAN_POINT('',(2.98896570778453E-16,0.,2.7));
#20304=CARTESIAN_POINT('',(1.535,0.,2.7));
#20305=CARTESIAN_POINT('',(3.76500000000004,0.,2.7));
#20306=CARTESIAN_POINT('',(2.98896570778452E-16,0.,2.7));
#20307=CARTESIAN_POINT('',(3.76500000000004,0.,2.7));
#20308=CARTESIAN_POINT('',(2.22044604925031E-16,0.,1.165));
#20309=CARTESIAN_POINT('',(1.9683446660481E-33,0.,-3.27));
#20310=CARTESIAN_POINT('',(4.81482486096809E-32,0.,-3.27));
#20311=CARTESIAN_POINT('',(1.5705,0.,-3.27));
#20312=CARTESIAN_POINT('',(4.81482486096809E-32,0.,-3.27));
#20313=CARTESIAN_POINT('',(2.15035305107781E-17,0.,-2.8405));
#20314=CARTESIAN_POINT('',(2.,0.,-2.8405));
#20315=CARTESIAN_POINT('',(2.22044604925031E-16,0.,1.165));
#20316=CARTESIAN_POINT('',(-1.25,0.721687836487032,0.9));
#20317=CARTESIAN_POINT('',(-1.25,-0.721687836487032,0.9));
#20318=CARTESIAN_POINT('',(-1.25,-0.721687836487032,0.9));
#20319=CARTESIAN_POINT('',(-1.25,0.721687836487032,0.9));
#20320=CARTESIAN_POINT('',(-1.25,0.721687836487032,0.9));
#20321=CARTESIAN_POINT('',(-1.25,0.721687836487032,0.9));
#20322=CARTESIAN_POINT('',(-1.25,-0.721687836487032,0.9));
#20323=CARTESIAN_POINT('',(2.16840434497101E-16,-1.44337567297406,0.9));
#20324=CARTESIAN_POINT('',(2.16840434497101E-16,-1.44337567297406,0.9));
#20325=CARTESIAN_POINT('',(-1.25,-0.721687836487032,0.9));
#20326=CARTESIAN_POINT('',(2.98896570778453E-16,-1.44337567297406,0.9));
#20327=CARTESIAN_POINT('',(1.25,-0.721687836487032,0.9));
#20328=CARTESIAN_POINT('',(1.25,-0.721687836487032,0.9));
#20329=CARTESIAN_POINT('',(2.98896570778453E-16,-1.44337567297406,0.9));
#20330=CARTESIAN_POINT('',(1.25,-0.721687836487032,0.9));
#20331=CARTESIAN_POINT('',(1.25,0.721687836487032,0.9));
#20332=CARTESIAN_POINT('',(1.25,0.721687836487032,0.9));
#20333=CARTESIAN_POINT('',(1.25,-0.721687836487032,0.9));
#20334=CARTESIAN_POINT('',(1.25,0.721687836487032,0.9));
#20335=CARTESIAN_POINT('',(2.16840434497101E-16,1.44337567297406,0.9));
#20336=CARTESIAN_POINT('',(2.16840434497101E-16,1.44337567297406,0.9));
#20337=CARTESIAN_POINT('',(1.25,0.721687836487032,0.9));
#20338=CARTESIAN_POINT('',(2.98896570778453E-16,1.44337567297406,0.9));
#20339=CARTESIAN_POINT('',(2.98896570778453E-16,1.44337567297406,0.9));
#20340=CARTESIAN_POINT('',(0.,0.,0.9));
#20341=CARTESIAN_POINT('',(-12.6547453030497,-12.55,34.7686269690786));
#20342=CARTESIAN_POINT('',(12.6205432887172,-12.55,-34.674657707));
#20343=CARTESIAN_POINT('',(12.6205432887172,-12.55,-34.674657707));
#20344=CARTESIAN_POINT('',(0.,3.,0.));
#20345=CARTESIAN_POINT('',(-9.,3.,0.));
#20346=CARTESIAN_POINT('',(-9.,3.,1.05000000000001));
#20347=CARTESIAN_POINT('',(9.,3.,0.));
#20348=CARTESIAN_POINT('',(9.,3.,1.05000000000001));
#20349=CARTESIAN_POINT('',(0.,3.,0.));
#20350=CARTESIAN_POINT('',(0.,3.,-11.4));
#20351=CARTESIAN_POINT('',(0.,3.,0.));
#20352=CARTESIAN_POINT('',(0.,2.89999999999998,0.));
#20353=CARTESIAN_POINT('',(0.,2.89999999999998,-11.5));
#20354=CARTESIAN_POINT('',(0.,2.89999999999998,0.));
#20355=CARTESIAN_POINT('',(0.,3.,0.));
#20356=CARTESIAN_POINT('',(0.,3.,-11.6));
#20357=CARTESIAN_POINT('',(11.6,3.,0.));
#20358=CARTESIAN_POINT('',(0.,3.,0.));
#20359=CARTESIAN_POINT('',(0.,3.,-15.25));
#20360=CARTESIAN_POINT('',(0.,3.,0.));
#20361=CARTESIAN_POINT('',(0.,2.5,0.));
#20362=CARTESIAN_POINT('',(0.,2.5,-15.75));
#20363=CARTESIAN_POINT('',(0.,-3.,0.));
#20364=CARTESIAN_POINT('',(0.,0.,0.));
#20365=CARTESIAN_POINT('',(0.,0.,-15.75));
#20366=CARTESIAN_POINT('',(15.75,0.,0.));
#20367=CARTESIAN_POINT('',(25.,0.,0.));
#20368=CARTESIAN_POINT('',(25.,0.,-3.5));
#20369=CARTESIAN_POINT('',(17.6776695296637,0.,17.6776695296637));
#20370=CARTESIAN_POINT('',(17.6776695296637,0.,21.4276695296637));
#20371=CARTESIAN_POINT('',(17.6776695296637,0.,-17.6776695296637));
#20372=CARTESIAN_POINT('',(17.6776695296637,0.,-13.9276695296637));
#20373=CARTESIAN_POINT('',(-17.6776695296637,0.,-17.6776695296637));
#20374=CARTESIAN_POINT('',(-17.6776695296637,0.,-13.9276695296637));
#20375=CARTESIAN_POINT('',(-17.6776695296637,0.,17.6776695296637));
#20376=CARTESIAN_POINT('',(-17.6776695296637,0.,21.4276695296637));
#20377=CARTESIAN_POINT('',(0.,0.,0.));
#20378=CARTESIAN_POINT('',(0.,0.,-37.));
#20379=CARTESIAN_POINT('',(0.,0.,0.));
#20380=CARTESIAN_POINT('',(0.,-0.5,0.));
#20381=CARTESIAN_POINT('',(0.,-0.5,-37.5));
#20382=CARTESIAN_POINT('',(0.,-3.,0.));
#20383=CARTESIAN_POINT('',(0.,-2.4,0.));
#20384=CARTESIAN_POINT('',(0.,-2.4,-37.5));
#20385=CARTESIAN_POINT('',(0.,-2.4,0.));
#20386=CARTESIAN_POINT('',(0.,-2.5,0.));
#20387=CARTESIAN_POINT('',(0.,-2.5,-37.4));
#20388=CARTESIAN_POINT('',(0.,-2.5,0.));
#20389=CARTESIAN_POINT('',(0.,-2.6,0.));
#20390=CARTESIAN_POINT('',(0.,-2.6,-37.5));
#20391=CARTESIAN_POINT('',(0.,-3.,0.));
#20392=CARTESIAN_POINT('',(0.,-6.5,0.));
#20393=CARTESIAN_POINT('',(0.,-6.5,-37.5));
#20394=CARTESIAN_POINT('',(0.,-6.5,0.));
#20395=CARTESIAN_POINT('',(0.,-7.,0.));
#20396=CARTESIAN_POINT('',(0.,-7.,-37.));
#20397=CARTESIAN_POINT('',(37.,-7.,0.));
#20398=CARTESIAN_POINT('',(25.,-7.,0.));
#20399=CARTESIAN_POINT('',(25.,-7.,-3.));
#20400=CARTESIAN_POINT('',(17.6776695296637,-7.,17.6776695296637));
#20401=CARTESIAN_POINT('',(17.6776695296637,-7.,20.9276695296637));
#20402=CARTESIAN_POINT('',(17.6776695296637,-7.,-17.6776695296637));
#20403=CARTESIAN_POINT('',(17.6776695296637,-7.,-14.4276695296637));
#20404=CARTESIAN_POINT('',(-17.6776695296637,-7.,-17.6776695296637));
#20405=CARTESIAN_POINT('',(-17.6776695296637,-7.,-14.4276695296637));
#20406=CARTESIAN_POINT('',(-17.6776695296637,-7.,17.6776695296637));
#20407=CARTESIAN_POINT('',(-17.6776695296637,-7.,20.9276695296637));
#20408=CARTESIAN_POINT('',(0.,-7.,0.));
#20409=CARTESIAN_POINT('',(0.,-7.,-15.75));
#20410=CARTESIAN_POINT('',(0.,-3.,0.));
#20411=CARTESIAN_POINT('',(0.,-3.,0.));
#20412=CARTESIAN_POINT('',(0.,-3.,-15.75));
#20413=CARTESIAN_POINT('',(15.75,-3.,0.));
#20414=CARTESIAN_POINT('',(-17.6776695296637,0.,17.6776695296637));
#20415=CARTESIAN_POINT('',(-17.6776695296637,-0.5,17.6776695296637));
#20416=CARTESIAN_POINT('',(-17.6776695296637,-0.5,20.9276695296637));
#20417=CARTESIAN_POINT('',(-17.6776695296637,-0.5,17.6776695296637));
#20418=CARTESIAN_POINT('',(-17.6776695296637,0.,-17.6776695296637));
#20419=CARTESIAN_POINT('',(-17.6776695296637,-0.5,-17.6776695296637));
#20420=CARTESIAN_POINT('',(-17.6776695296637,-0.5,-14.4276695296637));
#20421=CARTESIAN_POINT('',(-17.6776695296637,-0.5,-17.6776695296637));
#20422=CARTESIAN_POINT('',(17.6776695296637,0.,-17.6776695296637));
#20423=CARTESIAN_POINT('',(17.6776695296637,-0.5,-17.6776695296637));
#20424=CARTESIAN_POINT('',(17.6776695296637,-0.5,-14.4276695296637));
#20425=CARTESIAN_POINT('',(17.6776695296637,-0.5,-17.6776695296637));
#20426=CARTESIAN_POINT('',(17.6776695296637,0.,17.6776695296637));
#20427=CARTESIAN_POINT('',(17.6776695296637,-0.5,17.6776695296637));
#20428=CARTESIAN_POINT('',(17.6776695296637,-0.5,20.9276695296637));
#20429=CARTESIAN_POINT('',(17.6776695296637,-0.5,17.6776695296637));
#20430=CARTESIAN_POINT('',(25.,0.,0.));
#20431=CARTESIAN_POINT('',(25.,-0.5,0.));
#20432=CARTESIAN_POINT('',(25.,-0.5,-3.));
#20433=CARTESIAN_POINT('',(25.,-7.,0.));
#20434=CARTESIAN_POINT('',(9.,0.869096350021005,0.));
#20435=CARTESIAN_POINT('',(9.,1.49999999999994,0.));
#20436=CARTESIAN_POINT('',(9.,1.49999999999994,1.05));
#20437=CARTESIAN_POINT('',(9.,0.869096350021005,0.));
#20438=CARTESIAN_POINT('',(9.,3.,0.));
#20439=CARTESIAN_POINT('',(-9.,0.869096350021004,0.));
#20440=CARTESIAN_POINT('',(-9.,1.49999999999994,0.));
#20441=CARTESIAN_POINT('',(-9.,1.49999999999994,1.05));
#20442=CARTESIAN_POINT('',(-9.,0.869096350021004,0.));
#20443=CARTESIAN_POINT('',(-9.,3.,0.));
#20444=CARTESIAN_POINT('',(0.,7.,0.));
#20445=MECHANICAL_DESIGN_GEOMETRIC_PRESENTATION_REPRESENTATION('',(#9184,
#9185,#9186,#9187,#9188,#9189,#9190,#9191,#9192,#9193,#9194,#9195,#9196,
#9197,#9198,#9199,#9200,#9201,#9202,#9203,#9204,#9205,#9206,#9207,#9208,
#9209,#9210,#9211,#9212,#9213,#9214,#9215,#9216,#9217,#9218,#9219,#9220,
#9221,#9222,#9223,#9224,#9225,#9226,#9227,#9228,#9229,#9230,#9231,#9232,
#9233,#9234,#9235,#9236,#9237,#9238,#9239,#9240,#9241,#9242,#9243,#9244,
#9245,#9246,#9247,#9248,#9249,#9250,#9251,#9252,#9253,#9254,#9255,#9256,
#9257,#9258,#9259,#9260,#9261,#9262,#9263,#9264,#9265,#9266,#9267,#9268,
#9269,#9270,#9271,#9272,#9273,#9274,#9275,#9276,#9277,#9278,#9279,#9280,
#9281,#9282,#9283,#9284,#9285,#9286,#9287,#9288,#9289,#9290,#9291,#9292,
#9293,#9294,#9295,#9296,#9297,#9298,#9299,#9300,#9301,#9302,#9303,#9304,
#9305,#9306,#9307,#9308,#9309,#9310,#9311,#9312,#9313,#9314,#9315,#9316,
#9317,#9318,#9319,#9320,#9321,#9322,#9323,#9324,#9325,#9326,#9327,#9328,
#9329,#9330,#9331,#9332,#9333,#9334,#9335,#9336,#9337,#9338,#9339,#9340,
#9341,#9342,#9343,#9344,#9345,#9346,#9347,#9348,#9349,#9350,#9351,#9352,
#9353,#9354,#9355,#9356,#9357,#9358,#9359,#9360,#9361,#9362,#9363,#9364,
#9365,#9366,#9367,#9368,#9369,#9370,#9371,#9372,#9373,#9374,#9375,#9376,
#9377,#9378,#9379,#9380,#9381,#9382,#9383,#9384,#9385,#9386,#9387,#9388,
#9389,#9390,#9391,#9392,#9393,#9394,#9395,#9396,#9397,#9398,#9399,#9400,
#9401,#9402,#9403,#9404,#9405,#9406,#9407,#9408,#9409,#9410,#9411,#9412,
#9413,#9414,#9415,#9416,#9417,#9418,#9419,#9420,#9421,#9422,#9423,#9424,
#9425,#9426,#9427,#9428,#9429,#9430,#9431,#9432,#9433,#9434,#9435,#9436,
#9437,#9438,#9439,#9440,#9441,#9442,#9443,#9444,#9445,#9446,#9447,#9448,
#9449,#9450,#9451,#9452,#9453,#9454,#9455,#9456,#9457,#9458,#9459,#9460,
#9461,#9462,#9463,#9464,#9465,#9466,#9467,#9468,#9469,#9470,#9471,#9472,
#9473,#9474,#9475,#9476,#9477,#9478,#9479,#9480,#9481,#9482,#9483,#9484,
#9485,#9486,#9487,#9488,#9489,#9490,#9491,#9492,#9493,#9494,#9495,#9496,
#9497,#9498,#9499,#9500,#9501,#9502,#9503,#9504,#9505,#9506,#9507,#9508,
#9509,#9510,#9511,#9512,#9513,#9514,#9515,#9516,#9517,#9518,#9519,#9520,
#9521,#9522,#9523,#9524,#9525,#9526,#9527,#9528,#9529,#9530,#9531,#9532,
#9533,#9534,#9535,#9536,#9537,#9538,#9539,#9540,#9541,#9542,#9543,#9544,
#9545,#9546,#9547,#9548,#9549,#9550,#9551,#9552,#9553,#9554,#9555,#9556,
#9557,#9558,#9559,#9560,#9561,#9562,#9563,#9564,#9565,#9566,#9567,#9568,
#9569,#9570,#9571,#9572,#9573,#9574,#9575,#9576,#9577,#9578,#9579,#9580,
#9581,#9582,#9583,#9584,#9585,#9586,#9587,#9588,#9589,#9590,#9591,#9592,
#9593,#9594,#9595,#9596,#9597,#9598,#9599,#9600,#9601,#9602),#20446);
#20446=(
GEOMETRIC_REPRESENTATION_CONTEXT(3)
GLOBAL_UNCERTAINTY_ASSIGNED_CONTEXT((#20457))
GLOBAL_UNIT_ASSIGNED_CONTEXT((#20470,#20469,#20468))
REPRESENTATION_CONTEXT('LWR50F-13-05-A','TOP_LEVEL_ASSEMBLY_PART')
);
#20447=(
GEOMETRIC_REPRESENTATION_CONTEXT(3)
GLOBAL_UNCERTAINTY_ASSIGNED_CONTEXT((#20458))
GLOBAL_UNIT_ASSIGNED_CONTEXT((#20470,#20469,#20468))
REPRESENTATION_CONTEXT('ZMOD121401','COMPONENT_PART')
);
#20448=(
GEOMETRIC_REPRESENTATION_CONTEXT(3)
GLOBAL_UNCERTAINTY_ASSIGNED_CONTEXT((#20459))
GLOBAL_UNIT_ASSIGNED_CONTEXT((#20470,#20469,#20468))
REPRESENTATION_CONTEXT('ZMOD115341','COMPONENT_PART')
);
#20449=(
GEOMETRIC_REPRESENTATION_CONTEXT(3)
GLOBAL_UNCERTAINTY_ASSIGNED_CONTEXT((#20460))
GLOBAL_UNIT_ASSIGNED_CONTEXT((#20470,#20469,#20468))
REPRESENTATION_CONTEXT('ZELE125596','COMPONENT_PART')
);
#20450=(
GEOMETRIC_REPRESENTATION_CONTEXT(3)
GLOBAL_UNCERTAINTY_ASSIGNED_CONTEXT((#20461))
GLOBAL_UNIT_ASSIGNED_CONTEXT((#20470,#20469,#20468))
REPRESENTATION_CONTEXT('120845','COMPONENT_PART')
);
#20451=(
GEOMETRIC_REPRESENTATION_CONTEXT(3)
GLOBAL_UNCERTAINTY_ASSIGNED_CONTEXT((#20462))
GLOBAL_UNIT_ASSIGNED_CONTEXT((#20470,#20469,#20468))
REPRESENTATION_CONTEXT('GewindestiftDIN913-3x3x0.5','COMPONENT_PART')
);
#20452=(
GEOMETRIC_REPRESENTATION_CONTEXT(3)
GLOBAL_UNCERTAINTY_ASSIGNED_CONTEXT((#20463))
GLOBAL_UNIT_ASSIGNED_CONTEXT((#20470,#20469,#20468))
REPRESENTATION_CONTEXT('ZylinderschraubeDIN912-6x20x11',
'COMPONENT_PART')
);
#20453=(
GEOMETRIC_REPRESENTATION_CONTEXT(3)
GLOBAL_UNCERTAINTY_ASSIGNED_CONTEXT((#20464))
GLOBAL_UNIT_ASSIGNED_CONTEXT((#20470,#20469,#20468))
REPRESENTATION_CONTEXT('ZylinderstiftDIN6325-6x18','COMPONENT_PART')
);
#20454=(
GEOMETRIC_REPRESENTATION_CONTEXT(3)
GLOBAL_UNCERTAINTY_ASSIGNED_CONTEXT((#20465))
GLOBAL_UNIT_ASSIGNED_CONTEXT((#20470,#20469,#20468))
REPRESENTATION_CONTEXT('GewindestiftDIN913-4x4x0.7','COMPONENT_PART')
);
#20455=(
GEOMETRIC_REPRESENTATION_CONTEXT(3)
GLOBAL_UNCERTAINTY_ASSIGNED_CONTEXT((#20466))
GLOBAL_UNIT_ASSIGNED_CONTEXT((#20470,#20469,#20468))
REPRESENTATION_CONTEXT('ZUB123084','COMPONENT_PART')
);
#20456=(
GEOMETRIC_REPRESENTATION_CONTEXT(3)
GLOBAL_UNCERTAINTY_ASSIGNED_CONTEXT((#20467))
GLOBAL_UNIT_ASSIGNED_CONTEXT((#20470,#20469,#20468))
REPRESENTATION_CONTEXT('113987','COMPONENT_PART')
);
#20457=UNCERTAINTY_MEASURE_WITH_UNIT(LENGTH_MEASURE(1.E-5),#20470,
'DISTANCE_ACCURACY_VALUE','Maximum Tolerance applied to model');
#20458=UNCERTAINTY_MEASURE_WITH_UNIT(LENGTH_MEASURE(1.E-5),#20470,
'DISTANCE_ACCURACY_VALUE','Maximum Tolerance applied to model');
#20459=UNCERTAINTY_MEASURE_WITH_UNIT(LENGTH_MEASURE(1.E-5),#20470,
'DISTANCE_ACCURACY_VALUE','Maximum Tolerance applied to model');
#20460=UNCERTAINTY_MEASURE_WITH_UNIT(LENGTH_MEASURE(1.E-5),#20470,
'DISTANCE_ACCURACY_VALUE','Maximum Tolerance applied to model');
#20461=UNCERTAINTY_MEASURE_WITH_UNIT(LENGTH_MEASURE(1.E-5),#20470,
'DISTANCE_ACCURACY_VALUE','Maximum Tolerance applied to model');
#20462=UNCERTAINTY_MEASURE_WITH_UNIT(LENGTH_MEASURE(1.E-5),#20470,
'DISTANCE_ACCURACY_VALUE','Maximum Tolerance applied to model');
#20463=UNCERTAINTY_MEASURE_WITH_UNIT(LENGTH_MEASURE(1.E-5),#20470,
'DISTANCE_ACCURACY_VALUE','Maximum Tolerance applied to model');
#20464=UNCERTAINTY_MEASURE_WITH_UNIT(LENGTH_MEASURE(1.E-5),#20470,
'DISTANCE_ACCURACY_VALUE','Maximum Tolerance applied to model');
#20465=UNCERTAINTY_MEASURE_WITH_UNIT(LENGTH_MEASURE(1.E-5),#20470,
'DISTANCE_ACCURACY_VALUE','Maximum Tolerance applied to model');
#20466=UNCERTAINTY_MEASURE_WITH_UNIT(LENGTH_MEASURE(1.E-5),#20470,
'DISTANCE_ACCURACY_VALUE','Maximum Tolerance applied to model');
#20467=UNCERTAINTY_MEASURE_WITH_UNIT(LENGTH_MEASURE(1.E-5),#20470,
'DISTANCE_ACCURACY_VALUE','Maximum Tolerance applied to model');
#20468=(
NAMED_UNIT(*)
SI_UNIT($,.STERADIAN.)
SOLID_ANGLE_UNIT()
);
#20469=(
NAMED_UNIT(*)
PLANE_ANGLE_UNIT()
SI_UNIT($,.RADIAN.)
);
#20470=(
LENGTH_UNIT()
NAMED_UNIT(*)
SI_UNIT(.MILLI.,.METRE.)
);
#20471=PRODUCT_DEFINITION_SHAPE('','',#20498);
#20472=PRODUCT_DEFINITION_SHAPE('','',#20499);
#20473=PRODUCT_DEFINITION_SHAPE(' ','NAUO PRDDFN',#33);
#20474=PRODUCT_DEFINITION_SHAPE('','',#20500);
#20475=PRODUCT_DEFINITION_SHAPE(' ','NAUO PRDDFN',#34);
#20476=PRODUCT_DEFINITION_SHAPE('','',#20501);
#20477=PRODUCT_DEFINITION_SHAPE(' ','NAUO PRDDFN',#35);
#20478=PRODUCT_DEFINITION_SHAPE('','',#20502);
#20479=PRODUCT_DEFINITION_SHAPE(' ','NAUO PRDDFN',#36);
#20480=PRODUCT_DEFINITION_SHAPE(' ','NAUO PRDDFN',#37);
#20481=PRODUCT_DEFINITION_SHAPE('','',#20503);
#20482=PRODUCT_DEFINITION_SHAPE(' ','NAUO PRDDFN',#38);
#20483=PRODUCT_DEFINITION_SHAPE('','',#20504);
#20484=PRODUCT_DEFINITION_SHAPE(' ','NAUO PRDDFN',#39);
#20485=PRODUCT_DEFINITION_SHAPE('','',#20505);
#20486=PRODUCT_DEFINITION_SHAPE(' ','NAUO PRDDFN',#40);
#20487=PRODUCT_DEFINITION_SHAPE(' ','NAUO PRDDFN',#41);
#20488=PRODUCT_DEFINITION_SHAPE(' ','NAUO PRDDFN',#42);
#20489=PRODUCT_DEFINITION_SHAPE(' ','NAUO PRDDFN',#43);
#20490=PRODUCT_DEFINITION_SHAPE('','',#20506);
#20491=PRODUCT_DEFINITION_SHAPE(' ','NAUO PRDDFN',#44);
#20492=PRODUCT_DEFINITION_SHAPE('','',#20507);
#20493=PRODUCT_DEFINITION_SHAPE(' ','NAUO PRDDFN',#45);
#20494=PRODUCT_DEFINITION_SHAPE(' ','NAUO PRDDFN',#46);
#20495=PRODUCT_DEFINITION_SHAPE(' ','NAUO PRDDFN',#47);
#20496=PRODUCT_DEFINITION_SHAPE('','',#20508);
#20497=PRODUCT_DEFINITION_SHAPE(' ','NAUO PRDDFN',#48);
#20498=PRODUCT_DEFINITION('','',#20520,#20509);
#20499=PRODUCT_DEFINITION('','',#20521,#20510);
#20500=PRODUCT_DEFINITION('','',#20522,#20511);
#20501=PRODUCT_DEFINITION('','',#20523,#20512);
#20502=PRODUCT_DEFINITION('','',#20524,#20513);
#20503=PRODUCT_DEFINITION('','',#20525,#20514);
#20504=PRODUCT_DEFINITION('','',#20526,#20515);
#20505=PRODUCT_DEFINITION('','',#20527,#20516);
#20506=PRODUCT_DEFINITION('','',#20528,#20517);
#20507=PRODUCT_DEFINITION('','',#20529,#20518);
#20508=PRODUCT_DEFINITION('','',#20530,#20519);
#20509=PRODUCT_DEFINITION_CONTEXT('',#20576,'design');
#20510=PRODUCT_DEFINITION_CONTEXT('',#20576,'design');
#20511=PRODUCT_DEFINITION_CONTEXT('',#20576,'design');
#20512=PRODUCT_DEFINITION_CONTEXT('',#20576,'design');
#20513=PRODUCT_DEFINITION_CONTEXT('',#20576,'design');
#20514=PRODUCT_DEFINITION_CONTEXT('',#20576,'design');
#20515=PRODUCT_DEFINITION_CONTEXT('',#20576,'design');
#20516=PRODUCT_DEFINITION_CONTEXT('',#20576,'design');
#20517=PRODUCT_DEFINITION_CONTEXT('',#20576,'design');
#20518=PRODUCT_DEFINITION_CONTEXT('',#20576,'design');
#20519=PRODUCT_DEFINITION_CONTEXT('',#20576,'design');
#20520=PRODUCT_DEFINITION_FORMATION_WITH_SPECIFIED_SOURCE('','',#20542,
 .NOT_KNOWN.);
#20521=PRODUCT_DEFINITION_FORMATION_WITH_SPECIFIED_SOURCE('','',#20543,
 .NOT_KNOWN.);
#20522=PRODUCT_DEFINITION_FORMATION_WITH_SPECIFIED_SOURCE('','',#20544,
 .NOT_KNOWN.);
#20523=PRODUCT_DEFINITION_FORMATION_WITH_SPECIFIED_SOURCE('','',#20545,
 .NOT_KNOWN.);
#20524=PRODUCT_DEFINITION_FORMATION_WITH_SPECIFIED_SOURCE('','',#20546,
 .NOT_KNOWN.);
#20525=PRODUCT_DEFINITION_FORMATION_WITH_SPECIFIED_SOURCE('','',#20547,
 .NOT_KNOWN.);
#20526=PRODUCT_DEFINITION_FORMATION_WITH_SPECIFIED_SOURCE('','',#20548,
 .NOT_KNOWN.);
#20527=PRODUCT_DEFINITION_FORMATION_WITH_SPECIFIED_SOURCE('','',#20549,
 .NOT_KNOWN.);
#20528=PRODUCT_DEFINITION_FORMATION_WITH_SPECIFIED_SOURCE('','',#20550,
 .NOT_KNOWN.);
#20529=PRODUCT_DEFINITION_FORMATION_WITH_SPECIFIED_SOURCE('','',#20551,
 .NOT_KNOWN.);
#20530=PRODUCT_DEFINITION_FORMATION_WITH_SPECIFIED_SOURCE('','',#20552,
 .NOT_KNOWN.);
#20531=PRODUCT_RELATED_PRODUCT_CATEGORY('','',(#20542));
#20532=PRODUCT_RELATED_PRODUCT_CATEGORY('','',(#20543));
#20533=PRODUCT_RELATED_PRODUCT_CATEGORY('','',(#20544));
#20534=PRODUCT_RELATED_PRODUCT_CATEGORY('','',(#20545));
#20535=PRODUCT_RELATED_PRODUCT_CATEGORY('','',(#20546));
#20536=PRODUCT_RELATED_PRODUCT_CATEGORY('','',(#20547));
#20537=PRODUCT_RELATED_PRODUCT_CATEGORY('','',(#20548));
#20538=PRODUCT_RELATED_PRODUCT_CATEGORY('','',(#20549));
#20539=PRODUCT_RELATED_PRODUCT_CATEGORY('','',(#20550));
#20540=PRODUCT_RELATED_PRODUCT_CATEGORY('','',(#20551));
#20541=PRODUCT_RELATED_PRODUCT_CATEGORY('','',(#20552));
#20542=PRODUCT('LWR50F-13-05-A','LWR50F-13-05-A','LWR50F-13-05-A',(#20564));
#20543=PRODUCT('ZMOD121401','ZMOD121401','ZMOD121401',(#20565));
#20544=PRODUCT('ZMOD115341','ZMOD115341','ZMOD115341',(#20566));
#20545=PRODUCT('ZELE125596','ZELE125596','ZELE125596',(#20567));
#20546=PRODUCT('120845','120845','120845',(#20568));
#20547=PRODUCT('GewindestiftDIN913-3x3x0.5',
'GewindestiftDIN913-3x3x0.5','GewindestiftDIN913-3x3x0.5',(#20569));
#20548=PRODUCT('ZylinderschraubeDIN912-6x20x11',
'ZylinderschraubeDIN912-6x20x11','ZylinderschraubeDIN912-6x20x11',(#20570));
#20549=PRODUCT('ZylinderstiftDIN6325-6x18','ZylinderstiftDIN6325-6x18',
'ZylinderstiftDIN6325-6x18',(#20571));
#20550=PRODUCT('GewindestiftDIN913-4x4x0.7',
'GewindestiftDIN913-4x4x0.7','GewindestiftDIN913-4x4x0.7',(#20572));
#20551=PRODUCT('ZUB123084','ZUB123084','ZUB123084',(#20573));
#20552=PRODUCT('113987','113987','113987',(#20574));
#20553=PRODUCT_CATEGORY('','');
#20554=PRODUCT_CATEGORY('','');
#20555=PRODUCT_CATEGORY('','');
#20556=PRODUCT_CATEGORY('','');
#20557=PRODUCT_CATEGORY('','');
#20558=PRODUCT_CATEGORY('','');
#20559=PRODUCT_CATEGORY('','');
#20560=PRODUCT_CATEGORY('','');
#20561=PRODUCT_CATEGORY('','');
#20562=PRODUCT_CATEGORY('','');
#20563=PRODUCT_CATEGORY('','');
#20564=PRODUCT_CONTEXT('',#20576,'mechanical');
#20565=PRODUCT_CONTEXT('',#20576,'mechanical');
#20566=PRODUCT_CONTEXT('',#20576,'mechanical');
#20567=PRODUCT_CONTEXT('',#20576,'mechanical');
#20568=PRODUCT_CONTEXT('',#20576,'mechanical');
#20569=PRODUCT_CONTEXT('',#20576,'mechanical');
#20570=PRODUCT_CONTEXT('',#20576,'mechanical');
#20571=PRODUCT_CONTEXT('',#20576,'mechanical');
#20572=PRODUCT_CONTEXT('',#20576,'mechanical');
#20573=PRODUCT_CONTEXT('',#20576,'mechanical');
#20574=PRODUCT_CONTEXT('',#20576,'mechanical');
#20575=APPLICATION_PROTOCOL_DEFINITION('international standard',
'ap242_managed_model_based_3d_engineering',2011,#20576);
#20576=APPLICATION_CONTEXT('managed model based 3d engineering');
ENDSEC;
END-ISO-10303-21;
